# This file uses centimeters as units for non-parametric coordinates.

mtllib ENV_ARMARIOS.mtl
g default
v -6.451165 0.343028 1.377541
v -0.811389 0.343028 1.377541
v -0.811389 8.300367 1.377541
v -6.451165 8.300367 1.377541
v -6.451165 0.343028 -0.917824
v -0.811389 0.343028 -0.917824
v -0.811389 8.300367 -0.917824
v -6.451165 8.300367 -0.917824
v -3.221486 0.343028 1.377541
v -3.221486 0.343028 -0.917824
v -3.221486 8.300367 -0.917824
v -3.221486 8.300367 1.377541
v -3.019114 0.343028 1.377541
v -3.019114 0.343028 -0.917824
v -3.019114 8.300367 -0.917824
v -3.019114 8.300367 1.377541
v -6.720910 0.219919 1.341444
v -6.757007 0.219918 1.254298
v -6.720910 0.132772 1.254298
v -6.633764 0.096675 1.254298
v -6.633764 0.132772 1.341444
v -6.633764 0.219918 1.377541
v -3.227723 0.219839 1.377541
v -3.232133 0.132749 1.341421
v -3.233960 0.096675 1.254219
v -6.633764 8.510623 1.341444
v -6.633764 8.546721 1.254298
v -6.720910 8.510623 1.254298
v -6.757007 8.423477 1.254298
v -6.720910 8.423477 1.341444
v -6.633764 8.423477 1.377541
v -3.227723 8.423556 1.377541
v -3.232133 8.510647 1.341421
v -3.233960 8.546721 1.254219
v -6.720910 8.423477 -1.341444
v -6.757007 8.423477 -1.254298
v -6.720910 8.510623 -1.254298
v -6.633764 8.546721 -1.254298
v -6.633764 8.510623 -1.341444
v -6.633764 8.423477 -1.377541
v -3.233960 8.546721 -1.254298
v -3.233960 8.510623 -1.341444
v -3.233960 8.423477 -1.377541
v -6.720910 0.132772 -1.254298
v -6.757007 0.219918 -1.254298
v -6.720910 0.219918 -1.341444
v -6.633764 0.219918 -1.377541
v -6.633764 0.132772 -1.341444
v -6.633764 0.096675 -1.254298
v -3.233960 0.219918 -1.377541
v -3.233960 0.132772 -1.341444
v -3.233960 0.096675 -1.254298
v -0.628790 0.132772 1.341444
v -0.628790 0.096675 1.254298
v -0.541644 0.132772 1.254299
v -0.505547 0.219918 1.254298
v -0.541644 0.219919 1.341444
v -0.628790 0.219918 1.377541
v -0.628790 8.510623 1.341444
v -0.628790 8.423477 1.377541
v -0.541644 8.423477 1.341444
v -0.505547 8.423477 1.254298
v -0.541644 8.510623 1.254299
v -0.628790 8.546721 1.254298
v -0.628790 8.510623 -1.341444
v -0.628790 8.546721 -1.254298
v -0.541644 8.510623 -1.254298
v -0.505547 8.423477 -1.254298
v -0.541644 8.423477 -1.341444
v -0.628790 8.423477 -1.377541
v -0.628790 0.132772 -1.341444
v -0.628790 0.219918 -1.377541
v -0.541644 0.219918 -1.341444
v -0.505547 0.219918 -1.254298
v -0.541644 0.132772 -1.254298
v -0.628790 0.096675 -1.254298
v -3.011984 0.219815 1.377541
v -3.006946 0.132742 1.341413
v -3.004859 0.096675 1.254195
v -3.011984 8.423580 1.377541
v -3.006946 8.510654 1.341413
v -3.004859 8.546721 1.254195
v -3.004859 8.546721 -1.254298
v -3.004859 8.510623 -1.341444
v -3.004859 8.423477 -1.377541
v -3.004859 0.219918 -1.377541
v -3.004859 0.132772 -1.341444
v -3.004859 0.096675 -1.254298
v -6.704893 0.148789 1.325427
v -6.704893 8.494607 1.325427
v -6.704893 8.494607 -1.325427
v -6.704893 0.148789 -1.325427
v -0.557661 0.148789 1.325428
v -0.557661 8.494607 1.325428
v -0.557661 8.494607 -1.325427
v -0.557661 0.148789 -1.325427
vt 0.997355 0.553954
vt 0.997355 0.755822
vt 0.939125 0.755822
vt 0.939125 0.553954
vt 0.730873 0.845943
vt 0.730873 0.644075
vt 0.789103 0.644075
vt 0.789103 0.845943
vt 0.001992 0.002116
vt 0.180590 0.002116
vt 0.180590 0.621260
vt 0.001992 0.621261
vt 0.186667 0.002267
vt 0.365265 0.002267
vt 0.365265 0.621411
vt 0.186667 0.621411
vt 0.145935 0.651189
vt 0.148743 0.651908
vt 0.085304 0.896864
vt 0.082490 0.896129
vt 0.145972 0.648979
vt 0.148378 0.649422
vt 0.151559 0.652637
vt 0.088121 0.897593
vt 0.081771 0.898947
vt 0.084244 0.899139
vt 0.071200 0.631983
vt 0.007622 0.876713
vt 0.071930 0.629195
vt 0.006877 0.879526
vt 0.004806 0.875986
vt 0.068388 0.631248
vt 0.069445 0.628986
vt 0.004596 0.878477
vt 0.001992 0.875256
vt 0.065574 0.630517
vt 0.372247 0.558825
vt 0.375128 0.558175
vt 0.434334 0.807614
vt 0.431467 0.808298
vt 0.374466 0.555389
vt 0.373519 0.557039
vt 0.451388 0.540077
vt 0.510609 0.789506
vt 0.435001 0.810485
vt 0.432448 0.810609
vt 0.369378 0.559506
vt 0.428599 0.808979
vt 0.450719 0.537208
vt 0.513477 0.788830
vt 0.454255 0.539392
vt 0.511302 0.792369
vt 0.453250 0.537083
vt 0.513578 0.791358
vt 0.516346 0.788149
vt 0.457123 0.538711
vt 0.518691 0.967304
vt 0.518691 0.835254
vt 0.612541 0.835254
vt 0.612541 0.967304
vt 0.159162 0.628425
vt 0.337760 0.628425
vt 0.337760 0.879720
vt 0.159162 0.879720
vt 0.341873 0.993262
vt 0.341873 0.814664
vt 0.513652 0.814664
vt 0.513652 0.993262
vt 0.707189 0.944062
vt 0.616924 0.944062
vt 0.616924 0.850213
vt 0.707190 0.850213
vt 0.924046 0.635615
vt 0.924792 0.640168
vt 0.806055 0.658218
vt 0.805414 0.653744
vt 0.930827 0.635615
vt 0.930191 0.639679
vt 0.800974 0.654436
vt 0.801840 0.658086
vt 0.780786 0.492920
vt 0.899258 0.473920
vt 0.903745 0.473084
vt 0.935340 0.634917
vt 0.934502 0.640542
vt 0.776330 0.493605
vt 0.798350 0.659876
vt 0.796512 0.655143
vt 0.779125 0.482172
vt 0.897448 0.463136
vt 0.901901 0.462500
vt 0.908210 0.472121
vt 0.771873 0.494288
vt 0.774698 0.482881
vt 0.761293 0.370819
vt 0.879067 0.351697
vt 0.883454 0.350966
vt 0.906366 0.462002
vt 0.770274 0.483588
vt 0.756903 0.371521
vt 0.878388 0.347259
vt 0.760530 0.366393
vt 0.882576 0.347418
vt 0.887865 0.350205
vt 0.752484 0.372202
vt 0.756560 0.367886
vt 0.885978 0.345675
vt 0.752773 0.367351
vt 0.567355 0.826124
vt 0.567936 0.821718
vt 0.685471 0.840342
vt 0.684811 0.844774
vt 0.563418 0.821040
vt 0.561820 0.825469
vt 0.593331 0.662344
vt 0.710841 0.681111
vt 0.689870 0.841053
vt 0.689009 0.844639
vt 0.588922 0.661549
vt 0.557984 0.825226
vt 0.558962 0.820317
vt 0.595054 0.651613
vt 0.712552 0.670384
vt 0.715259 0.681815
vt 0.694290 0.841780
vt 0.692467 0.846403
vt 0.584536 0.660633
vt 0.590620 0.651000
vt 0.612879 0.540381
vt 0.730313 0.559163
vt 0.716968 0.671088
vt 0.719678 0.682519
vt 0.586168 0.650525
vt 0.608491 0.539666
vt 0.613547 0.535950
vt 0.731061 0.554745
vt 0.734706 0.559854
vt 0.721383 0.671791
vt 0.604077 0.538928
vt 0.609356 0.536085
vt 0.735003 0.556181
vt 0.739129 0.560530
vt 0.605906 0.534315
vt 0.738835 0.555579
vt 0.596288 0.003463
vt 0.601622 0.529552
vt 0.588242 0.529688
vt 0.582908 0.003599
vt 0.747594 0.528077
vt 0.742250 0.001983
vt 0.374714 0.531857
vt 0.369378 0.005767
vt 0.949364 0.547314
vt 0.941090 0.547314
vt 0.942659 0.345407
vt 0.947794 0.345407
vt 0.877239 0.710494
vt 0.881894 0.710543
vt 0.879870 0.894397
vt 0.875184 0.894348
vt 0.877048 0.707829
vt 0.882000 0.707904
vt 0.880168 0.897287
vt 0.874922 0.897355
vt 0.800234 0.704905
vt 0.804294 0.707898
vt 0.932867 0.707349
vt 0.928815 0.710168
vt 0.936027 0.894892
vt 0.931752 0.892158
vt 0.791777 0.894236
vt 0.796203 0.891511
vt 0.998008 0.338532
vt 0.859002 0.338532
vt 0.859004 0.003120
vt 0.998008 0.003118
vt 0.849635 0.338532
vt 0.849637 0.003120
vt 0.752486 0.338531
vt 0.752484 0.003119
vn 0.000000 1.000000 0.000000
vn 0.000000 1.000000 0.000000
vn 0.000000 1.000000 0.000000
vn 0.000000 1.000000 0.000000
vn -1.000000 0.000000 -0.000000
vn -1.000000 0.000000 -0.000000
vn -1.000000 0.000000 -0.000000
vn -1.000000 0.000000 -0.000000
vn 0.000000 -1.000000 0.000000
vn 0.000000 -1.000000 0.000000
vn 0.000000 -1.000000 0.000000
vn 0.000000 -1.000000 0.000000
vn 1.000000 0.000000 0.000000
vn 1.000000 0.000000 0.000000
vn 1.000000 0.000000 0.000000
vn 1.000000 0.000000 0.000000
vn 0.000000 0.000000 1.000000
vn 0.000000 0.000000 1.000000
vn 0.000000 0.000000 1.000000
vn 0.000000 0.000000 1.000000
vn 0.000000 1.000000 0.000000
vn 0.000000 1.000000 0.000000
vn 0.000000 1.000000 0.000000
vn 0.000000 1.000000 0.000000
vn 0.000000 -1.000000 -0.000000
vn 0.000000 -1.000000 -0.000000
vn 0.000000 -1.000000 -0.000000
vn 0.000000 -1.000000 -0.000000
vn 1.000000 0.000000 0.000000
vn 1.000000 0.000000 0.000000
vn 1.000000 0.000000 0.000000
vn 1.000000 0.000000 0.000000
vn 0.000000 0.000000 -1.000000
vn 0.000000 0.000000 -1.000000
vn 0.000000 0.000000 -1.000000
vn 0.000000 0.000000 -1.000000
vn -1.000000 0.000000 0.000000
vn -1.000000 0.000000 0.000000
vn -1.000000 0.000000 0.000000
vn -1.000000 0.000000 0.000000
vn 0.000000 0.000000 1.000000
vn 0.000000 0.000000 1.000000
vn 0.000000 0.000000 1.000000
vn 0.000000 0.000000 1.000000
vn -0.999895 -0.004305 0.013857
vn -0.923970 -0.002006 0.382459
vn -0.923970 0.002006 0.382459
vn -0.999895 0.004305 0.013857
vn -0.382335 -0.003116 0.924019
vn -0.132570 -0.055424 0.989623
vn -0.132570 0.055424 0.989623
vn -0.382335 0.003116 0.924019
vn -0.010251 -0.999852 0.013804
vn -0.381689 -0.924249 0.008782
vn -0.381689 -0.924249 -0.008782
vn -0.010250 -0.999852 -0.013805
vn -0.924272 -0.381620 0.009363
vn -0.999895 -0.004305 -0.013857
vn -0.924272 -0.381620 -0.009362
vn -0.007926 -0.381991 0.924132
vn -0.000003 -0.382908 0.923787
vn -0.000001 -0.164836 0.986321
vn -0.005284 -0.924196 0.381881
vn 0.000000 -0.999902 0.013977
vn 0.000003 -0.923974 0.382455
vn -0.924273 0.381618 0.009362
vn -0.924273 0.381618 -0.009362
vn -0.999895 0.004305 -0.013857
vn -0.381692 0.924248 0.008782
vn -0.010251 0.999852 0.013805
vn -0.010251 0.999852 -0.013805
vn -0.381692 0.924248 -0.008782
vn -0.923970 0.002006 -0.382459
vn -0.923970 -0.002006 -0.382459
vn -0.382335 0.003116 -0.924019
vn -0.010297 0.004298 -0.999938
vn -0.010297 -0.004298 -0.999938
vn -0.382335 -0.003116 -0.924018
vn 0.999895 -0.004305 0.013857
vn 0.924271 -0.381623 0.009363
vn 0.924271 -0.381623 -0.009362
vn 0.999895 -0.004305 -0.013857
vn 0.381691 -0.924248 0.008783
vn 0.014511 -0.999800 0.013764
vn 0.014511 -0.999800 -0.013763
vn 0.381691 -0.924248 -0.008782
vn 0.140149 -0.041201 0.989273
vn 0.382335 -0.003116 0.924018
vn 0.382335 0.003116 0.924018
vn 0.140149 0.041201 0.989273
vn 0.923970 -0.002006 0.382460
vn 0.999895 0.004305 0.013857
vn 0.923970 0.002006 0.382460
vn 0.011223 0.381671 0.924230
vn 0.000004 0.382972 0.923760
vn 0.000001 0.165312 0.986241
vn 0.007508 0.924309 0.381571
vn 0.014511 0.999800 0.013764
vn -0.000000 0.999902 0.013981
vn -0.000003 0.923999 0.382396
vn 0.381693 0.924248 0.008783
vn 0.381693 0.924248 -0.008782
vn 0.014511 0.999800 -0.013763
vn 0.924271 0.381621 0.009363
vn 0.999895 0.004305 -0.013857
vn 0.924271 0.381621 -0.009362
vn 0.007518 0.924199 -0.381837
vn 0.000000 0.923878 -0.382687
vn 0.000000 0.999903 -0.013905
vn 0.011237 0.381404 -0.924340
vn 0.014576 0.004275 -0.999885
vn 0.000000 0.004354 -0.999991
vn 0.000000 0.382682 -0.923880
vn 0.382335 0.003116 -0.924019
vn 0.382335 -0.003116 -0.924019
vn 0.014576 -0.004275 -0.999885
vn 0.923970 0.002006 -0.382459
vn 0.923970 -0.002006 -0.382459
vn 0.011237 -0.381407 -0.924339
vn 0.000000 -0.382686 -0.923879
vn 0.000000 -0.004354 -0.999991
vn 0.007518 -0.924200 -0.381835
vn 0.000000 -0.999903 -0.013905
vn 0.000000 -0.923879 -0.382685
vn 0.000000 0.999902 0.013978
vn 0.000000 0.999903 -0.013905
vn 0.000000 0.004354 -0.999991
vn 0.000000 -0.004354 -0.999991
vn 0.000000 -0.999903 -0.013905
vn 0.000000 0.000000 1.000000
vn -0.000000 0.000000 1.000000
vn -0.000000 0.000000 1.000000
vn -0.000001 0.164835 0.986321
vn 0.000000 0.000000 1.000000
vn 0.000001 -0.165313 0.986241
vn -0.000000 -0.999902 0.013980
vn 0.000003 -0.382975 0.923759
vn -0.000003 -0.924000 0.382393
vn -0.005284 0.924194 0.381888
vn 0.000003 0.923971 0.382462
vn -0.007926 0.381991 0.924132
vn -0.000003 0.382908 0.923787
vn -0.007931 0.381786 -0.924217
vn 0.000000 0.382683 -0.923880
vn -0.005289 0.924108 -0.382094
vn 0.000000 0.923877 -0.382690
vn -0.005289 -0.924111 -0.382087
vn 0.000000 -0.923880 -0.382683
vn -0.007931 -0.381788 -0.924216
vn 0.000000 -0.382685 -0.923879
vn 0.007508 -0.924310 0.381569
vn 0.011223 -0.381674 0.924229
vn -0.325271 -0.325269 0.887918
vn -0.887917 -0.325270 0.325274
vn -0.325270 -0.887917 0.325272
vn -0.325270 0.325269 0.887919
vn -0.325271 0.887916 0.325274
vn -0.887918 0.325269 0.325271
vn -0.325271 0.325270 -0.887918
vn -0.887918 0.325270 -0.325270
vn -0.325273 0.887917 -0.325271
vn -0.325272 -0.887917 -0.325270
vn -0.887916 -0.325274 -0.325272
vn -0.325272 -0.325271 -0.887917
vn 0.325272 -0.325267 0.887919
vn 0.325270 -0.887917 0.325274
vn 0.887918 -0.325266 0.325274
vn 0.325268 0.887919 0.325271
vn 0.325269 0.325267 0.887920
vn 0.887920 0.325266 0.325270
vn 0.325271 0.325270 -0.887918
vn 0.325272 0.887917 -0.325271
vn 0.887919 0.325269 -0.325269
vn 0.325270 -0.887918 -0.325271
vn 0.325271 -0.325271 -0.887917
vn 0.887918 -0.325270 -0.325270
vn 0.000000 0.000000 1.000000
vn 0.000000 0.000000 1.000000
vn 0.000000 0.000000 1.000000
vn 0.000000 0.000000 1.000000
vn 0.000000 0.000000 1.000000
vn 0.000000 0.000000 1.000000
vn 0.000000 0.000000 1.000000
vn 0.000000 0.000000 1.000000
s off
g pCube1 Closet_1
usemtl lambert2SG
f 1/57/1 9/58/2 10/59/3 5/60/4
f 2/1/5 3/2/6 7/3/7 6/4/8
f 11/61/9 12/62/10 4/63/11 8/64/12
f 4/5/13 1/6/14 5/7/15 8/8/16
f 14/145/17 15/146/18 11/147/19 10/148/20
f 14/65/21 13/66/22 2/67/23 6/68/24
f 3/69/25 16/70/26 15/71/27 7/72/28
f 13/9/29 14/10/30 15/11/31 16/12/32
f 14/153/33 10/154/34 11/155/35 15/156/36
f 10/13/37 9/14/38 12/15/39 11/16/40
s 1
f 9/157/41 13/158/42 16/159/43 12/160/44
s 2
f 18/17/45 17/18/46 30/19/47 29/20/48
s 1
f 17/18/49 22/23/50 31/24/51 30/19/52
s 4
f 20/73/53 19/74/54 44/75/55 49/76/56
s 2
f 19/21/57 18/17/45 45/27/58 44/29/59
s 1
f 22/84/50 21/77/60 24/83/61 23/92/62
s 4
f 21/77/63 20/73/53 25/82/64 24/83/65
s 2
f 29/20/48 28/25/66 37/30/67 36/28/68
s 5
f 28/109/69 27/110/70 38/111/71 37/112/72
s 2
f 36/28/68 35/31/73 46/32/74 45/27/58
s 6
f 35/31/75 40/35/76 47/36/77 46/32/78
s 7
f 56/38/79 55/41/80 75/49/81 74/43/82
s 4
f 55/101/83 54/96/84 76/95/85 75/102/86
s 1
f 58/47/87 57/37/88 61/40/89 60/48/90
s 7
f 57/37/91 56/38/79 62/39/92 61/40/93
s 1
f 60/139/90 59/134/94 81/128/95 80/133/96
s 5
f 59/134/97 64/129/98 82/122/99 81/128/100
f 64/129/98 63/135/101 67/136/102 66/130/103
s 7
f 63/45/104 62/39/92 68/44/105 67/52/106
s 5
f 66/130/103 65/137/107 84/131/108 83/123/109
s 6
f 65/137/110 70/142/111 85/138/112 84/131/113
f 70/55/111 69/50/114 73/51/115 72/56/116
s 7
f 69/50/117 68/44/105 74/43/82 73/51/118
s 6
f 72/105/116 71/100/119 87/94/120 86/99/121
s 4
f 71/100/122 76/95/85 88/89/123 87/94/124
s 5
f 27/110/70 34/115/125 41/116/126 38/111/71
s 6
f 40/173/76 43/174/127 50/175/128 47/176/77
s 4
f 49/76/56 52/81/129 25/82/64 20/73/53
s 7
f 56/38/79 74/43/82 68/44/105 62/39/92
s 2
f 45/27/58 18/17/45 29/20/48 36/28/68
s 1
f 22/165/50 23/161/62 9/157/41 1/166/130
f 58/167/87 60/169/90 3/170/131 2/168/132
f 12/160/44 32/164/133 31/171/51 4/172/134
f 31/171/51 22/165/50 1/166/130 4/172/134
f 9/157/41 23/161/62 77/162/135 13/158/42
f 16/159/43 80/163/96 32/164/133 12/160/44
s 5
f 41/116/126 34/115/125 82/122/99 83/123/109
s 6
f 50/175/128 43/174/127 85/177/112 86/178/121
s 4
f 25/82/64 52/81/129 88/89/123 79/90/136
s 1
f 13/158/42 77/162/135 58/167/87 2/168/132
f 60/169/90 80/163/96 16/159/43 3/170/131
s 5
f 83/123/109 82/122/99 64/129/98 66/130/103
s 6
f 86/178/121 85/177/112 70/179/111 72/180/116
s 4
f 79/90/136 88/89/123 76/95/85 54/96/84
s 1
f 23/92/62 24/83/61 78/91/137 77/98/135
s 4
f 24/83/65 25/82/64 79/90/136 78/91/138
s 5
f 27/110/70 26/113/139 33/119/140 34/115/125
s 1
f 26/113/141 31/121/51 32/127/133 33/119/142
s 6
f 40/125/76 39/117/143 42/124/144 43/132/127
s 5
f 39/117/145 38/111/71 41/116/126 42/124/146
s 4
f 49/76/56 48/79/147 51/86/148 52/81/129
s 6
f 48/79/149 47/88/77 50/93/128 51/86/150
s 4
f 54/96/84 53/97/151 78/91/138 79/90/136
s 1
f 53/97/152 58/104/87 77/98/135 78/91/137
s 5
f 34/115/125 33/119/140 81/128/100 82/122/99
s 1
f 33/119/142 32/127/133 80/133/96 81/128/95
s 6
f 43/132/127 42/124/144 84/131/113 85/138/112
s 5
f 42/124/146 41/116/126 83/123/109 84/131/108
s 4
f 52/81/129 51/86/148 87/94/124 88/89/123
s 6
f 51/86/150 50/93/128 86/99/121 87/94/120
s 1
f 21/77/60 22/84/50 17/85/49 89/78/153
s 2
f 17/18/46 18/17/45 19/21/57 89/22/154
s 4
f 19/74/54 20/73/53 21/77/63 89/78/155
s 1
f 30/120/52 31/121/51 26/113/141 90/114/156
s 5
f 26/113/139 27/110/70 28/109/69 90/114/157
s 2
f 28/25/66 29/20/48 30/19/47 90/26/158
s 6
f 39/117/143 40/125/76 35/126/75 91/118/159
s 2
f 35/31/73 36/28/68 37/30/67 91/34/160
s 5
f 37/112/72 38/111/71 39/117/145 91/118/161
s 4
f 48/79/147 49/76/56 44/75/55 92/80/162
s 2
f 44/29/59 45/27/58 46/32/74 92/33/163
s 6
f 46/87/78 47/88/77 48/79/149 92/80/164
s 1
f 57/107/88 58/104/87 53/97/152 93/103/165
s 4
f 53/97/151 54/96/84 55/101/83 93/103/166
s 7
f 55/41/80 56/38/79 57/37/91 93/42/167
s 5
f 63/135/101 64/129/98 59/134/97 94/140/168
s 1
f 59/134/94 60/139/90 61/143/89 94/140/169
s 7
f 61/40/93 62/39/92 63/45/104 94/46/170
s 6
f 69/144/114 70/142/111 65/137/110 95/141/171
s 5
f 65/137/107 66/130/103 67/136/102 95/141/172
s 7
f 67/52/106 68/44/105 69/50/117 95/54/173
s 4
f 75/102/86 76/95/85 71/100/122 96/106/174
s 6
f 71/100/119 72/105/116 73/108/115 96/106/175
s 7
f 73/51/118 74/43/82 75/49/81 96/53/176
s off
f 10/148/177 11/147/178 8/151/179 5/152/180
f 7/149/181 15/146/182 14/145/183 6/150/184
g default
v -3.095532 5.317963 1.151880
v -3.068188 5.306636 1.151880
v -3.068188 5.317963 1.179225
v -3.068188 5.345307 1.190551
v -3.095532 5.345307 1.179225
v -3.106858 5.345307 1.151880
v -0.574266 5.317963 1.151880
v -0.562940 5.345307 1.151880
v -0.574266 5.345307 1.179225
v -0.601610 5.345307 1.190551
v -0.601610 5.317963 1.179225
v -0.601610 5.306636 1.151880
v -3.095532 5.488681 1.151880
v -3.106858 5.461337 1.151880
v -3.095532 5.461337 1.179225
v -3.068188 5.461337 1.190551
v -3.068188 5.488681 1.179225
v -3.068188 5.500007 1.151880
v -0.574266 5.488681 1.151880
v -0.601610 5.500007 1.151880
v -0.601610 5.488681 1.179225
v -0.601610 5.461337 1.190551
v -0.574266 5.461337 1.179225
v -0.562940 5.461337 1.151880
v -3.095532 5.461337 -0.924319
v -3.106858 5.461337 -0.896975
v -3.095532 5.488681 -0.896975
v -3.068188 5.500007 -0.896975
v -3.068188 5.488681 -0.924319
v -3.068188 5.461337 -0.935646
v -0.574266 5.461337 -0.924319
v -0.601610 5.461337 -0.935646
v -0.601610 5.488681 -0.924319
v -0.601610 5.500007 -0.896975
v -0.574266 5.488681 -0.896975
v -0.562940 5.461337 -0.896975
v -3.095532 5.317963 -0.896975
v -3.106858 5.345307 -0.896975
v -3.095532 5.345307 -0.924319
v -3.068188 5.345307 -0.935646
v -3.068188 5.317963 -0.924319
v -3.068188 5.306636 -0.896975
v -0.574266 5.317963 -0.896975
v -0.601610 5.306636 -0.896975
v -0.601610 5.317963 -0.924319
v -0.601610 5.345307 -0.935646
v -0.574266 5.345307 -0.924319
v -0.562940 5.345307 -0.896975
v -3.090507 5.322989 1.174199
v -0.579292 5.322989 1.174199
v -3.090507 5.483656 1.174199
v -0.579292 5.483656 1.174199
v -3.090507 5.483656 -0.919294
v -0.579292 5.483656 -0.919294
v -3.090507 5.322989 -0.919294
v -0.579292 5.322989 -0.919294
vt 0.378800 0.995453
vt 0.378800 0.049995
vt 0.621200 0.995453
vt 0.629547 0.049995
vt 0.378800 0.200006
vt 0.621200 0.200006
vt 0.629547 0.200006
vt 0.129547 0.049995
vt 0.378800 0.495453
vt 0.621200 0.495453
vt 0.870453 0.200006
vt 0.870453 0.049995
vt 0.621200 0.754547
vt 0.378800 0.700005
vt 0.621200 0.700005
vt 0.621200 0.049995
vt 0.378800 0.254547
vt 0.621200 0.254547
vt 0.378800 0.549994
vt 0.621200 0.549994
vt 0.378800 0.754547
vt 0.370453 0.049995
vt 0.370453 0.200006
vt 0.129547 0.200006
vt 0.375000 0.993112
vt 0.368112 0.000000
vt 0.381717 0.000000
vt 0.381717 1.000000
vt 0.374890 0.049962
vt 0.631888 0.000000
vt 0.625000 0.993112
vt 0.625110 0.049962
vt 0.618283 1.000000
vt 0.618283 0.000000
vt 0.368112 0.250000
vt 0.375000 0.256888
vt 0.374890 0.200038
vt 0.378380 0.246739
vt 0.625000 0.256888
vt 0.631888 0.250000
vt 0.621620 0.246739
vt 0.625110 0.200038
vt 0.125000 0.215263
vt 0.375000 0.534737
vt 0.375000 0.493112
vt 0.131888 0.250000
vt 0.378380 0.503261
vt 0.625000 0.534737
vt 0.875000 0.215263
vt 0.621620 0.503261
vt 0.868112 0.250000
vt 0.625000 0.493112
vt 0.131888 0.000000
vt 0.375000 0.756888
vt 0.375000 0.715264
vt 0.125000 0.034736
vt 0.378380 0.746739
vt 0.625000 0.756888
vt 0.868112 0.000000
vt 0.621620 0.746739
vt 0.875000 0.034736
vt 0.625000 0.715264
vt 0.375000 1.000000
vt 0.375000 0.000000
vt 0.625000 0.000000
vt 0.625000 1.000000
vt 0.375000 0.250000
vt 0.625000 0.250000
vt 0.125000 0.250000
vt 0.375000 0.500000
vt 0.625000 0.500000
vt 0.875000 0.250000
vt 0.125000 0.000000
vt 0.375000 0.750000
vt 0.625000 0.750000
vt 0.875000 0.000000
vn -0.004490 -0.999975 0.005404
vn -0.381990 -0.924146 0.006186
vn -0.381990 -0.924146 -0.006186
vn -0.004490 -0.999975 -0.005404
vn -0.923922 -0.382581 0.000929
vn -0.996901 -0.078498 0.005147
vn -0.996901 -0.078498 -0.005147
vn -0.923922 -0.382581 -0.000929
vn -0.004282 -0.078538 0.996902
vn -0.000677 -0.382607 0.923911
vn 0.000677 -0.382607 0.923911
vn 0.004282 -0.078538 0.996902
vn -0.005183 -0.924107 0.382099
vn 0.004490 -0.999975 0.005404
vn 0.005183 -0.924107 0.382099
vn -0.925005 -0.054262 0.376061
vn -0.925005 0.054262 0.376060
vn -0.996901 0.078498 0.005147
vn -0.376035 -0.054482 0.925002
vn -0.004282 0.078539 0.996902
vn -0.376034 0.054482 0.925003
vn 0.996901 -0.078498 0.005147
vn 0.923922 -0.382579 0.000929
vn 0.923922 -0.382579 -0.000929
vn 0.996901 -0.078498 -0.005147
vn 0.381986 -0.924147 0.006186
vn 0.004490 -0.999975 -0.005404
vn 0.381986 -0.924147 -0.006186
vn 0.376030 -0.054482 0.925004
vn 0.376030 0.054482 0.925005
vn 0.004282 0.078539 0.996902
vn 0.925005 -0.054262 0.376059
vn 0.996901 0.078498 0.005147
vn 0.925006 0.054262 0.376058
vn -0.923920 0.382585 0.000929
vn -0.923920 0.382585 -0.000929
vn -0.996901 0.078498 -0.005147
vn -0.381990 0.924146 0.006185
vn -0.004490 0.999975 0.005404
vn -0.004490 0.999975 -0.005404
vn -0.381990 0.924146 -0.006185
vn -0.005182 0.924107 0.382099
vn 0.005182 0.924107 0.382099
vn 0.004490 0.999975 0.005404
vn -0.000677 0.382611 0.923909
vn 0.000677 0.382611 0.923909
vn 0.381986 0.924147 0.006185
vn 0.381986 0.924147 -0.006185
vn 0.004490 0.999975 -0.005404
vn 0.923921 0.382583 0.000929
vn 0.996901 0.078498 -0.005147
vn 0.923921 0.382583 -0.000929
vn -0.925005 0.054262 -0.376061
vn -0.925004 -0.054262 -0.376062
vn -0.376034 0.054482 -0.925003
vn -0.004282 0.078539 -0.996902
vn -0.004282 -0.078538 -0.996902
vn -0.376035 -0.054482 -0.925003
vn -0.000677 0.382611 -0.923909
vn 0.000677 0.382611 -0.923909
vn 0.004282 0.078539 -0.996902
vn -0.005182 0.924106 -0.382100
vn 0.005182 0.924107 -0.382100
vn 0.376030 0.054482 -0.925005
vn 0.376031 -0.054482 -0.925004
vn 0.004282 -0.078538 -0.996902
vn 0.925005 0.054262 -0.376059
vn 0.925005 -0.054262 -0.376061
vn -0.005183 -0.924106 -0.382100
vn 0.005183 -0.924106 -0.382100
vn -0.000677 -0.382607 -0.923911
vn 0.000677 -0.382607 -0.923911
vn -0.887921 -0.325263 0.325270
vn -0.325278 -0.887914 0.325274
vn -0.325272 -0.325268 0.887918
vn 0.325275 -0.887915 0.325275
vn 0.887919 -0.325265 0.325273
vn 0.325269 -0.325268 0.887919
vn -0.325261 0.887927 0.325256
vn -0.887924 0.325261 0.325264
vn -0.325267 0.325266 0.887921
vn 0.887922 0.325264 0.325266
vn 0.325257 0.887928 0.325257
vn 0.325265 0.325266 0.887922
vn -0.325268 0.325267 -0.887920
vn -0.887923 0.325264 -0.325264
vn -0.325262 0.887925 -0.325259
vn 0.887923 0.325260 -0.325267
vn 0.325264 0.325267 -0.887921
vn 0.325257 0.887927 -0.325258
vn -0.325279 -0.887913 -0.325275
vn -0.887919 -0.325267 -0.325271
vn -0.325272 -0.325269 -0.887918
vn 0.887919 -0.325264 -0.325274
vn 0.325275 -0.887914 -0.325276
vn 0.325269 -0.325270 -0.887919
s 1
g Closet_1 pCube4
usemtl lambert3SG
f 98/181/185 97/205/186 133/234/187 138/201/188
s 2
f 97/206/189 102/202/190 134/188/191 133/233/192
s 3
f 100/182/193 99/207/194 107/214/195 106/196/196
s 1
f 99/208/197 98/181/185 108/183/198 107/213/199
s 2
f 102/202/190 101/209/200 111/217/201 110/203/202
s 3
f 101/209/203 100/182/193 112/185/204 111/217/205
s 4
f 104/184/206 103/210/207 139/239/208 144/192/209
s 1
f 103/211/210 108/183/198 140/193/211 139/238/212
s 3
f 106/196/196 105/212/213 119/222/214 118/186/215
s 4
f 105/212/216 104/184/206 120/187/217 119/222/218
s 2
f 110/203/202 109/215/219 123/226/220 122/204/221
s 5
f 109/216/222 114/197/223 124/189/224 123/225/225
f 114/197/223 113/218/226 117/221/227 116/198/228
s 3
f 113/218/229 112/185/204 118/186/215 117/221/230
s 5
f 116/198/228 115/219/231 131/232/232 130/190/233
s 4
f 115/220/234 120/187/217 132/191/235 131/231/236
s 2
f 122/204/221 121/223/237 135/236/238 134/188/191
s 6
f 121/224/239 126/199/240 136/194/241 135/235/242
f 126/199/240 125/227/243 129/230/244 128/200/245
s 5
f 125/227/246 124/189/224 130/190/233 129/230/247
s 6
f 128/200/245 127/228/248 143/242/249 142/195/250
s 4
f 127/229/251 132/191/235 144/192/209 143/241/252
s 1
f 138/201/188 137/237/253 141/240/254 140/193/211
s 6
f 137/237/255 136/194/241 142/195/250 141/240/256
s 3
f 100/182/193 106/196/196 118/186/215 112/185/204
s 5
f 114/197/223 116/198/228 130/190/233 124/189/224
s 6
f 126/199/240 128/200/245 142/195/250 136/194/241
s 1
f 138/201/188 140/193/211 108/183/198 98/181/185
s 4
f 104/184/206 144/192/209 132/191/235 120/187/217
s 2
f 134/188/191 102/202/190 110/203/202 122/204/221
f 101/209/200 102/202/190 97/206/189 145/244/257
s 1
f 97/205/186 98/181/185 99/208/197 145/243/258
s 3
f 99/207/194 100/182/193 101/209/203 145/244/259
s 1
f 107/213/199 108/183/198 103/211/210 146/246/260
s 4
f 103/210/207 104/184/206 105/212/216 146/245/261
s 3
f 105/212/213 106/196/196 107/214/195 146/245/262
s 5
f 113/218/226 114/197/223 109/216/222 147/247/263
s 2
f 109/215/219 110/203/202 111/217/201 147/247/264
s 3
f 111/217/205 112/185/204 113/218/229 147/247/265
s 4
f 119/222/218 120/187/217 115/220/234 148/248/266
s 5
f 115/219/231 116/198/228 117/221/227 148/248/267
s 3
f 117/221/230 118/186/215 119/222/214 148/248/268
s 6
f 125/227/243 126/199/240 121/224/239 149/250/269
s 2
f 121/223/237 122/204/221 123/226/220 149/249/270
s 5
f 123/225/225 124/189/224 125/227/246 149/250/271
s 4
f 131/231/236 132/191/235 127/229/251 150/252/272
s 6
f 127/228/248 128/200/245 129/230/244 150/251/273
s 5
f 129/230/247 130/190/233 131/232/232 150/251/274
s 1
f 137/237/253 138/201/188 133/234/187 151/254/275
s 2
f 133/233/192 134/188/191 135/236/238 151/253/276
s 6
f 135/235/242 136/194/241 137/237/255 151/254/277
s 4
f 143/241/252 144/192/209 139/239/208 152/256/278
s 1
f 139/238/212 140/193/211 141/240/254 152/255/279
s 6
f 141/240/256 142/195/250 143/242/249 152/255/280
g default
v -3.447474 7.141238 0.126609
v -3.447474 7.052675 0.089925
v -3.447474 6.964116 0.126609
v -3.447474 6.927430 0.215171
v -3.447474 6.964116 0.303733
v -3.447474 7.052675 0.340417
v -3.447474 7.141238 0.303733
v -3.447474 7.177921 0.215171
v -6.214357 7.141238 0.126609
v -6.214357 7.052675 0.089925
v -6.214357 6.964116 0.126609
v -6.214357 6.927430 0.215171
v -6.214357 6.964116 0.303733
v -6.214357 7.052675 0.340417
v -6.214357 7.141238 0.303733
v -6.214357 7.177921 0.215171
v -3.191471 7.141238 0.126609
v -3.191471 7.052675 0.089925
v -3.191471 7.177921 0.215171
v -3.191471 7.141238 0.303733
v -3.191471 7.052675 0.340417
v -3.191471 6.964116 0.303733
v -3.191471 6.927430 0.215171
v -3.191471 6.964116 0.126609
v -6.470361 7.052675 0.089925
v -6.470361 6.964116 0.126609
v -6.470361 6.927430 0.215171
v -6.470361 6.964116 0.303733
v -6.470361 7.052675 0.340417
v -6.470361 7.141238 0.303733
v -6.470361 7.177921 0.215171
v -6.470361 7.141238 0.126609
v -6.470361 6.939905 0.102400
v -6.438027 6.915701 0.078196
v -6.438027 7.052675 0.021460
v -6.470361 7.052675 0.055689
v -6.470361 6.893193 0.215171
v -6.438027 6.858964 0.215171
v -6.470361 6.939905 0.327942
v -6.438027 6.915701 0.352146
v -6.470361 7.052675 0.374653
v -6.438027 7.052675 0.408882
v -6.470361 7.165446 0.327942
v -6.438027 7.189650 0.352146
v -6.470361 7.212158 0.215171
v -6.438027 7.246387 0.215171
v -6.470361 7.165447 0.102400
v -6.438027 7.189651 0.078196
v -6.214357 7.052675 0.055689
v -6.246691 7.052675 0.021460
v -6.214357 6.939905 0.102400
v -6.246691 6.915701 0.078196
v -6.214357 6.893193 0.215171
v -6.246691 6.858964 0.215171
v -6.214357 6.939905 0.327942
v -6.246691 6.915701 0.352146
v -6.214357 7.052675 0.374653
v -6.246691 7.052675 0.408882
v -6.214357 7.165446 0.327942
v -6.246691 7.189650 0.352146
v -6.214357 7.212158 0.215171
v -6.246691 7.246387 0.215171
v -6.214357 7.165447 0.102400
v -6.246691 7.189651 0.078196
v -3.191471 7.165446 0.102400
v -3.223804 7.189650 0.078196
v -3.223804 7.052675 0.021460
v -3.191471 7.052675 0.055689
v -3.191471 7.212158 0.215171
v -3.223804 7.246387 0.215171
v -3.191471 7.165446 0.327942
v -3.223804 7.189650 0.352146
v -3.191471 7.052675 0.374653
v -3.223804 7.052675 0.408883
v -3.191471 6.939905 0.327942
v -3.223804 6.915701 0.352146
v -3.191471 6.893193 0.215171
v -3.223804 6.858964 0.215171
v -3.191471 6.939905 0.102400
v -3.223804 6.915701 0.078196
v -3.447474 7.165446 0.102400
v -3.415140 7.189650 0.078196
v -3.447474 7.052675 0.055689
v -3.415140 7.052675 0.021460
v -3.447474 7.212158 0.215171
v -3.415140 7.246387 0.215171
v -3.447474 7.165446 0.327942
v -3.415140 7.189650 0.352146
v -3.447474 7.052675 0.374653
v -3.415140 7.052675 0.408883
v -3.447474 6.939905 0.327942
v -3.415140 6.915701 0.352146
v -3.447474 6.893193 0.215171
v -3.415140 6.858964 0.215171
v -3.447474 6.939905 0.102400
v -3.415140 6.915701 0.078196
vt 0.372857 0.694397
vt 0.357969 0.694390
vt 0.358174 0.264644
vt 0.373062 0.264651
vt 0.343078 0.694383
vt 0.343285 0.264638
vt 0.453382 0.893859
vt 0.422172 0.893843
vt 0.663662 0.027112
vt 0.693497 0.035444
vt 0.392145 0.885457
vt 0.633781 0.018760
vt 0.641816 0.741357
vt 0.633727 0.671900
vt 0.723365 0.661462
vt 0.731453 0.730919
vt 0.625638 0.602443
vt 0.715275 0.592004
vt 0.378973 0.273343
vt 0.378973 0.243494
vt 0.417494 0.243494
vt 0.417494 0.273343
vt 0.378973 0.213645
vt 0.417494 0.213645
vt 0.954570 0.549467
vt 0.977002 0.729361
vt 0.749520 0.758345
vt 0.725102 0.580829
vt 0.313995 0.001912
vt 0.773653 0.933086
vt 0.317956 0.479558
vt 0.321053 0.716674
vt 0.014918 0.721231
vt 0.010912 0.484029
vt 0.324539 0.953507
vt 0.018676 0.958140
vt 0.963644 0.351263
vt 0.949203 0.345149
vt 0.943290 0.330604
vt 0.949346 0.316138
vt 0.963830 0.310139
vt 0.978341 0.316086
vt 0.984445 0.330552
vt 0.978556 0.345086
vt 0.963671 0.356880
vt 0.945222 0.349083
vt 0.937712 0.330572
vt 0.945416 0.312184
vt 0.963813 0.304563
vt 0.982263 0.312118
vt 0.990042 0.330518
vt 0.982510 0.349076
vt 0.939579 0.354656
vt 0.963660 0.364870
vt 0.929801 0.330530
vt 0.939846 0.306584
vt 0.963792 0.296665
vt 0.987827 0.306495
vt 0.997973 0.330469
vt 0.988168 0.354718
vt 0.423399 0.330918
vt 0.442075 0.338811
vt 0.449732 0.357625
vt 0.441898 0.376358
vt 0.423149 0.384124
vt 0.404364 0.376417
vt 0.396475 0.357699
vt 0.404100 0.338912
vt 0.423365 0.323655
vt 0.447220 0.333717
vt 0.456959 0.357659
vt 0.446987 0.381471
vt 0.423166 0.391338
vt 0.399278 0.381552
vt 0.389234 0.357736
vt 0.398988 0.333752
vt 0.454517 0.326502
vt 0.423367 0.313323
vt 0.467199 0.357714
vt 0.454200 0.388720
vt 0.423192 0.401564
vt 0.392076 0.388831
vt 0.378973 0.357793
vt 0.391681 0.326448
vt 0.428009 0.287404
vt 0.419992 0.287399
vt 0.430449 0.262151
vt 0.436123 0.267817
vt 0.435834 0.305343
vt 0.430503 0.310932
vt 0.454523 0.252944
vt 0.454340 0.260665
vt 0.440101 0.271910
vt 0.433717 0.287323
vt 0.439606 0.301431
vt 0.453794 0.312163
vt 0.453994 0.319805
vt 0.477407 0.263281
vt 0.471863 0.268543
vt 0.454241 0.266099
vt 0.453653 0.306770
vt 0.471440 0.304355
vt 0.476898 0.309696
vt 0.486455 0.286624
vt 0.478818 0.286541
vt 0.467949 0.272256
vt 0.467557 0.300567
vt 0.473395 0.286473
vt 0.929336 0.263212
vt 0.921988 0.264290
vt 0.928311 0.241406
vt 0.933962 0.245783
vt 0.939299 0.280218
vt 0.934766 0.286101
vt 0.948667 0.229997
vt 0.949514 0.237080
vt 0.937946 0.248841
vt 0.934582 0.262526
vt 0.942460 0.275978
vt 0.956765 0.284705
vt 0.957820 0.291773
vt 0.971341 0.236295
vt 0.966941 0.241998
vt 0.950097 0.242080
vt 0.956045 0.279733
vt 0.971959 0.275391
vt 0.977726 0.279596
vt 0.983318 0.256736
vt 0.976189 0.257788
vt 0.963809 0.246041
vt 0.967884 0.272441
vt 0.971134 0.258542
vt 0.362119 0.877073
vt 0.603852 0.010395
vt 0.332095 0.868692
vt 0.573877 0.002022
vt 0.328188 0.694376
vt 0.723284 0.043774
vt 0.649906 0.810814
vt 0.739543 0.800375
vt 0.657994 0.880271
vt 0.747631 0.869834
vt 0.617550 0.532985
vt 0.707186 0.522545
vt 0.609460 0.463528
vt 0.699098 0.453089
vt 0.930195 0.371374
vt 0.700514 0.403008
vt 0.905627 0.193276
vt 0.675873 0.224996
vt 0.315535 0.241666
vt 0.006553 0.245659
vt 0.483122 0.902172
vt 0.328397 0.264631
vt 0.998008 0.903850
vt 0.001992 0.005456
vn -0.000000 0.382683 -0.923880
vn -0.000000 0.382683 -0.923880
vn -0.000000 0.382683 -0.923880
vn -0.000000 0.382683 -0.923880
vn -0.000000 -0.382693 -0.923876
vn -0.000000 -0.382693 -0.923875
vn -0.000000 -0.382693 -0.923875
vn -0.000000 -0.382693 -0.923876
vn -0.000000 -0.923871 -0.382703
vn -0.000000 -0.923871 -0.382703
vn -0.000000 -0.923871 -0.382703
vn -0.000000 -0.923871 -0.382703
vn -0.000000 -0.923872 0.382702
vn -0.000000 -0.923872 0.382702
vn -0.000000 -0.923872 0.382702
vn -0.000000 -0.923872 0.382702
vn -0.000000 -0.382691 0.923877
vn -0.000000 -0.382691 0.923876
vn -0.000000 -0.382691 0.923876
vn -0.000000 -0.382691 0.923876
vn -0.000000 0.382680 0.923881
vn -0.000000 0.382680 0.923881
vn -0.000000 0.382680 0.923881
vn -0.000000 0.382680 0.923881
vn -0.000000 0.923880 0.382681
vn -0.000000 0.923880 0.382681
vn -0.000000 0.923880 0.382681
vn -0.000000 0.923880 0.382681
vn -0.000000 0.923880 -0.382682
vn -0.000000 0.923880 -0.382682
vn -0.000000 0.923880 -0.382682
vn -0.000000 0.923880 -0.382682
vn 1.000000 0.000000 0.000000
vn 1.000000 0.000000 0.000000
vn 1.000000 0.000000 0.000000
vn 1.000000 0.000000 -0.000000
vn 1.000000 0.000000 -0.000000
vn 1.000000 0.000000 -0.000000
vn 1.000000 0.000000 0.000000
vn 1.000000 0.000000 0.000000
vn -1.000000 0.000000 -0.000000
vn -1.000000 0.000000 -0.000000
vn -1.000000 0.000000 -0.000000
vn -1.000000 0.000000 -0.000000
vn -1.000000 0.000000 -0.000000
vn -1.000000 0.000000 -0.000000
vn -1.000000 0.000000 -0.000000
vn -1.000000 0.000000 -0.000000
vn -0.699209 -0.660497 -0.273589
vn -0.699209 -0.660497 -0.273589
vn -0.699209 -0.660497 -0.273589
vn -0.699209 -0.660497 -0.273589
vn -0.699208 -0.273587 -0.660498
vn -0.699208 -0.273587 -0.660498
vn -0.699208 -0.273587 -0.660498
vn -0.699208 -0.273587 -0.660498
vn -0.699211 0.273585 -0.660496
vn -0.699211 0.273585 -0.660496
vn -0.699211 0.273585 -0.660496
vn -0.699211 0.273585 -0.660496
vn -0.699209 -0.660497 0.273588
vn -0.699209 -0.660497 0.273588
vn -0.699209 -0.660497 0.273588
vn -0.699209 -0.660497 0.273588
vn -0.699209 -0.273586 0.660498
vn -0.699209 -0.273586 0.660498
vn -0.699209 -0.273586 0.660498
vn -0.699209 -0.273586 0.660498
vn -0.699212 0.273586 0.660495
vn -0.699212 0.273586 0.660495
vn -0.699212 0.273586 0.660495
vn -0.699212 0.273586 0.660495
vn -0.699212 0.660494 0.273589
vn -0.699212 0.660494 0.273589
vn -0.699212 0.660494 0.273589
vn -0.699212 0.660494 0.273589
vn -0.699211 0.660496 -0.273585
vn -0.699211 0.660496 -0.273585
vn -0.699211 0.660496 -0.273585
vn -0.699211 0.660496 -0.273585
vn -1.000000 0.000000 -0.000001
vn -1.000000 0.000000 -0.000001
vn -1.000000 0.000000 -0.000001
vn -1.000000 0.000000 -0.000001
vn -1.000000 0.000000 0.000001
vn -1.000000 0.000000 0.000001
vn -1.000000 0.000000 -0.000001
vn -1.000000 0.000000 0.000000
vn 0.699217 0.273582 -0.660491
vn 0.699217 0.273582 -0.660491
vn 0.699217 0.273582 -0.660491
vn 0.699217 0.273582 -0.660491
vn 0.699217 -0.273585 -0.660489
vn 0.699217 -0.273585 -0.660489
vn 0.699217 -0.273585 -0.660489
vn 0.699217 -0.273585 -0.660489
vn 0.699216 -0.660490 -0.273585
vn 0.699217 -0.660490 -0.273585
vn 0.699216 -0.660490 -0.273585
vn 0.699216 -0.660490 -0.273585
vn 0.699217 -0.660490 0.273585
vn 0.699217 -0.660491 0.273585
vn 0.699217 -0.660490 0.273585
vn 0.699217 -0.660490 0.273585
vn 0.699217 -0.273584 0.660490
vn 0.699217 -0.273584 0.660490
vn 0.699217 -0.273584 0.660490
vn 0.699218 -0.273584 0.660490
vn 0.699218 0.273583 0.660490
vn 0.699218 0.273583 0.660490
vn 0.699218 0.273583 0.660490
vn 0.699218 0.273583 0.660490
vn 0.699219 0.660488 0.273585
vn 0.699219 0.660488 0.273585
vn 0.699219 0.660488 0.273585
vn 0.699219 0.660488 0.273585
vn 0.699219 0.660489 -0.273581
vn 0.699219 0.660489 -0.273581
vn 0.699219 0.660489 -0.273581
vn 0.699219 0.660489 -0.273581
vn 1.000000 0.000000 -0.000000
vn 1.000000 0.000000 -0.000000
vn 1.000000 0.000000 -0.000000
vn 1.000000 0.000000 -0.000000
vn 1.000000 0.000000 -0.000000
vn 1.000000 0.000000 -0.000000
vn 1.000000 0.000000 0.000000
vn 1.000000 0.000000 0.000000
vn 1.000000 0.000000 0.000000
vn 1.000000 0.000000 0.000000
vn 1.000000 0.000000 0.000000
vn 1.000000 0.000000 0.000000
vn 1.000000 0.000000 0.000000
vn 1.000000 0.000000 0.000000
vn 1.000000 0.000000 -0.000000
vn 1.000000 0.000000 -0.000000
vn -0.000000 -0.382684 -0.923879
vn -0.000000 -0.382684 -0.923879
vn -0.000000 -0.382684 -0.923879
vn -0.000000 -0.382684 -0.923879
vn -0.000000 -0.923878 -0.382686
vn -0.000000 -0.923878 -0.382686
vn -0.000000 -0.923878 -0.382686
vn -0.000000 -0.923878 -0.382686
vn 0.000000 -0.923879 0.382685
vn 0.000000 -0.923879 0.382685
vn 0.000000 -0.923879 0.382685
vn 0.000000 -0.923879 0.382685
vn 0.000000 -0.382683 0.923880
vn 0.000000 -0.382683 0.923880
vn 0.000000 -0.382683 0.923880
vn 0.000000 -0.382683 0.923880
vn 0.000000 0.382682 0.923880
vn 0.000000 0.382682 0.923880
vn 0.000000 0.382682 0.923880
vn 0.000000 0.382682 0.923880
vn 0.000000 0.923879 0.382685
vn 0.000000 0.923879 0.382685
vn 0.000000 0.923879 0.382685
vn 0.000000 0.923879 0.382685
vn 0.000000 0.923881 -0.382680
vn 0.000000 0.923881 -0.382680
vn 0.000000 0.923881 -0.382680
vn 0.000000 0.923881 -0.382680
vn 0.000000 0.382681 -0.923881
vn 0.000000 0.382681 -0.923881
vn 0.000000 0.382681 -0.923881
vn 0.000000 0.382681 -0.923881
vn 0.699219 0.660487 -0.273586
vn 0.699219 0.660487 -0.273586
vn 0.699219 0.660487 -0.273586
vn 0.699219 0.660487 -0.273586
vn 0.699217 0.273583 -0.660490
vn 0.699217 0.273583 -0.660490
vn 0.699217 0.273583 -0.660490
vn 0.699217 0.273583 -0.660490
vn 0.699216 -0.273585 -0.660491
vn 0.699216 -0.273585 -0.660491
vn 0.699216 -0.273585 -0.660491
vn 0.699216 -0.273585 -0.660491
vn 0.699219 0.660488 0.273585
vn 0.699219 0.660488 0.273585
vn 0.699219 0.660488 0.273585
vn 0.699219 0.660488 0.273585
vn 0.699218 0.273583 0.660490
vn 0.699218 0.273583 0.660490
vn 0.699218 0.273583 0.660490
vn 0.699218 0.273583 0.660490
vn 0.699217 -0.273585 0.660489
vn 0.699217 -0.273585 0.660489
vn 0.699217 -0.273585 0.660489
vn 0.699217 -0.273585 0.660489
vn 0.699216 -0.660490 0.273585
vn 0.699216 -0.660490 0.273585
vn 0.699216 -0.660490 0.273585
vn 0.699216 -0.660490 0.273585
vn 0.699216 -0.660490 -0.273586
vn 0.699216 -0.660490 -0.273586
vn 0.699216 -0.660490 -0.273586
vn 0.699216 -0.660490 -0.273586
vn 1.000000 0.000000 0.000001
vn 1.000000 0.000000 0.000001
vn 1.000000 0.000000 0.000000
vn 1.000000 0.000000 -0.000003
vn 1.000000 0.000000 -0.000004
vn 1.000000 0.000000 -0.000000
vn 1.000000 0.000000 0.000001
vn 1.000000 0.000000 0.000000
vn -0.699214 0.273584 -0.660493
vn -0.699215 0.273584 -0.660493
vn -0.699215 0.273584 -0.660493
vn -0.699215 0.273584 -0.660493
vn -0.699215 0.660491 -0.273587
vn -0.699215 0.660491 -0.273587
vn -0.699215 0.660491 -0.273587
vn -0.699215 0.660491 -0.273587
vn -0.699213 -0.273587 -0.660494
vn -0.699213 -0.273587 -0.660494
vn -0.699213 -0.273587 -0.660494
vn -0.699213 -0.273587 -0.660494
vn -0.699215 0.660491 0.273587
vn -0.699215 0.660491 0.273587
vn -0.699215 0.660491 0.273587
vn -0.699215 0.660491 0.273587
vn -0.699214 0.273584 0.660493
vn -0.699214 0.273584 0.660493
vn -0.699214 0.273584 0.660493
vn -0.699214 0.273584 0.660493
vn -0.699214 -0.273586 0.660493
vn -0.699214 -0.273586 0.660493
vn -0.699214 -0.273586 0.660493
vn -0.699214 -0.273586 0.660493
vn -0.699213 -0.660494 0.273586
vn -0.699213 -0.660494 0.273586
vn -0.699213 -0.660494 0.273586
vn -0.699213 -0.660494 0.273586
vn -0.699213 -0.660493 -0.273587
vn -0.699213 -0.660494 -0.273587
vn -0.699213 -0.660494 -0.273587
vn -0.699213 -0.660494 -0.273587
vn -1.000000 0.000000 0.000000
vn -1.000000 0.000000 0.000000
vn -1.000000 0.000000 0.000000
vn -1.000000 0.000000 0.000000
vn -1.000000 0.000000 0.000000
vn -1.000000 0.000000 0.000000
vn -1.000000 0.000000 0.000000
vn -1.000000 0.000000 0.000000
vn -1.000000 0.000000 -0.000000
vn -1.000000 0.000000 -0.000000
vn -1.000000 0.000000 -0.000000
vn -1.000000 0.000000 -0.000000
vn -1.000000 0.000000 0.000000
vn -1.000000 0.000000 0.000000
vn -1.000000 0.000000 0.000000
vn -1.000000 0.000000 0.000000
vn 0.000000 0.382682 -0.923880
vn 0.000000 0.382682 -0.923880
vn 0.000000 0.382682 -0.923880
vn 0.000000 0.382682 -0.923880
vn 0.000000 0.923878 -0.382686
vn 0.000000 0.923878 -0.382686
vn 0.000000 0.923878 -0.382686
vn 0.000000 0.923878 -0.382686
vn 0.000000 0.923879 0.382685
vn 0.000000 0.923879 0.382685
vn 0.000000 0.923879 0.382685
vn 0.000000 0.923879 0.382685
vn 0.000000 0.382682 0.923880
vn 0.000000 0.382682 0.923880
vn 0.000000 0.382682 0.923880
vn 0.000000 0.382682 0.923880
vn 0.000000 -0.382684 0.923879
vn 0.000000 -0.382684 0.923879
vn 0.000000 -0.382684 0.923879
vn 0.000000 -0.382684 0.923879
vn 0.000000 -0.923879 0.382685
vn 0.000000 -0.923879 0.382685
vn 0.000000 -0.923879 0.382685
vn 0.000000 -0.923879 0.382685
vn -0.000000 -0.923878 -0.382686
vn -0.000000 -0.923878 -0.382686
vn -0.000000 -0.923878 -0.382686
vn -0.000000 -0.923878 -0.382686
vn -0.000000 -0.382686 -0.923879
vn -0.000000 -0.382686 -0.923879
vn -0.000000 -0.382686 -0.923879
vn -0.000000 -0.382686 -0.923879
s off
g Closet_1 pCylinder1
usemtl lambert4SG
f 153/267/281 154/389/282 162/390/283 161/268/284
f 154/389/285 155/391/286 163/392/287 162/390/288
f 155/257/289 156/258/290 164/259/291 163/260/292
f 156/258/293 157/261/294 165/262/295 164/259/296
f 157/261/297 158/393/298 166/410/299 165/262/300
f 158/409/301 159/263/302 167/266/303 166/394/304
f 159/263/305 160/264/306 168/265/307 167/266/308
f 160/264/309 153/267/310 161/268/311 168/265/312
s 1
f 170/293/313 169/294/314 171/295/315 172/296/316 173/297/317 174/298/318 175/299/319 176/300/320
s 2
f 177/317/321 178/318/322 179/319/323 180/320/324 181/321/325 182/322/326 183/323/327 184/324/328
s off
f 185/326/329 186/333/330 190/335/331 189/327/332
f 186/333/333 185/326/334 188/325/335 187/334/336
f 187/334/337 188/325/338 199/332/339 200/340/340
f 189/327/341 190/335/342 192/336/343 191/328/344
f 191/328/345 192/336/346 194/337/347 193/329/348
f 193/329/349 194/337/350 196/338/351 195/330/352
f 195/330/353 196/338/354 198/339/355 197/331/356
f 197/331/357 198/339/358 200/340/359 199/332/360
s 2
f 178/318/322 177/317/321 188/325/361 185/326/362
f 179/319/323 178/318/322 185/326/362 189/327/363
f 180/320/324 179/319/323 189/327/363 191/328/364
f 181/321/325 180/320/324 191/328/364 193/329/365
f 182/322/326 181/321/325 193/329/365 195/330/366
f 183/323/327 182/322/326 195/330/366 197/331/367
f 184/324/328 183/323/327 197/331/367 199/332/368
f 177/317/321 184/324/328 199/332/368 188/325/361
s off
f 201/341/369 202/342/370 216/343/371 215/344/372
f 202/342/373 201/341/374 203/345/375 204/346/376
f 204/346/377 203/345/378 205/352/379 206/353/380
f 206/353/381 205/352/382 207/358/383 208/359/384
f 208/359/385 207/358/386 209/361/387 210/360/388
f 210/360/389 209/361/390 211/355/391 212/354/392
f 212/354/393 211/355/394 213/348/395 214/347/396
f 214/347/397 213/348/398 215/344/399 216/343/400
s 3
f 162/350/401 163/351/402 203/345/403 201/341/404
f 163/351/402 164/357/405 205/352/406 203/345/403
f 164/357/405 165/363/407 207/358/408 205/352/406
f 165/363/407 166/364/409 209/361/410 207/358/408
f 166/364/409 167/362/411 211/355/412 209/361/410
f 167/362/411 168/356/413 213/348/414 211/355/412
f 168/356/413 161/349/415 215/344/416 213/348/414
f 161/349/415 162/350/401 201/341/404 215/344/416
s off
f 202/395/417 204/269/418 186/272/419 187/396/420
f 204/269/421 206/270/422 190/271/423 186/272/424
f 206/270/425 208/273/426 192/274/427 190/271/428
f 208/273/429 210/399/430 194/400/431 192/274/432
f 210/399/433 212/401/434 196/402/435 194/400/436
f 212/275/437 214/276/438 198/277/439 196/278/440
f 214/276/441 216/279/442 200/280/443 198/277/444
f 216/397/445 202/395/446 187/396/447 200/398/448
f 217/302/449 218/309/450 222/311/451 221/303/452
f 218/309/453 217/302/454 220/301/455 219/310/456
f 219/310/457 220/301/458 231/308/459 232/316/460
f 221/303/461 222/311/462 224/312/463 223/304/464
f 223/304/465 224/312/466 226/313/467 225/305/468
f 225/305/469 226/313/470 228/314/471 227/306/472
f 227/306/473 228/314/474 230/315/475 229/307/476
f 229/307/477 230/315/478 232/316/479 231/308/480
s 1
f 169/294/314 170/293/313 220/301/481 217/302/482
f 171/295/315 169/294/314 217/302/482 221/303/483
f 172/296/316 171/295/315 221/303/483 223/304/484
f 173/297/317 172/296/316 223/304/484 225/305/485
f 174/298/318 173/297/317 225/305/485 227/306/486
f 175/299/319 174/298/318 227/306/486 229/307/487
f 176/300/320 175/299/319 229/307/487 231/308/488
f 170/293/313 176/300/320 231/308/488 220/301/481
s off
f 233/365/489 234/366/490 236/367/491 235/368/492
f 234/366/493 233/365/494 237/369/495 238/370/496
f 235/368/497 236/367/498 248/371/499 247/372/500
f 238/370/501 237/369/502 239/376/503 240/377/504
f 240/377/505 239/376/506 241/382/507 242/383/508
f 242/383/509 241/382/510 243/385/511 244/384/512
f 244/384/513 243/385/514 245/379/515 246/378/516
f 246/378/517 245/379/518 247/372/519 248/371/520
s 4
f 154/373/521 153/374/522 233/365/523 235/368/524
f 153/374/522 160/375/525 237/369/526 233/365/523
f 160/375/525 159/381/527 239/376/528 237/369/526
f 159/381/527 158/387/529 241/382/530 239/376/528
f 158/387/529 157/388/531 243/385/532 241/382/530
f 157/388/531 156/386/533 245/379/534 243/385/532
f 156/386/533 155/380/535 247/372/536 245/379/534
f 155/380/535 154/373/521 235/368/524 247/372/536
s off
f 236/403/537 234/281/538 218/284/539 219/404/540
f 234/281/541 238/282/542 222/283/543 218/284/544
f 238/282/545 240/411/546 224/286/547 222/283/548
f 240/285/549 242/407/550 226/408/551 224/412/552
f 242/407/553 244/287/554 228/290/555 226/408/556
f 244/287/557 246/288/558 230/289/559 228/290/560
f 246/288/561 248/291/562 232/292/563 230/289/564
f 248/405/565 236/403/566 219/404/567 232/406/568
g default
v -3.095532 3.701523 1.151880
v -3.068188 3.690197 1.151880
v -3.068188 3.701523 1.179225
v -3.068188 3.728868 1.190551
v -3.095532 3.728868 1.179225
v -3.106858 3.728868 1.151880
v -0.574266 3.701523 1.151880
v -0.562940 3.728868 1.151880
v -0.574266 3.728868 1.179225
v -0.601610 3.728868 1.190551
v -0.601610 3.701523 1.179225
v -0.601610 3.690197 1.151880
v -3.095532 3.872242 1.151880
v -3.106858 3.844898 1.151880
v -3.095532 3.844898 1.179225
v -3.068188 3.844898 1.190551
v -3.068188 3.872242 1.179225
v -3.068188 3.883568 1.151880
v -0.574266 3.872242 1.151880
v -0.601610 3.883568 1.151880
v -0.601610 3.872242 1.179225
v -0.601610 3.844898 1.190551
v -0.574266 3.844898 1.179225
v -0.562940 3.844898 1.151880
v -3.095532 3.844898 -0.924319
v -3.106858 3.844898 -0.896975
v -3.095532 3.872242 -0.896975
v -3.068188 3.883568 -0.896975
v -3.068188 3.872242 -0.924319
v -3.068188 3.844898 -0.935646
v -0.574266 3.844898 -0.924319
v -0.601610 3.844898 -0.935646
v -0.601610 3.872242 -0.924319
v -0.601610 3.883568 -0.896975
v -0.574266 3.872242 -0.896975
v -0.562940 3.844898 -0.896975
v -3.095532 3.701523 -0.896975
v -3.106858 3.728868 -0.896975
v -3.095532 3.728868 -0.924319
v -3.068188 3.728868 -0.935646
v -3.068188 3.701523 -0.924319
v -3.068188 3.690197 -0.896975
v -0.574266 3.701523 -0.896975
v -0.601610 3.690197 -0.896975
v -0.601610 3.701523 -0.924319
v -0.601610 3.728868 -0.935646
v -0.574266 3.728868 -0.924319
v -0.562940 3.728868 -0.896975
v -3.090507 3.706549 1.174199
v -0.579292 3.706549 1.174199
v -3.090507 3.867217 1.174199
v -0.579292 3.867217 1.174199
v -3.090507 3.867217 -0.919294
v -0.579292 3.867217 -0.919294
v -3.090507 3.706549 -0.919294
v -0.579292 3.706549 -0.919294
vt 0.378800 0.995453
vt 0.378800 0.049995
vt 0.621200 0.995453
vt 0.629547 0.049995
vt 0.378800 0.200006
vt 0.621200 0.200006
vt 0.629547 0.200006
vt 0.129547 0.049995
vt 0.378800 0.495453
vt 0.621200 0.495453
vt 0.870453 0.200006
vt 0.870453 0.049995
vt 0.621200 0.754547
vt 0.378800 0.700005
vt 0.621200 0.700005
vt 0.621200 0.049995
vt 0.378800 0.254547
vt 0.621200 0.254547
vt 0.378800 0.549994
vt 0.621200 0.549994
vt 0.378800 0.754547
vt 0.370453 0.049995
vt 0.370453 0.200006
vt 0.129547 0.200006
vt 0.375000 0.993112
vt 0.368112 0.000000
vt 0.381717 0.000000
vt 0.381717 1.000000
vt 0.374890 0.049962
vt 0.631888 0.000000
vt 0.625000 0.993112
vt 0.625110 0.049962
vt 0.618283 1.000000
vt 0.618283 0.000000
vt 0.368112 0.250000
vt 0.375000 0.256888
vt 0.374890 0.200038
vt 0.378380 0.246739
vt 0.625000 0.256888
vt 0.631888 0.250000
vt 0.621620 0.246739
vt 0.625110 0.200038
vt 0.125000 0.215263
vt 0.375000 0.534737
vt 0.375000 0.493112
vt 0.131888 0.250000
vt 0.378380 0.503261
vt 0.625000 0.534737
vt 0.875000 0.215263
vt 0.621620 0.503261
vt 0.868112 0.250000
vt 0.625000 0.493112
vt 0.131888 0.000000
vt 0.375000 0.756888
vt 0.375000 0.715264
vt 0.125000 0.034736
vt 0.378380 0.746739
vt 0.625000 0.756888
vt 0.868112 0.000000
vt 0.621620 0.746739
vt 0.875000 0.034736
vt 0.625000 0.715264
vt 0.375000 1.000000
vt 0.375000 0.000000
vt 0.625000 0.000000
vt 0.625000 1.000000
vt 0.375000 0.250000
vt 0.625000 0.250000
vt 0.125000 0.250000
vt 0.375000 0.500000
vt 0.625000 0.500000
vt 0.875000 0.250000
vt 0.125000 0.000000
vt 0.375000 0.750000
vt 0.625000 0.750000
vt 0.875000 0.000000
vn -0.004490 -0.999975 0.005404
vn -0.381990 -0.924146 0.006186
vn -0.381990 -0.924146 -0.006186
vn -0.004490 -0.999975 -0.005404
vn -0.923922 -0.382581 0.000929
vn -0.996901 -0.078498 0.005147
vn -0.996901 -0.078498 -0.005147
vn -0.923922 -0.382581 -0.000929
vn -0.004282 -0.078538 0.996902
vn -0.000677 -0.382607 0.923911
vn 0.000677 -0.382607 0.923911
vn 0.004282 -0.078538 0.996902
vn -0.005183 -0.924107 0.382099
vn 0.004490 -0.999975 0.005404
vn 0.005183 -0.924107 0.382099
vn -0.925005 -0.054262 0.376061
vn -0.925005 0.054262 0.376060
vn -0.996901 0.078498 0.005147
vn -0.376035 -0.054482 0.925002
vn -0.004282 0.078539 0.996902
vn -0.376034 0.054482 0.925003
vn 0.996901 -0.078498 0.005147
vn 0.923922 -0.382579 0.000929
vn 0.923922 -0.382579 -0.000929
vn 0.996901 -0.078498 -0.005147
vn 0.381986 -0.924147 0.006186
vn 0.004490 -0.999975 -0.005404
vn 0.381986 -0.924147 -0.006186
vn 0.376030 -0.054482 0.925004
vn 0.376030 0.054482 0.925005
vn 0.004282 0.078539 0.996902
vn 0.925005 -0.054262 0.376059
vn 0.996901 0.078498 0.005147
vn 0.925006 0.054262 0.376058
vn -0.923920 0.382585 0.000929
vn -0.923920 0.382585 -0.000929
vn -0.996901 0.078498 -0.005147
vn -0.381990 0.924146 0.006185
vn -0.004490 0.999975 0.005404
vn -0.004490 0.999975 -0.005404
vn -0.381990 0.924146 -0.006185
vn -0.005182 0.924107 0.382099
vn 0.005182 0.924107 0.382099
vn 0.004490 0.999975 0.005404
vn -0.000677 0.382611 0.923909
vn 0.000677 0.382611 0.923909
vn 0.381986 0.924147 0.006185
vn 0.381986 0.924147 -0.006185
vn 0.004490 0.999975 -0.005404
vn 0.923921 0.382583 0.000929
vn 0.996901 0.078498 -0.005147
vn 0.923921 0.382583 -0.000929
vn -0.925005 0.054262 -0.376061
vn -0.925004 -0.054262 -0.376062
vn -0.376034 0.054482 -0.925003
vn -0.004282 0.078539 -0.996902
vn -0.004282 -0.078538 -0.996902
vn -0.376035 -0.054482 -0.925003
vn -0.000677 0.382611 -0.923909
vn 0.000677 0.382611 -0.923909
vn 0.004282 0.078539 -0.996902
vn -0.005182 0.924106 -0.382100
vn 0.005182 0.924107 -0.382100
vn 0.376030 0.054482 -0.925005
vn 0.376031 -0.054482 -0.925004
vn 0.004282 -0.078538 -0.996902
vn 0.925005 0.054262 -0.376059
vn 0.925005 -0.054262 -0.376061
vn -0.005183 -0.924106 -0.382100
vn 0.005183 -0.924106 -0.382100
vn -0.000677 -0.382607 -0.923911
vn 0.000677 -0.382607 -0.923911
vn -0.887921 -0.325263 0.325270
vn -0.325278 -0.887914 0.325274
vn -0.325272 -0.325268 0.887918
vn 0.325275 -0.887915 0.325275
vn 0.887919 -0.325265 0.325273
vn 0.325269 -0.325268 0.887919
vn -0.325261 0.887927 0.325256
vn -0.887924 0.325261 0.325264
vn -0.325267 0.325266 0.887921
vn 0.887922 0.325264 0.325266
vn 0.325257 0.887928 0.325257
vn 0.325265 0.325266 0.887922
vn -0.325268 0.325267 -0.887920
vn -0.887923 0.325264 -0.325264
vn -0.325262 0.887925 -0.325259
vn 0.887923 0.325260 -0.325267
vn 0.325264 0.325267 -0.887921
vn 0.325257 0.887927 -0.325258
vn -0.325279 -0.887913 -0.325275
vn -0.887919 -0.325267 -0.325271
vn -0.325272 -0.325269 -0.887918
vn 0.887919 -0.325264 -0.325274
vn 0.325275 -0.887914 -0.325276
vn 0.325269 -0.325270 -0.887919
s 1
g Closet_1 pCube9
usemtl lambert3SG
f 250/413/569 249/437/570 285/466/571 290/433/572
s 2
f 249/438/573 254/434/574 286/420/575 285/465/576
s 3
f 252/414/577 251/439/578 259/446/579 258/428/580
s 1
f 251/440/581 250/413/569 260/415/582 259/445/583
s 2
f 254/434/574 253/441/584 263/449/585 262/435/586
s 3
f 253/441/587 252/414/577 264/417/588 263/449/589
s 4
f 256/416/590 255/442/591 291/471/592 296/424/593
s 1
f 255/443/594 260/415/582 292/425/595 291/470/596
s 3
f 258/428/580 257/444/597 271/454/598 270/418/599
s 4
f 257/444/600 256/416/590 272/419/601 271/454/602
s 2
f 262/435/586 261/447/603 275/458/604 274/436/605
s 5
f 261/448/606 266/429/607 276/421/608 275/457/609
f 266/429/607 265/450/610 269/453/611 268/430/612
s 3
f 265/450/613 264/417/588 270/418/599 269/453/614
s 5
f 268/430/612 267/451/615 283/464/616 282/422/617
s 4
f 267/452/618 272/419/601 284/423/619 283/463/620
s 2
f 274/436/605 273/455/621 287/468/622 286/420/575
s 6
f 273/456/623 278/431/624 288/426/625 287/467/626
f 278/431/624 277/459/627 281/462/628 280/432/629
s 5
f 277/459/630 276/421/608 282/422/617 281/462/631
s 6
f 280/432/629 279/460/632 295/474/633 294/427/634
s 4
f 279/461/635 284/423/619 296/424/593 295/473/636
s 1
f 290/433/572 289/469/637 293/472/638 292/425/595
s 6
f 289/469/639 288/426/625 294/427/634 293/472/640
s 3
f 252/414/577 258/428/580 270/418/599 264/417/588
s 5
f 266/429/607 268/430/612 282/422/617 276/421/608
s 6
f 278/431/624 280/432/629 294/427/634 288/426/625
s 1
f 290/433/572 292/425/595 260/415/582 250/413/569
s 4
f 256/416/590 296/424/593 284/423/619 272/419/601
s 2
f 286/420/575 254/434/574 262/435/586 274/436/605
f 253/441/584 254/434/574 249/438/573 297/476/641
s 1
f 249/437/570 250/413/569 251/440/581 297/475/642
s 3
f 251/439/578 252/414/577 253/441/587 297/476/643
s 1
f 259/445/583 260/415/582 255/443/594 298/478/644
s 4
f 255/442/591 256/416/590 257/444/600 298/477/645
s 3
f 257/444/597 258/428/580 259/446/579 298/477/646
s 5
f 265/450/610 266/429/607 261/448/606 299/479/647
s 2
f 261/447/603 262/435/586 263/449/585 299/479/648
s 3
f 263/449/589 264/417/588 265/450/613 299/479/649
s 4
f 271/454/602 272/419/601 267/452/618 300/480/650
s 5
f 267/451/615 268/430/612 269/453/611 300/480/651
s 3
f 269/453/614 270/418/599 271/454/598 300/480/652
s 6
f 277/459/627 278/431/624 273/456/623 301/482/653
s 2
f 273/455/621 274/436/605 275/458/604 301/481/654
s 5
f 275/457/609 276/421/608 277/459/630 301/482/655
s 4
f 283/463/620 284/423/619 279/461/635 302/484/656
s 6
f 279/460/632 280/432/629 281/462/628 302/483/657
s 5
f 281/462/631 282/422/617 283/464/616 302/483/658
s 1
f 289/469/637 290/433/572 285/466/571 303/486/659
s 2
f 285/465/576 286/420/575 287/468/622 303/485/660
s 6
f 287/467/626 288/426/625 289/469/639 303/486/661
s 4
f 295/473/636 296/424/593 291/471/592 304/488/662
s 1
f 291/470/596 292/425/595 293/472/638 304/487/663
s 6
f 293/472/640 294/427/634 295/474/633 304/487/664
g default
v -3.095532 2.209016 1.151880
v -3.068188 2.197689 1.151880
v -3.068188 2.209016 1.179225
v -3.068188 2.236360 1.190551
v -3.095532 2.236360 1.179225
v -3.106858 2.236360 1.151880
v -0.574266 2.209016 1.151880
v -0.562940 2.236360 1.151880
v -0.574266 2.236360 1.179225
v -0.601610 2.236360 1.190551
v -0.601610 2.209016 1.179225
v -0.601610 2.197689 1.151880
v -3.095532 2.379734 1.151880
v -3.106858 2.352390 1.151880
v -3.095532 2.352390 1.179225
v -3.068188 2.352390 1.190551
v -3.068188 2.379734 1.179225
v -3.068188 2.391060 1.151880
v -0.574266 2.379734 1.151880
v -0.601610 2.391060 1.151880
v -0.601610 2.379734 1.179225
v -0.601610 2.352390 1.190551
v -0.574266 2.352390 1.179225
v -0.562940 2.352390 1.151880
v -3.095532 2.352390 -0.924319
v -3.106858 2.352390 -0.896975
v -3.095532 2.379734 -0.896975
v -3.068188 2.391060 -0.896975
v -3.068188 2.379734 -0.924319
v -3.068188 2.352390 -0.935646
v -0.574266 2.352390 -0.924319
v -0.601610 2.352390 -0.935646
v -0.601610 2.379734 -0.924319
v -0.601610 2.391060 -0.896975
v -0.574266 2.379734 -0.896975
v -0.562940 2.352390 -0.896975
v -3.095532 2.209016 -0.896975
v -3.106858 2.236360 -0.896975
v -3.095532 2.236360 -0.924319
v -3.068188 2.236360 -0.935646
v -3.068188 2.209016 -0.924319
v -3.068188 2.197689 -0.896975
v -0.574266 2.209016 -0.896975
v -0.601610 2.197689 -0.896975
v -0.601610 2.209016 -0.924319
v -0.601610 2.236360 -0.935646
v -0.574266 2.236360 -0.924319
v -0.562940 2.236360 -0.896975
v -3.090507 2.214041 1.174199
v -0.579292 2.214041 1.174199
v -3.090507 2.374709 1.174199
v -0.579292 2.374709 1.174199
v -3.090507 2.374709 -0.919294
v -0.579292 2.374709 -0.919294
v -3.090507 2.214041 -0.919294
v -0.579292 2.214041 -0.919294
vt 0.378800 0.995453
vt 0.378800 0.049995
vt 0.621200 0.995453
vt 0.629547 0.049995
vt 0.378800 0.200006
vt 0.621200 0.200006
vt 0.629547 0.200006
vt 0.129547 0.049995
vt 0.378800 0.495453
vt 0.621200 0.495453
vt 0.870453 0.200006
vt 0.870453 0.049995
vt 0.621200 0.754547
vt 0.378800 0.700005
vt 0.621200 0.700005
vt 0.621200 0.049995
vt 0.378800 0.254547
vt 0.621200 0.254547
vt 0.378800 0.549994
vt 0.621200 0.549994
vt 0.378800 0.754547
vt 0.370453 0.049995
vt 0.370453 0.200006
vt 0.129547 0.200006
vt 0.375000 0.993112
vt 0.368112 0.000000
vt 0.381717 0.000000
vt 0.381717 1.000000
vt 0.374890 0.049962
vt 0.631888 0.000000
vt 0.625000 0.993112
vt 0.625110 0.049962
vt 0.618283 1.000000
vt 0.618283 0.000000
vt 0.368112 0.250000
vt 0.375000 0.256888
vt 0.374890 0.200038
vt 0.378380 0.246739
vt 0.625000 0.256888
vt 0.631888 0.250000
vt 0.621620 0.246739
vt 0.625110 0.200038
vt 0.125000 0.215263
vt 0.375000 0.534737
vt 0.375000 0.493112
vt 0.131888 0.250000
vt 0.378380 0.503261
vt 0.625000 0.534737
vt 0.875000 0.215263
vt 0.621620 0.503261
vt 0.868112 0.250000
vt 0.625000 0.493112
vt 0.131888 0.000000
vt 0.375000 0.756888
vt 0.375000 0.715264
vt 0.125000 0.034736
vt 0.378380 0.746739
vt 0.625000 0.756888
vt 0.868112 0.000000
vt 0.621620 0.746739
vt 0.875000 0.034736
vt 0.625000 0.715264
vt 0.375000 1.000000
vt 0.375000 0.000000
vt 0.625000 0.000000
vt 0.625000 1.000000
vt 0.375000 0.250000
vt 0.625000 0.250000
vt 0.125000 0.250000
vt 0.375000 0.500000
vt 0.625000 0.500000
vt 0.875000 0.250000
vt 0.125000 0.000000
vt 0.375000 0.750000
vt 0.625000 0.750000
vt 0.875000 0.000000
vn -0.004490 -0.999975 0.005404
vn -0.381990 -0.924146 0.006186
vn -0.381990 -0.924146 -0.006186
vn -0.004490 -0.999975 -0.005404
vn -0.923922 -0.382581 0.000929
vn -0.996901 -0.078498 0.005147
vn -0.996901 -0.078498 -0.005147
vn -0.923922 -0.382581 -0.000929
vn -0.004282 -0.078538 0.996902
vn -0.000677 -0.382607 0.923911
vn 0.000677 -0.382607 0.923911
vn 0.004282 -0.078538 0.996902
vn -0.005183 -0.924107 0.382099
vn 0.004490 -0.999975 0.005404
vn 0.005183 -0.924107 0.382099
vn -0.925005 -0.054262 0.376061
vn -0.925005 0.054262 0.376060
vn -0.996901 0.078498 0.005147
vn -0.376035 -0.054482 0.925002
vn -0.004282 0.078539 0.996902
vn -0.376034 0.054482 0.925003
vn 0.996901 -0.078498 0.005147
vn 0.923922 -0.382579 0.000929
vn 0.923922 -0.382579 -0.000929
vn 0.996901 -0.078498 -0.005147
vn 0.381986 -0.924147 0.006186
vn 0.004490 -0.999975 -0.005404
vn 0.381986 -0.924147 -0.006186
vn 0.376030 -0.054482 0.925004
vn 0.376030 0.054482 0.925005
vn 0.004282 0.078539 0.996902
vn 0.925005 -0.054262 0.376059
vn 0.996901 0.078498 0.005147
vn 0.925006 0.054262 0.376058
vn -0.923920 0.382585 0.000929
vn -0.923920 0.382585 -0.000929
vn -0.996901 0.078498 -0.005147
vn -0.381990 0.924146 0.006185
vn -0.004490 0.999975 0.005404
vn -0.004490 0.999975 -0.005404
vn -0.381990 0.924146 -0.006185
vn -0.005182 0.924107 0.382099
vn 0.005182 0.924107 0.382099
vn 0.004490 0.999975 0.005404
vn -0.000677 0.382611 0.923909
vn 0.000677 0.382611 0.923909
vn 0.381986 0.924147 0.006185
vn 0.381986 0.924147 -0.006185
vn 0.004490 0.999975 -0.005404
vn 0.923921 0.382583 0.000929
vn 0.996901 0.078498 -0.005147
vn 0.923921 0.382583 -0.000929
vn -0.925005 0.054262 -0.376061
vn -0.925004 -0.054262 -0.376062
vn -0.376034 0.054482 -0.925003
vn -0.004282 0.078539 -0.996902
vn -0.004282 -0.078538 -0.996902
vn -0.376035 -0.054482 -0.925003
vn -0.000677 0.382611 -0.923909
vn 0.000677 0.382611 -0.923909
vn 0.004282 0.078539 -0.996902
vn -0.005182 0.924106 -0.382100
vn 0.005182 0.924107 -0.382100
vn 0.376030 0.054482 -0.925005
vn 0.376031 -0.054482 -0.925004
vn 0.004282 -0.078538 -0.996902
vn 0.925005 0.054262 -0.376059
vn 0.925005 -0.054262 -0.376061
vn -0.005183 -0.924106 -0.382100
vn 0.005183 -0.924106 -0.382100
vn -0.000677 -0.382607 -0.923911
vn 0.000677 -0.382607 -0.923911
vn -0.887921 -0.325263 0.325270
vn -0.325278 -0.887914 0.325274
vn -0.325272 -0.325268 0.887918
vn 0.325275 -0.887915 0.325275
vn 0.887919 -0.325265 0.325273
vn 0.325269 -0.325268 0.887919
vn -0.325261 0.887927 0.325256
vn -0.887924 0.325261 0.325264
vn -0.325267 0.325266 0.887921
vn 0.887922 0.325264 0.325266
vn 0.325257 0.887928 0.325257
vn 0.325265 0.325266 0.887922
vn -0.325268 0.325267 -0.887920
vn -0.887923 0.325264 -0.325264
vn -0.325262 0.887925 -0.325259
vn 0.887923 0.325260 -0.325267
vn 0.325264 0.325267 -0.887921
vn 0.325257 0.887927 -0.325258
vn -0.325279 -0.887913 -0.325275
vn -0.887919 -0.325267 -0.325271
vn -0.325272 -0.325269 -0.887918
vn 0.887919 -0.325264 -0.325274
vn 0.325275 -0.887914 -0.325276
vn 0.325269 -0.325270 -0.887919
s 1
g Closet_1 pCube10
usemtl lambert3SG
f 306/489/665 305/513/666 341/542/667 346/509/668
s 2
f 305/514/669 310/510/670 342/496/671 341/541/672
s 3
f 308/490/673 307/515/674 315/522/675 314/504/676
s 1
f 307/516/677 306/489/665 316/491/678 315/521/679
s 2
f 310/510/670 309/517/680 319/525/681 318/511/682
s 3
f 309/517/683 308/490/673 320/493/684 319/525/685
s 4
f 312/492/686 311/518/687 347/547/688 352/500/689
s 1
f 311/519/690 316/491/678 348/501/691 347/546/692
s 3
f 314/504/676 313/520/693 327/530/694 326/494/695
s 4
f 313/520/696 312/492/686 328/495/697 327/530/698
s 2
f 318/511/682 317/523/699 331/534/700 330/512/701
s 5
f 317/524/702 322/505/703 332/497/704 331/533/705
f 322/505/703 321/526/706 325/529/707 324/506/708
s 3
f 321/526/709 320/493/684 326/494/695 325/529/710
s 5
f 324/506/708 323/527/711 339/540/712 338/498/713
s 4
f 323/528/714 328/495/697 340/499/715 339/539/716
s 2
f 330/512/701 329/531/717 343/544/718 342/496/671
s 6
f 329/532/719 334/507/720 344/502/721 343/543/722
f 334/507/720 333/535/723 337/538/724 336/508/725
s 5
f 333/535/726 332/497/704 338/498/713 337/538/727
s 6
f 336/508/725 335/536/728 351/550/729 350/503/730
s 4
f 335/537/731 340/499/715 352/500/689 351/549/732
s 1
f 346/509/668 345/545/733 349/548/734 348/501/691
s 6
f 345/545/735 344/502/721 350/503/730 349/548/736
s 3
f 308/490/673 314/504/676 326/494/695 320/493/684
s 5
f 322/505/703 324/506/708 338/498/713 332/497/704
s 6
f 334/507/720 336/508/725 350/503/730 344/502/721
s 1
f 346/509/668 348/501/691 316/491/678 306/489/665
s 4
f 312/492/686 352/500/689 340/499/715 328/495/697
s 2
f 342/496/671 310/510/670 318/511/682 330/512/701
f 309/517/680 310/510/670 305/514/669 353/552/737
s 1
f 305/513/666 306/489/665 307/516/677 353/551/738
s 3
f 307/515/674 308/490/673 309/517/683 353/552/739
s 1
f 315/521/679 316/491/678 311/519/690 354/554/740
s 4
f 311/518/687 312/492/686 313/520/696 354/553/741
s 3
f 313/520/693 314/504/676 315/522/675 354/553/742
s 5
f 321/526/706 322/505/703 317/524/702 355/555/743
s 2
f 317/523/699 318/511/682 319/525/681 355/555/744
s 3
f 319/525/685 320/493/684 321/526/709 355/555/745
s 4
f 327/530/698 328/495/697 323/528/714 356/556/746
s 5
f 323/527/711 324/506/708 325/529/707 356/556/747
s 3
f 325/529/710 326/494/695 327/530/694 356/556/748
s 6
f 333/535/723 334/507/720 329/532/719 357/558/749
s 2
f 329/531/717 330/512/701 331/534/700 357/557/750
s 5
f 331/533/705 332/497/704 333/535/726 357/558/751
s 4
f 339/539/716 340/499/715 335/537/731 358/560/752
s 6
f 335/536/728 336/508/725 337/538/724 358/559/753
s 5
f 337/538/727 338/498/713 339/540/712 358/559/754
s 1
f 345/545/733 346/509/668 341/542/667 359/562/755
s 2
f 341/541/672 342/496/671 343/544/718 359/561/756
s 6
f 343/543/722 344/502/721 345/545/735 359/562/757
s 4
f 351/549/732 352/500/689 347/547/688 360/564/758
s 1
f 347/546/692 348/501/691 349/548/734 360/563/759
s 6
f 349/548/736 350/503/730 351/550/729 360/563/760
g default
v 0.928971 0.378653 2.068517
v 6.987468 0.378653 2.068517
v 6.987468 8.422628 2.068517
v 0.928971 8.422628 2.068517
v 0.928971 0.378653 -1.703317
v 6.987468 0.378653 -1.703317
v 6.987468 8.422628 -1.703317
v 0.928971 8.422628 -1.703317
v 3.189335 0.378654 2.068517
v 3.189335 0.378654 -1.703317
v 3.189335 8.422628 -1.703317
v 3.189335 8.422628 2.068517
v 3.381643 0.378654 2.068517
v 3.381643 0.378654 -1.703317
v 3.381643 8.422628 -1.703317
v 3.381643 8.422628 2.068517
v 0.722624 0.287526 2.041784
v 0.695890 0.287522 1.977242
v 0.722624 0.222981 1.977246
v 0.787165 0.196246 1.977242
v 0.787165 0.222981 2.041784
v 0.787165 0.287522 2.068517
v 3.175107 0.286977 2.068517
v 3.165149 0.222821 2.041625
v 3.161025 0.196246 1.976701
v 0.787165 8.578299 2.041784
v 0.787165 8.605033 1.977242
v 0.722624 8.578299 1.977246
v 0.695890 8.513758 1.977242
v 0.722624 8.513754 2.041784
v 0.787165 8.513758 2.068517
v 3.175107 8.514303 2.068517
v 3.165149 8.578460 2.041625
v 3.161025 8.605033 1.976701
v 0.722624 8.513758 -2.041784
v 0.695890 8.513758 -1.977242
v 0.722624 8.578299 -1.977242
v 0.787165 8.605033 -1.977242
v 0.787165 8.578299 -2.041784
v 0.787165 8.513758 -2.068517
v 3.161025 8.605033 -1.977241
v 3.161025 8.578299 -2.041783
v 3.161025 8.513758 -2.068516
v 0.722624 0.222981 -1.977242
v 0.695890 0.287522 -1.977242
v 0.722624 0.287522 -2.041784
v 0.787165 0.287522 -2.068517
v 0.787165 0.222981 -2.041784
v 0.787165 0.196246 -1.977242
v 3.161025 0.287522 -2.068516
v 3.161025 0.222981 -2.041783
v 3.161025 0.196246 -1.977241
v 7.139133 0.222981 2.041784
v 7.139133 0.196246 1.977242
v 7.203674 0.222981 1.977242
v 7.230408 0.287522 1.977242
v 7.203674 0.287522 2.041784
v 7.139133 0.287522 2.068517
v 7.139133 8.578299 2.041784
v 7.139133 8.513758 2.068517
v 7.203674 8.513758 2.041784
v 7.230408 8.513758 1.977242
v 7.203674 8.578299 1.977242
v 7.139133 8.605033 1.977242
v 7.139133 8.578299 -2.041784
v 7.139133 8.605033 -1.977242
v 7.203674 8.578299 -1.977242
v 7.230408 8.513758 -1.977242
v 7.203674 8.513758 -2.041784
v 7.139133 8.513758 -2.068517
v 7.139133 0.222981 -2.041784
v 7.139133 0.287522 -2.068517
v 7.203674 0.287522 -2.041784
v 7.230408 0.287522 -1.977242
v 7.203674 0.222981 -1.977242
v 7.139133 0.196246 -1.977242
v 3.376199 0.287441 2.068517
v 3.372349 0.222957 2.041759
v 3.370755 0.196246 1.977161
v 3.376199 8.513840 2.068517
v 3.372349 8.578324 2.041759
v 3.370755 8.605033 1.977161
v 3.370755 8.605033 -1.977241
v 3.370755 8.578299 -2.041783
v 3.370755 8.513758 -2.068516
v 3.370755 0.287522 -2.068516
v 3.370755 0.222981 -2.041783
v 3.370755 0.196246 -1.977241
v 0.734486 0.234844 2.029923
v 0.734486 8.566437 2.029923
v 0.734486 8.566438 -2.029922
v 0.734486 0.234843 -2.029922
v 7.191812 0.234843 2.029922
v 7.191812 8.566438 2.029922
v 7.191812 8.566438 -2.029922
v 7.191812 0.234843 -2.029922
vt 0.584965 0.571202
vt 0.584965 0.785892
vt 0.484296 0.785892
vt 0.484296 0.571202
vt 0.642427 0.927144
vt 0.642427 0.712454
vt 0.743096 0.712454
vt 0.743096 0.927144
vt 0.571269 0.002829
vt 0.764771 0.002829
vt 0.764771 0.415500
vt 0.571268 0.415500
vt 0.361743 0.003324
vt 0.566358 0.003324
vt 0.566358 0.439695
vt 0.361743 0.439695
vt 0.494225 0.470218
vt 0.496446 0.470585
vt 0.452621 0.732715
vt 0.450395 0.732340
vt 0.494225 0.468495
vt 0.496058 0.468730
vt 0.450029 0.734566
vt 0.451945 0.734547
vt 0.368409 0.449294
vt 0.324437 0.711249
vt 0.368782 0.447078
vt 0.324060 0.713473
vt 0.322212 0.710879
vt 0.366185 0.448918
vt 0.366844 0.447086
vt 0.322210 0.712812
vt 0.569292 0.446417
vt 0.571531 0.446050
vt 0.616397 0.709411
vt 0.614161 0.709794
vt 0.571149 0.443835
vt 0.569935 0.445011
vt 0.698131 0.424482
vt 0.743006 0.687841
vt 0.616772 0.711649
vt 0.614784 0.711638
vt 0.697755 0.422245
vt 0.745243 0.687462
vt 0.700367 0.424098
vt 0.743392 0.690075
vt 0.699711 0.422285
vt 0.745192 0.689441
vt 0.367673 0.737622
vt 0.458068 0.737622
vt 0.458068 0.888463
vt 0.367673 0.888463
vt 0.357857 0.721725
vt 0.357857 0.926340
vt 0.235237 0.926340
vt 0.235237 0.721725
vt 0.001992 0.964556
vt 0.001992 0.759941
vt 0.197601 0.759941
vt 0.197601 0.964556
vt 0.606755 0.940592
vt 0.462553 0.940592
vt 0.462553 0.789752
vt 0.606755 0.789752
vt 0.976269 0.290204
vt 0.976525 0.293340
vt 0.799535 0.307032
vt 0.799306 0.303902
vt 0.979771 0.290204
vt 0.979555 0.292802
vt 0.796193 0.304151
vt 0.796615 0.306692
vt 0.791072 0.197655
vt 0.968078 0.183810
vt 0.971213 0.183374
vt 0.982910 0.289972
vt 0.982329 0.293559
vt 0.787946 0.197898
vt 0.794041 0.307792
vt 0.793066 0.304409
vt 0.790341 0.188271
vt 0.967360 0.174420
vt 0.970483 0.174102
vt 0.974301 0.182677
vt 0.784819 0.198141
vt 0.787214 0.188515
vt 0.777154 0.019681
vt 0.954105 0.005809
vt 0.957221 0.005560
vt 0.973594 0.173684
vt 0.784089 0.188760
vt 0.774036 0.019921
vt 0.953872 0.002679
vt 0.776896 0.016553
vt 0.956803 0.002995
vt 0.960347 0.005305
vt 0.770909 0.020156
vt 0.774051 0.017317
vt 0.959363 0.001925
vt 0.771351 0.016669
vt 0.763060 0.599166
vt 0.763315 0.596058
vt 0.939802 0.610006
vt 0.939569 0.613128
vt 0.760201 0.595837
vt 0.760202 0.598691
vt 0.771701 0.490100
vt 0.948189 0.504061
vt 0.942907 0.610259
vt 0.942486 0.612815
vt 0.768583 0.489668
vt 0.757362 0.599257
vt 0.757072 0.595606
vt 0.772421 0.480737
vt 0.948930 0.494700
vt 0.951308 0.504308
vt 0.946026 0.610521
vt 0.945043 0.613891
vt 0.765512 0.488978
vt 0.769307 0.480419
vt 0.785736 0.312540
vt 0.962235 0.326507
vt 0.952049 0.494946
vt 0.954427 0.504555
vt 0.766204 0.480000
vt 0.782626 0.312290
vt 0.785970 0.309418
vt 0.962495 0.323387
vt 0.965347 0.326749
vt 0.955167 0.495193
vt 0.779507 0.312033
vt 0.783049 0.309736
vt 0.965331 0.324161
vt 0.968467 0.326986
vt 0.780483 0.308656
vt 0.968034 0.323496
vt 0.356470 0.473203
vt 0.224837 0.473669
vt 0.223179 0.005226
vt 0.354811 0.004761
vt 0.213638 0.473709
vt 0.211980 0.005265
vt 0.003652 0.474451
vt 0.001992 0.006009
vt 0.998008 0.218199
vt 0.990317 0.218199
vt 0.991596 0.003479
vt 0.996729 0.003479
vt 0.875991 0.855305
vt 0.870480 0.855449
vt 0.864507 0.624870
vt 0.870021 0.624727
vt 0.876560 0.857752
vt 0.870722 0.858105
vt 0.864616 0.622214
vt 0.870370 0.622087
vt 0.944045 0.855478
vt 0.939940 0.852985
vt 0.760937 0.861434
vt 0.765262 0.858674
vt 0.755135 0.624124
vt 0.759582 0.626669
vt 0.938893 0.620472
vt 0.934895 0.623171
vt 0.946041 0.855434
vt 0.940889 0.620428
vt 0.758921 0.861483
vt 0.753119 0.624174
vt 0.217998 0.745015
vt 0.215429 0.744766
vt 0.213437 0.488957
vt 0.215611 0.488937
vt 0.141687 0.745364
vt 0.139592 0.489627
vt 0.135172 0.745419
vt 0.133070 0.489685
vt 0.018089 0.746413
vt 0.015929 0.490733
vt 0.015918 0.746432
vt 0.013758 0.490751
vn -0.000000 0.000000 1.000000
vn -0.000000 0.000000 1.000000
vn -0.000000 0.000000 1.000000
vn -0.000000 0.000000 1.000000
vn -0.000000 1.000000 0.000000
vn -0.000000 1.000000 0.000000
vn -0.000000 1.000000 0.000000
vn -0.000000 1.000000 0.000000
vn -1.000000 0.000000 0.000000
vn -1.000000 0.000000 0.000000
vn -1.000000 0.000000 0.000000
vn -1.000000 0.000000 0.000000
vn 0.000000 -1.000000 0.000000
vn 0.000000 -1.000000 0.000000
vn 0.000000 -1.000000 0.000000
vn 0.000000 -1.000000 0.000000
vn 1.000000 0.000000 0.000000
vn 1.000000 0.000000 0.000000
vn 1.000000 0.000000 0.000000
vn 1.000000 0.000000 0.000000
vn 0.000000 0.000000 1.000000
vn 0.000000 0.000000 1.000000
vn 0.000000 1.000000 0.000000
vn 0.000000 1.000000 0.000000
vn 0.000000 1.000000 0.000000
vn 0.000000 1.000000 0.000000
vn 0.000000 0.000000 1.000000
vn 0.000000 0.000000 1.000000
vn 0.000000 -1.000000 0.000000
vn 0.000000 -1.000000 0.000000
vn 0.000000 -1.000000 0.000000
vn 0.000000 -1.000000 0.000000
vn 1.000000 0.000000 0.000000
vn 1.000000 0.000000 0.000000
vn 1.000000 0.000000 0.000000
vn 1.000000 0.000000 0.000000
vn -0.000001 0.000000 -1.000000
vn -0.000001 0.000000 -1.000000
vn -0.000001 0.000000 -1.000000
vn -0.000001 0.000000 -1.000000
vn -1.000000 0.000000 0.000000
vn -1.000000 0.000000 0.000000
vn -1.000000 0.000000 0.000000
vn -1.000000 0.000000 0.000000
vn -0.000000 0.000000 1.000000
vn 0.000000 0.000000 1.000000
vn 0.000000 0.000000 1.000000
vn 0.000000 0.000000 1.000000
vn -0.999973 -0.003207 0.006634
vn -0.923970 -0.001995 0.382459
vn -0.923970 0.001995 0.382459
vn -0.999973 0.003207 0.006634
vn -0.382454 -0.001995 0.923972
vn -0.145774 -0.042877 0.988388
vn -0.145774 0.042876 0.988388
vn -0.382454 0.001995 0.923972
vn -0.010905 -0.999919 0.006579
vn -0.382230 -0.924058 0.004125
vn -0.382230 -0.924058 -0.004125
vn -0.010904 -0.999919 -0.006592
vn -0.924061 -0.382223 0.004125
vn -0.999973 -0.003207 -0.006634
vn -0.924061 -0.382224 -0.004124
vn -0.006830 -0.383820 0.923383
vn -0.000007 -0.384648 0.923064
vn 0.000000 -0.156979 0.987602
vn -0.006772 -0.924954 0.380020
vn 0.000000 -0.999977 0.006835
vn 0.000002 -0.924689 0.380725
vn -0.924060 0.382224 0.004125
vn -0.924060 0.382225 -0.004125
vn -0.999973 0.003207 -0.006634
vn -0.382225 0.924060 0.004125
vn -0.010905 0.999919 0.006579
vn -0.010904 0.999919 -0.006592
vn -0.382225 0.924060 -0.004125
vn -0.923970 0.001995 -0.382459
vn -0.923970 -0.001995 -0.382459
vn -0.382456 0.001995 -0.923972
vn -0.010934 0.003195 -0.999935
vn -0.010934 -0.003195 -0.999935
vn -0.382456 -0.001995 -0.923972
vn 0.999973 -0.003207 0.006634
vn 0.924059 -0.382227 0.004124
vn 0.924060 -0.382227 -0.004124
vn 0.999973 -0.003207 -0.006634
vn 0.382231 -0.924058 0.004125
vn 0.006937 -0.999954 0.006609
vn 0.006937 -0.999954 -0.006614
vn 0.382231 -0.924058 -0.004125
vn 0.128611 -0.059242 0.989924
vn 0.382457 -0.001995 0.923971
vn 0.382457 0.001995 0.923971
vn 0.128611 0.059242 0.989924
vn 0.923968 -0.001995 0.382465
vn 0.999973 0.003207 0.006634
vn 0.923968 0.001995 0.382465
vn 0.004333 0.382484 0.923952
vn 0.000017 0.383082 0.923714
vn 0.000007 0.177845 0.984059
vn 0.004323 0.924189 0.381911
vn 0.006937 0.999954 0.006609
vn -0.000000 0.999978 0.006560
vn -0.000014 0.924040 0.382295
vn 0.382226 0.924060 0.004125
vn 0.382226 0.924060 -0.004125
vn 0.006936 0.999954 -0.006614
vn 0.924059 0.382228 0.004125
vn 0.999973 0.003207 -0.006634
vn 0.924059 0.382228 -0.004125
vn 0.004325 0.924068 -0.382205
vn -0.000000 0.923876 -0.382691
vn -0.000000 0.999978 -0.006652
vn 0.004325 0.382197 -0.924071
vn 0.006956 0.003206 -0.999971
vn -0.000000 0.003224 -0.999995
vn -0.000000 0.382683 -0.923880
vn 0.382457 0.001995 -0.923971
vn 0.382457 -0.001995 -0.923971
vn 0.006956 -0.003206 -0.999971
vn 0.923968 0.001995 -0.382465
vn 0.923968 -0.001995 -0.382465
vn 0.004325 -0.382195 -0.924071
vn -0.000000 -0.382682 -0.923880
vn -0.000000 -0.003224 -0.999995
vn 0.004326 -0.924067 -0.382206
vn -0.000000 -0.999978 -0.006652
vn -0.000000 -0.923876 -0.382692
vn 0.000000 0.999977 0.006835
vn 0.000000 0.999978 -0.006652
vn 0.000000 0.003224 -0.999995
vn 0.000000 -0.003224 -0.999995
vn 0.000000 -0.999978 -0.006652
vn -0.000001 0.000000 1.000000
vn 0.000002 0.000000 1.000000
vn 0.000002 0.000000 1.000000
vn 0.000000 0.156979 0.987602
vn -0.000001 0.000000 1.000000
vn 0.000007 -0.177844 0.984059
vn -0.000000 -0.999978 0.006560
vn 0.000017 -0.383082 0.923714
vn -0.000015 -0.924037 0.382302
vn -0.006772 0.924958 0.380010
vn 0.000002 0.924693 0.380715
vn -0.006830 0.383817 0.923384
vn -0.000007 0.384645 0.923065
vn -0.006816 0.381916 -0.924172
vn 0.000000 0.382685 -0.923879
vn -0.006816 0.924168 -0.381926
vn 0.000000 0.923875 -0.382695
vn -0.006816 -0.924169 -0.381923
vn 0.000000 -0.923876 -0.382692
vn -0.006816 -0.381912 -0.924174
vn 0.000000 -0.382682 -0.923880
vn 0.004323 -0.924186 0.381918
vn 0.004333 -0.382483 0.923952
vn -0.325272 -0.325253 0.887924
vn -0.887918 -0.325253 0.325289
vn -0.325271 -0.887911 0.325290
vn -0.325265 0.325250 0.887927
vn -0.325257 0.887915 0.325293
vn -0.887921 0.325251 0.325282
vn -0.325270 0.325273 -0.887917
vn -0.887918 0.325275 -0.325266
vn -0.325262 0.887913 -0.325291
vn -0.325274 -0.887916 -0.325273
vn -0.887917 -0.325277 -0.325268
vn -0.325269 -0.325271 -0.887918
vn 0.325268 -0.325266 0.887921
vn 0.325271 -0.887917 0.325272
vn 0.887920 -0.325267 0.325270
vn 0.325261 0.887917 0.325283
vn 0.325264 0.325266 0.887922
vn 0.887921 0.325265 0.325269
vn 0.325267 0.325268 -0.887920
vn 0.325262 0.887916 -0.325285
vn 0.887920 0.325268 -0.325268
vn 0.325273 -0.887917 -0.325271
vn 0.325269 -0.325268 -0.887919
vn 0.887919 -0.325269 -0.325269
s 1
g pCube5 Closet_2
usemtl lambert3SG
f 365/701/761 370/702/762 371/703/763 368/704/764
s off
f 361/613/765 369/614/766 370/615/767 365/616/768
f 362/565/769 363/566/770 367/567/771 366/568/772
f 371/617/773 372/618/774 364/619/775 368/620/776
f 364/569/777 361/570/778 365/571/779 368/572/780
s 2
f 371/703/763 370/702/762 374/705/781 375/706/782
s off
f 374/621/783 373/622/784 362/623/785 366/624/786
f 375/706/782 374/705/781 366/707/787 367/708/788
f 363/625/789 376/626/790 375/627/791 367/628/792
f 373/573/793 374/574/794 375/575/795 376/576/796
s 2
f 374/709/797 370/710/798 371/711/799 375/712/800
s 1
f 370/577/801 369/578/802 372/579/803 371/580/804
s 3
f 369/713/805 373/714/806 376/715/807 372/716/808
s 4
f 378/581/809 377/582/810 390/583/811 389/584/812
s 3
f 377/729/813 382/721/814 391/727/815 390/730/816
s 6
f 380/629/817 379/630/818 404/631/819 409/632/820
s 4
f 379/585/821 378/581/809 405/589/822 404/591/823
s 3
f 382/640/814 381/633/824 384/639/825 383/648/826
s 6
f 381/633/827 380/629/817 385/638/828 384/639/829
s 4
f 389/584/812 388/587/830 397/592/831 396/590/832
s 7
f 388/665/833 387/666/834 398/667/835 397/668/836
s 4
f 396/590/832 395/593/837 406/594/838 405/589/822
s 8
f 395/733/839 400/734/840 407/735/841 406/736/842
s 9
f 416/598/843 415/601/844 435/607/845 434/603/846
s 6
f 415/657/847 414/652/848 436/651/849 435/658/850
s 3
f 418/723/851 417/731/852 421/732/853 420/725/854
s 9
f 417/597/855 416/598/843 422/599/856 421/600/857
s 3
f 420/695/854 419/690/858 441/684/859 440/689/860
s 7
f 419/690/861 424/685/862 442/678/863 441/684/864
f 424/685/862 423/691/865 427/692/866 426/686/867
s 9
f 423/605/868 422/599/856 428/604/869 427/610/870
s 7
f 426/686/867 425/693/871 444/687/872 443/679/873
s 8
f 425/693/874 430/698/875 445/694/876 444/687/877
f 430/741/875 429/743/878 433/744/879 432/742/880
s 9
f 429/608/881 428/604/869 434/603/846 433/609/882
s 8
f 432/661/880 431/656/883 447/650/884 446/655/885
s 6
f 431/656/886 436/651/849 448/645/887 447/650/888
s 7
f 387/666/834 394/671/889 401/672/890 398/667/835
s 8
f 400/734/840 403/737/891 410/738/892 407/735/841
s 6
f 409/632/820 412/637/893 385/638/828 380/629/817
s 9
f 416/598/843 434/603/846 428/604/869 422/599/856
s 4
f 405/589/822 378/581/809 389/584/812 396/590/832
s 3
f 382/721/814 383/717/826 369/713/805 361/722/894
f 418/723/851 420/725/854 363/726/895 362/724/896
f 372/716/808 392/720/897 391/727/815 364/728/898
f 391/727/815 382/721/814 361/722/894 364/728/898
f 369/713/805 383/717/826 437/718/899 373/714/806
f 376/715/807 440/719/860 392/720/897 372/716/808
s 7
f 401/672/890 394/671/889 442/678/863 443/679/873
s 8
f 410/738/892 403/737/891 445/739/876 446/740/885
s 6
f 385/638/828 412/637/893 448/645/887 439/646/900
s 3
f 373/714/806 437/718/899 418/723/851 362/724/896
f 420/725/854 440/719/860 376/715/807 363/726/895
s 7
f 443/679/873 442/678/863 424/685/862 426/686/867
s 8
f 446/740/885 445/739/876 430/741/875 432/742/880
s 6
f 439/646/900 448/645/887 436/651/849 414/652/848
s 3
f 383/648/826 384/639/825 438/647/901 437/654/899
s 6
f 384/639/829 385/638/828 439/646/900 438/647/902
s 7
f 387/666/834 386/669/903 393/675/904 394/671/889
s 3
f 386/669/905 391/677/815 392/683/897 393/675/906
s 8
f 400/681/840 399/673/907 402/680/908 403/688/891
s 7
f 399/673/909 398/667/835 401/672/890 402/680/910
s 6
f 409/632/820 408/635/911 411/642/912 412/637/893
s 8
f 408/635/913 407/644/841 410/649/892 411/642/914
s 6
f 414/652/848 413/653/915 438/647/902 439/646/900
s 3
f 413/653/916 418/660/851 437/654/899 438/647/901
s 7
f 394/671/889 393/675/904 441/684/864 442/678/863
s 3
f 393/675/906 392/683/897 440/689/860 441/684/859
s 8
f 403/688/891 402/680/908 444/687/877 445/694/876
s 7
f 402/680/910 401/672/890 443/679/873 444/687/872
s 6
f 412/637/893 411/642/912 447/650/888 448/645/887
s 8
f 411/642/914 410/649/892 446/655/885 447/650/884
s 3
f 381/633/824 382/640/814 377/641/813 449/634/917
s 4
f 377/582/810 378/581/809 379/585/821 449/586/918
s 6
f 379/630/818 380/629/817 381/633/827 449/634/919
s 3
f 390/676/816 391/677/815 386/669/905 450/670/920
s 7
f 386/669/903 387/666/834 388/665/833 450/670/921
s 4
f 388/587/830 389/584/812 390/583/811 450/588/922
s 8
f 399/673/907 400/681/840 395/682/839 451/674/923
s 4
f 395/593/837 396/590/832 397/592/831 451/596/924
s 7
f 397/668/836 398/667/835 399/673/909 451/674/925
s 6
f 408/635/911 409/632/820 404/631/819 452/636/926
s 4
f 404/591/823 405/589/822 406/594/838 452/595/927
s 8
f 406/643/842 407/644/841 408/635/913 452/636/928
s 3
f 417/663/852 418/660/851 413/653/916 453/659/929
s 6
f 413/653/915 414/652/848 415/657/847 453/659/930
s 9
f 415/601/844 416/598/843 417/597/855 453/602/931
s 7
f 423/691/865 424/685/862 419/690/861 454/696/932
s 3
f 419/690/858 420/695/854 421/699/853 454/696/933
s 9
f 421/600/857 422/599/856 423/605/868 454/606/934
s 8
f 429/700/878 430/698/875 425/693/874 455/697/935
s 7
f 425/693/871 426/686/867 427/692/866 455/697/936
s 9
f 427/610/870 428/604/869 429/608/881 455/612/937
s 6
f 435/658/850 436/651/849 431/656/886 456/662/938
s 8
f 431/656/883 432/661/880 433/664/879 456/662/939
s 9
f 433/609/882 434/603/846 435/607/845 456/611/940
g default
v 0.897998 5.528607 1.151880
v 0.923820 5.517281 1.151880
v 0.923820 5.528607 1.179225
v 0.923820 5.555952 1.190551
v 0.897998 5.555952 1.179225
v 0.887303 5.555952 1.151880
v 3.278879 5.528607 1.151880
v 3.289575 5.555952 1.151880
v 3.278879 5.555952 1.179225
v 3.253058 5.555952 1.190551
v 3.253058 5.528607 1.179225
v 3.253058 5.517281 1.151880
v 0.897998 5.699326 1.151880
v 0.887303 5.671982 1.151880
v 0.897998 5.671982 1.179225
v 0.923820 5.671982 1.190551
v 0.923820 5.699326 1.179225
v 0.923820 5.710652 1.151880
v 3.278879 5.699326 1.151880
v 3.253058 5.710652 1.151880
v 3.253058 5.699326 1.179225
v 3.253058 5.671982 1.190551
v 3.278879 5.671982 1.179225
v 3.289575 5.671982 1.151880
v 0.897998 5.671982 -0.924319
v 0.887303 5.671982 -0.896975
v 0.897998 5.699326 -0.896975
v 0.923820 5.710652 -0.896975
v 0.923820 5.699326 -0.924319
v 0.923820 5.671982 -0.935646
v 3.278879 5.671982 -0.924319
v 3.253058 5.671982 -0.935646
v 3.253058 5.699326 -0.924319
v 3.253058 5.710652 -0.896975
v 3.278879 5.699326 -0.896975
v 3.289575 5.671982 -0.896975
v 0.897998 5.528607 -0.896975
v 0.887303 5.555952 -0.896975
v 0.897998 5.555952 -0.924319
v 0.923820 5.555952 -0.935646
v 0.923820 5.528607 -0.924319
v 0.923820 5.517281 -0.896975
v 3.278879 5.528607 -0.896975
v 3.253058 5.517281 -0.896975
v 3.253058 5.528607 -0.924319
v 3.253058 5.555952 -0.935646
v 3.278879 5.555952 -0.924319
v 3.289575 5.555952 -0.896975
v 0.902744 5.533633 1.174199
v 3.274134 5.533633 1.174199
v 0.902744 5.694301 1.174199
v 3.274134 5.694301 1.174199
v 0.902744 5.694301 -0.919294
v 3.274134 5.694301 -0.919294
v 0.902744 5.533633 -0.919294
v 3.274134 5.533633 -0.919294
vt 0.325186 0.001992
vt 0.325186 0.021418
vt 0.005591 0.021418
vt 0.005591 0.001992
vt 0.329452 0.021418
vt 0.328668 0.030039
vt 0.325186 0.068318
vt 0.005591 0.068318
vt 0.001326 0.021418
vt 0.002110 0.030039
vt 0.329452 0.068318
vt 0.325186 0.267327
vt 0.005591 0.267327
vt 0.001326 0.068318
vt 0.329452 0.267327
vt 0.325186 0.314226
vt 0.005591 0.314226
vt 0.001326 0.267327
vt 0.328668 0.305608
vt 0.325186 0.333652
vt 0.005591 0.333652
vt 0.002110 0.305608
vt 0.329452 0.314226
vt 0.001326 0.314226
vt 0.005591 0.405535
vt 0.005591 0.358636
vt 0.325186 0.358636
vt 0.325186 0.405535
vt 0.001326 0.405535
vt 0.002110 0.367256
vt 0.005591 0.339209
vt 0.325186 0.339209
vt 0.329452 0.405535
vt 0.328668 0.367256
vt 0.325186 0.604544
vt 0.005591 0.604544
vt 0.001326 0.604544
vt 0.001326 0.358636
vt 0.329452 0.358636
vt 0.329452 0.604544
vt 0.005591 0.651443
vt 0.325186 0.651443
vt 0.002110 0.642825
vt 0.328668 0.642825
vt 0.005591 0.670870
vt 0.325186 0.670870
vt 0.001326 0.651443
vt 0.329452 0.651443
vt 0.330073 0.998003
vt 0.330073 0.676427
vt 0.649669 0.676427
vt 0.649669 0.998003
vt 0.001326 0.998008
vt 0.001326 0.676431
vt 0.320921 0.676431
vt 0.320921 0.998008
vt 0.338998 0.068318
vt 0.338998 0.021418
vt 0.660575 0.021418
vt 0.660575 0.068318
vt 0.335433 0.068318
vt 0.336088 0.030039
vt 0.338998 0.001992
vt 0.660575 0.001992
vt 0.664140 0.068318
vt 0.663484 0.030039
vt 0.660575 0.267327
vt 0.338998 0.267327
vt 0.335433 0.267327
vt 0.664140 0.267327
vt 0.338998 0.314226
vt 0.660575 0.314226
vt 0.336088 0.305608
vt 0.663484 0.305608
vt 0.338998 0.333652
vt 0.660575 0.333652
vt 0.335433 0.405534
vt 0.338998 0.405534
vt 0.338998 0.604544
vt 0.335433 0.604544
vt 0.338998 0.358635
vt 0.336088 0.367254
vt 0.660575 0.405534
vt 0.660575 0.604544
vt 0.338998 0.651443
vt 0.336088 0.642823
vt 0.660575 0.358635
vt 0.664140 0.405534
vt 0.664140 0.604544
vt 0.660575 0.651443
vt 0.338998 0.339209
vt 0.660575 0.339209
vt 0.663484 0.367254
vt 0.663484 0.642823
vt 0.338998 0.670870
vt 0.660575 0.670870
vn -0.004755 -0.999974 0.005404
vn -0.400977 -0.916067 0.006132
vn -0.400977 -0.916067 -0.006132
vn -0.004755 -0.999974 -0.005404
vn -0.931330 -0.364176 0.000884
vn -0.997235 -0.074152 0.004862
vn -0.997235 -0.074152 -0.004862
vn -0.931330 -0.364176 -0.000884
vn -0.004535 -0.078538 0.996901
vn -0.000717 -0.382607 0.923911
vn 0.000717 -0.382607 0.923911
vn 0.004535 -0.078538 0.996901
vn -0.005488 -0.924105 0.382099
vn 0.004755 -0.999974 0.005404
vn 0.005488 -0.924105 0.382099
vn -0.932319 -0.051646 0.357930
vn -0.932320 0.051645 0.357929
vn -0.997235 0.074152 0.004862
vn -0.394833 -0.054020 0.917164
vn -0.004535 0.078539 0.996901
vn -0.394832 0.054020 0.917164
vn 0.997235 -0.074152 0.004862
vn 0.931331 -0.364174 0.000884
vn 0.931331 -0.364174 -0.000884
vn 0.997235 -0.074152 -0.004862
vn 0.400973 -0.916069 0.006132
vn 0.004755 -0.999974 -0.005404
vn 0.400973 -0.916069 -0.006132
vn 0.394828 -0.054020 0.917166
vn 0.394827 0.054020 0.917166
vn 0.004535 0.078539 0.996901
vn 0.932320 -0.051646 0.357928
vn 0.997235 0.074152 0.004862
vn 0.932320 0.051646 0.357927
vn -0.931328 0.364180 0.000884
vn -0.931328 0.364180 -0.000884
vn -0.997235 0.074152 -0.004862
vn -0.400977 0.916068 0.006131
vn -0.004755 0.999974 0.005404
vn -0.004755 0.999974 -0.005404
vn -0.400977 0.916068 -0.006131
vn -0.005488 0.924105 0.382099
vn 0.005488 0.924105 0.382099
vn 0.004755 0.999974 0.005404
vn -0.000717 0.382611 0.923909
vn 0.000717 0.382611 0.923909
vn 0.400973 0.916069 0.006131
vn 0.400973 0.916069 -0.006131
vn 0.004755 0.999974 -0.005404
vn 0.931329 0.364178 0.000884
vn 0.997235 0.074152 -0.004862
vn 0.931329 0.364178 -0.000884
vn -0.932319 0.051646 -0.357930
vn -0.932319 -0.051646 -0.357931
vn -0.394832 0.054020 -0.917164
vn -0.004535 0.078539 -0.996901
vn -0.004535 -0.078538 -0.996901
vn -0.394832 -0.054020 -0.917164
vn -0.000717 0.382611 -0.923909
vn 0.000717 0.382611 -0.923909
vn 0.004535 0.078539 -0.996901
vn -0.005488 0.924105 -0.382099
vn 0.005488 0.924105 -0.382099
vn 0.394827 0.054020 -0.917166
vn 0.394828 -0.054020 -0.917166
vn 0.004535 -0.078538 -0.996901
vn 0.932320 0.051646 -0.357928
vn 0.932319 -0.051646 -0.357929
vn -0.005488 -0.924105 -0.382100
vn 0.005488 -0.924105 -0.382100
vn -0.000717 -0.382607 -0.923911
vn 0.000717 -0.382607 -0.923911
vn -0.898269 -0.310732 0.310738
vn -0.342267 -0.882266 0.323204
vn -0.342260 -0.323199 0.882270
vn 0.342263 -0.882267 0.323205
vn 0.898268 -0.310734 0.310741
vn 0.342257 -0.323199 0.882271
vn -0.342248 0.882279 0.323187
vn -0.898272 0.310730 0.310733
vn -0.342255 0.323197 0.882273
vn 0.898270 0.310733 0.310735
vn 0.342245 0.882280 0.323188
vn 0.342253 0.323197 0.882274
vn -0.342256 0.323198 -0.882272
vn -0.898271 0.310732 -0.310732
vn -0.342250 0.882278 -0.323190
vn 0.898271 0.310729 -0.310736
vn 0.342252 0.323198 -0.882274
vn 0.342244 0.882280 -0.323189
vn -0.342268 -0.882264 -0.323206
vn -0.898267 -0.310735 -0.310740
vn -0.342260 -0.323200 -0.882270
vn 0.898267 -0.310733 -0.310742
vn 0.342263 -0.882266 -0.323207
vn 0.342257 -0.323200 -0.882271
s 1
g Closet_2 pCube11
usemtl lambert3SG
f 458/745/941 457/746/942 493/747/943 498/748/944
s 2
f 457/746/945 462/751/946 494/752/947 493/747/948
s 3
f 460/801/949 459/802/950 467/803/951 466/804/952
s 1
f 459/802/953 458/807/941 468/808/954 467/803/955
s 2
f 462/751/946 461/755/956 471/759/957 470/756/958
s 3
f 461/805/959 460/801/949 472/812/960 471/813/961
s 4
f 464/769/962 463/770/963 499/771/964 504/772/965
s 1
f 463/770/966 468/775/954 500/776/967 499/771/968
s 3
f 466/804/952 465/809/969 479/814/970 478/811/971
s 4
f 465/773/972 464/769/962 480/780/973 479/781/974
s 2
f 470/756/958 469/760/975 483/761/976 482/757/977
s 5
f 469/760/978 474/764/979 484/765/980 483/761/981
f 474/819/979 473/815/982 477/816/983 476/820/984
s 3
f 473/815/985 472/812/960 478/811/971 477/816/986
s 5
f 476/789/984 475/785/987 491/786/988 490/790/989
s 4
f 475/785/990 480/780/973 492/779/991 491/786/992
s 2
f 482/757/977 481/762/993 495/758/994 494/752/947
s 6
f 481/821/995 486/822/996 496/823/997 495/824/998
f 486/822/996 485/825/999 489/831/1000 488/827/1001
s 5
f 485/825/1002 484/835/980 490/836/989 489/831/1003
s 6
f 488/827/1001 487/832/1004 503/833/1005 502/828/1006
s 4
f 487/784/1007 492/779/991 504/772/965 503/777/1008
s 1
f 498/839/944 497/829/1009 501/834/1010 500/840/967
s 6
f 497/829/1011 496/823/997 502/828/1006 501/834/1012
s 3
f 460/801/949 466/804/952 478/811/971 472/812/960
s 5
f 474/793/979 476/794/984 490/795/989 484/796/980
s 6
f 486/822/996 488/827/1001 502/828/1006 496/823/997
s 1
f 498/797/944 500/798/967 468/799/954 458/800/941
s 4
f 464/769/962 504/772/965 492/779/991 480/780/973
s 2
f 494/752/947 462/751/946 470/756/958 482/757/977
f 461/755/956 462/751/946 457/746/945 505/750/1013
s 1
f 457/746/942 458/745/941 459/749/953 505/750/1014
s 3
f 459/802/950 460/801/949 461/805/959 505/806/1015
s 1
f 467/782/955 468/775/954 463/770/966 506/774/1016
s 4
f 463/770/963 464/769/962 465/773/972 506/774/1017
s 3
f 465/809/969 466/804/952 467/803/951 506/810/1018
s 5
f 473/767/982 474/764/979 469/760/978 507/763/1019
s 2
f 469/760/975 470/756/958 471/759/957 507/763/1020
s 3
f 471/813/961 472/812/960 473/815/985 507/817/1021
s 4
f 479/781/974 480/780/973 475/785/990 508/787/1022
s 5
f 475/785/987 476/789/984 477/791/983 508/787/1023
s 3
f 477/816/986 478/811/971 479/814/970 508/818/1024
s 6
f 485/825/999 486/822/996 481/821/995 509/826/1025
s 2
f 481/762/993 482/757/977 483/761/976 509/766/1026
s 5
f 483/761/981 484/765/980 485/768/1002 509/766/1027
s 4
f 491/786/992 492/779/991 487/784/1007 510/788/1028
s 6
f 487/832/1004 488/827/1001 489/831/1000 510/837/1029
s 5
f 489/792/1003 490/790/989 491/786/988 510/788/1030
s 1
f 497/753/1009 498/748/944 493/747/943 511/754/1031
s 2
f 493/747/948 494/752/947 495/758/994 511/754/1032
s 6
f 495/824/998 496/823/997 497/829/1011 511/830/1033
s 4
f 503/777/1008 504/772/965 499/771/964 512/778/1034
s 1
f 499/771/968 500/776/967 501/783/1010 512/778/1035
s 6
f 501/834/1012 502/828/1006 503/833/1005 512/838/1036
g default
v 0.897998 3.789314 1.151880
v 0.923820 3.777987 1.151880
v 0.923820 3.789314 1.179225
v 0.923820 3.816658 1.190551
v 0.897998 3.816658 1.179225
v 0.887303 3.816658 1.151880
v 3.278879 3.789314 1.151880
v 3.289575 3.816658 1.151880
v 3.278879 3.816658 1.179225
v 3.253058 3.816658 1.190551
v 3.253058 3.789314 1.179225
v 3.253058 3.777987 1.151880
v 0.897998 3.960032 1.151880
v 0.887303 3.932688 1.151880
v 0.897998 3.932688 1.179225
v 0.923820 3.932688 1.190551
v 0.923820 3.960032 1.179225
v 0.923820 3.971358 1.151880
v 3.278879 3.960032 1.151880
v 3.253058 3.971358 1.151880
v 3.253058 3.960032 1.179225
v 3.253058 3.932688 1.190551
v 3.278879 3.932688 1.179225
v 3.289575 3.932688 1.151880
v 0.897998 3.932688 -0.924319
v 0.887303 3.932688 -0.896975
v 0.897998 3.960032 -0.896975
v 0.923820 3.971358 -0.896975
v 0.923820 3.960032 -0.924319
v 0.923820 3.932688 -0.935646
v 3.278879 3.932688 -0.924319
v 3.253058 3.932688 -0.935646
v 3.253058 3.960032 -0.924319
v 3.253058 3.971358 -0.896975
v 3.278879 3.960032 -0.896975
v 3.289575 3.932688 -0.896975
v 0.897998 3.789314 -0.896975
v 0.887303 3.816658 -0.896975
v 0.897998 3.816658 -0.924319
v 0.923820 3.816658 -0.935646
v 0.923820 3.789314 -0.924319
v 0.923820 3.777987 -0.896975
v 3.278879 3.789314 -0.896975
v 3.253058 3.777987 -0.896975
v 3.253058 3.789314 -0.924319
v 3.253058 3.816658 -0.935646
v 3.278879 3.816658 -0.924319
v 3.289575 3.816658 -0.896975
v 0.902744 3.794340 1.174199
v 3.274134 3.794340 1.174199
v 0.902744 3.955007 1.174199
v 3.274134 3.955007 1.174199
v 0.902744 3.955007 -0.919294
v 3.274134 3.955007 -0.919294
v 0.902744 3.794340 -0.919294
v 3.274134 3.794340 -0.919294
vt 0.254283 0.993479
vt 0.254283 0.051788
vt 0.495717 0.993479
vt 0.504031 0.051788
vt 0.254283 0.201201
vt 0.495717 0.201201
vt 0.504031 0.201201
vt 0.006023 0.051788
vt 0.254283 0.495471
vt 0.495717 0.495471
vt 0.743977 0.201201
vt 0.743977 0.051788
vt 0.495717 0.753533
vt 0.254283 0.699208
vt 0.495717 0.699208
vt 0.495717 0.051788
vt 0.254283 0.255525
vt 0.495717 0.255525
vt 0.254283 0.549795
vt 0.495717 0.549795
vt 0.254283 0.753533
vt 0.245969 0.051788
vt 0.245969 0.201201
vt 0.006023 0.201201
vt 0.250498 0.991147
vt 0.243637 0.001992
vt 0.257189 0.001992
vt 0.257189 0.998008
vt 0.250388 0.051755
vt 0.506363 0.001992
vt 0.499502 0.991147
vt 0.499612 0.051755
vt 0.492811 0.998008
vt 0.492811 0.001992
vt 0.243638 0.250996
vt 0.250498 0.257856
vt 0.250388 0.201233
vt 0.253865 0.247748
vt 0.499502 0.257856
vt 0.506362 0.250996
vt 0.496135 0.247748
vt 0.499612 0.201233
vt 0.001494 0.216397
vt 0.250498 0.534599
vt 0.250498 0.493140
vt 0.008354 0.250996
vt 0.253865 0.503248
vt 0.499502 0.534599
vt 0.748506 0.216397
vt 0.496135 0.503248
vt 0.741646 0.250996
vt 0.499502 0.493140
vt 0.008355 0.001992
vt 0.250498 0.755865
vt 0.250498 0.714406
vt 0.001494 0.036590
vt 0.253865 0.745756
vt 0.499502 0.755865
vt 0.741645 0.001992
vt 0.496135 0.745756
vt 0.748506 0.036590
vt 0.499502 0.714406
vt 0.250498 0.998008
vt 0.250498 0.001992
vt 0.499502 0.001992
vt 0.499502 0.998008
vt 0.250498 0.250996
vt 0.499502 0.250996
vt 0.001494 0.250996
vt 0.250498 0.500000
vt 0.499502 0.500000
vt 0.748506 0.250996
vt 0.001494 0.001992
vt 0.250498 0.749004
vt 0.499502 0.749004
vt 0.748506 0.001992
vn -0.004755 -0.999974 0.005404
vn -0.400977 -0.916067 0.006132
vn -0.400977 -0.916067 -0.006132
vn -0.004755 -0.999974 -0.005404
vn -0.931330 -0.364176 0.000884
vn -0.997235 -0.074152 0.004862
vn -0.997235 -0.074152 -0.004862
vn -0.931330 -0.364176 -0.000884
vn -0.004535 -0.078538 0.996901
vn -0.000717 -0.382607 0.923911
vn 0.000717 -0.382607 0.923911
vn 0.004535 -0.078538 0.996901
vn -0.005488 -0.924105 0.382099
vn 0.004755 -0.999974 0.005404
vn 0.005488 -0.924105 0.382099
vn -0.932319 -0.051646 0.357930
vn -0.932320 0.051645 0.357929
vn -0.997235 0.074152 0.004862
vn -0.394833 -0.054020 0.917164
vn -0.004535 0.078539 0.996901
vn -0.394832 0.054020 0.917164
vn 0.997235 -0.074152 0.004862
vn 0.931331 -0.364174 0.000884
vn 0.931331 -0.364174 -0.000884
vn 0.997235 -0.074152 -0.004862
vn 0.400973 -0.916069 0.006132
vn 0.004755 -0.999974 -0.005404
vn 0.400973 -0.916069 -0.006132
vn 0.394828 -0.054020 0.917166
vn 0.394827 0.054020 0.917166
vn 0.004535 0.078539 0.996901
vn 0.932320 -0.051646 0.357928
vn 0.997235 0.074152 0.004862
vn 0.932320 0.051646 0.357927
vn -0.931328 0.364180 0.000884
vn -0.931328 0.364180 -0.000884
vn -0.997235 0.074152 -0.004862
vn -0.400977 0.916068 0.006131
vn -0.004755 0.999974 0.005404
vn -0.004755 0.999974 -0.005404
vn -0.400977 0.916068 -0.006131
vn -0.005488 0.924105 0.382099
vn 0.005488 0.924105 0.382099
vn 0.004755 0.999974 0.005404
vn -0.000717 0.382611 0.923909
vn 0.000717 0.382611 0.923909
vn 0.400973 0.916069 0.006131
vn 0.400973 0.916069 -0.006131
vn 0.004755 0.999974 -0.005404
vn 0.931329 0.364178 0.000884
vn 0.997235 0.074152 -0.004862
vn 0.931329 0.364178 -0.000884
vn -0.932319 0.051646 -0.357930
vn -0.932319 -0.051646 -0.357931
vn -0.394832 0.054020 -0.917164
vn -0.004535 0.078539 -0.996901
vn -0.004535 -0.078538 -0.996901
vn -0.394832 -0.054020 -0.917164
vn -0.000717 0.382611 -0.923909
vn 0.000717 0.382611 -0.923909
vn 0.004535 0.078539 -0.996901
vn -0.005488 0.924105 -0.382099
vn 0.005488 0.924105 -0.382099
vn 0.394827 0.054020 -0.917166
vn 0.394828 -0.054020 -0.917166
vn 0.004535 -0.078538 -0.996901
vn 0.932320 0.051646 -0.357928
vn 0.932319 -0.051646 -0.357929
vn -0.005488 -0.924105 -0.382100
vn 0.005488 -0.924105 -0.382100
vn -0.000717 -0.382607 -0.923911
vn 0.000717 -0.382607 -0.923911
vn -0.898269 -0.310732 0.310738
vn -0.342267 -0.882266 0.323204
vn -0.342260 -0.323199 0.882270
vn 0.342263 -0.882267 0.323205
vn 0.898268 -0.310734 0.310741
vn 0.342257 -0.323199 0.882271
vn -0.342248 0.882279 0.323187
vn -0.898272 0.310730 0.310733
vn -0.342255 0.323197 0.882273
vn 0.898270 0.310733 0.310735
vn 0.342245 0.882280 0.323188
vn 0.342253 0.323197 0.882274
vn -0.342256 0.323198 -0.882272
vn -0.898271 0.310732 -0.310732
vn -0.342250 0.882278 -0.323190
vn 0.898271 0.310729 -0.310736
vn 0.342252 0.323198 -0.882274
vn 0.342244 0.882280 -0.323189
vn -0.342268 -0.882264 -0.323206
vn -0.898267 -0.310735 -0.310740
vn -0.342260 -0.323200 -0.882270
vn 0.898267 -0.310733 -0.310742
vn 0.342263 -0.882266 -0.323207
vn 0.342257 -0.323200 -0.882271
s 1
g Closet_2 pCube12
usemtl lambert3SG
f 514/841/1037 513/865/1038 549/894/1039 554/861/1040
s 2
f 513/866/1041 518/862/1042 550/848/1043 549/893/1044
s 3
f 516/842/1045 515/867/1046 523/874/1047 522/856/1048
s 1
f 515/868/1049 514/841/1037 524/843/1050 523/873/1051
s 2
f 518/862/1042 517/869/1052 527/877/1053 526/863/1054
s 3
f 517/869/1055 516/842/1045 528/845/1056 527/877/1057
s 4
f 520/844/1058 519/870/1059 555/899/1060 560/852/1061
s 1
f 519/871/1062 524/843/1050 556/853/1063 555/898/1064
s 3
f 522/856/1048 521/872/1065 535/882/1066 534/846/1067
s 4
f 521/872/1068 520/844/1058 536/847/1069 535/882/1070
s 2
f 526/863/1054 525/875/1071 539/886/1072 538/864/1073
s 5
f 525/876/1074 530/857/1075 540/849/1076 539/885/1077
f 530/857/1075 529/878/1078 533/881/1079 532/858/1080
s 3
f 529/878/1081 528/845/1056 534/846/1067 533/881/1082
s 5
f 532/858/1080 531/879/1083 547/892/1084 546/850/1085
s 4
f 531/880/1086 536/847/1069 548/851/1087 547/891/1088
s 2
f 538/864/1073 537/883/1089 551/896/1090 550/848/1043
s 6
f 537/884/1091 542/859/1092 552/854/1093 551/895/1094
f 542/859/1092 541/887/1095 545/890/1096 544/860/1097
s 5
f 541/887/1098 540/849/1076 546/850/1085 545/890/1099
s 6
f 544/860/1097 543/888/1100 559/902/1101 558/855/1102
s 4
f 543/889/1103 548/851/1087 560/852/1061 559/901/1104
s 1
f 554/861/1040 553/897/1105 557/900/1106 556/853/1063
s 6
f 553/897/1107 552/854/1093 558/855/1102 557/900/1108
s 3
f 516/842/1045 522/856/1048 534/846/1067 528/845/1056
s 5
f 530/857/1075 532/858/1080 546/850/1085 540/849/1076
s 6
f 542/859/1092 544/860/1097 558/855/1102 552/854/1093
s 1
f 554/861/1040 556/853/1063 524/843/1050 514/841/1037
s 4
f 520/844/1058 560/852/1061 548/851/1087 536/847/1069
s 2
f 550/848/1043 518/862/1042 526/863/1054 538/864/1073
f 517/869/1052 518/862/1042 513/866/1041 561/904/1109
s 1
f 513/865/1038 514/841/1037 515/868/1049 561/903/1110
s 3
f 515/867/1046 516/842/1045 517/869/1055 561/904/1111
s 1
f 523/873/1051 524/843/1050 519/871/1062 562/906/1112
s 4
f 519/870/1059 520/844/1058 521/872/1068 562/905/1113
s 3
f 521/872/1065 522/856/1048 523/874/1047 562/905/1114
s 5
f 529/878/1078 530/857/1075 525/876/1074 563/907/1115
s 2
f 525/875/1071 526/863/1054 527/877/1053 563/907/1116
s 3
f 527/877/1057 528/845/1056 529/878/1081 563/907/1117
s 4
f 535/882/1070 536/847/1069 531/880/1086 564/908/1118
s 5
f 531/879/1083 532/858/1080 533/881/1079 564/908/1119
s 3
f 533/881/1082 534/846/1067 535/882/1066 564/908/1120
s 6
f 541/887/1095 542/859/1092 537/884/1091 565/910/1121
s 2
f 537/883/1089 538/864/1073 539/886/1072 565/909/1122
s 5
f 539/885/1077 540/849/1076 541/887/1098 565/910/1123
s 4
f 547/891/1088 548/851/1087 543/889/1103 566/912/1124
s 6
f 543/888/1100 544/860/1097 545/890/1096 566/911/1125
s 5
f 545/890/1099 546/850/1085 547/892/1084 566/911/1126
s 1
f 553/897/1105 554/861/1040 549/894/1039 567/914/1127
s 2
f 549/893/1044 550/848/1043 551/896/1090 567/913/1128
s 6
f 551/895/1094 552/854/1093 553/897/1107 567/914/1129
s 4
f 559/901/1104 560/852/1061 555/899/1060 568/916/1130
s 1
f 555/898/1064 556/853/1063 557/900/1106 568/915/1131
s 6
f 557/900/1108 558/855/1102 559/902/1101 568/915/1132
g default
v 0.897998 1.971447 1.151880
v 0.923820 1.960121 1.151880
v 0.923820 1.971447 1.179225
v 0.923820 1.998792 1.190551
v 0.897998 1.998792 1.179225
v 0.887303 1.998792 1.151880
v 3.278879 1.971447 1.151880
v 3.289575 1.998792 1.151880
v 3.278879 1.998792 1.179225
v 3.253058 1.998792 1.190551
v 3.253058 1.971447 1.179225
v 3.253058 1.960121 1.151880
v 0.897998 2.142166 1.151880
v 0.887303 2.114822 1.151880
v 0.897998 2.114822 1.179225
v 0.923820 2.114822 1.190551
v 0.923820 2.142166 1.179225
v 0.923820 2.153492 1.151880
v 3.278879 2.142166 1.151880
v 3.253058 2.153492 1.151880
v 3.253058 2.142166 1.179225
v 3.253058 2.114822 1.190551
v 3.278879 2.114822 1.179225
v 3.289575 2.114822 1.151880
v 0.897998 2.114822 -0.924319
v 0.887303 2.114822 -0.896975
v 0.897998 2.142166 -0.896975
v 0.923820 2.153492 -0.896975
v 0.923820 2.142166 -0.924319
v 0.923820 2.114822 -0.935646
v 3.278879 2.114822 -0.924319
v 3.253058 2.114822 -0.935646
v 3.253058 2.142166 -0.924319
v 3.253058 2.153492 -0.896975
v 3.278879 2.142166 -0.896975
v 3.289575 2.114822 -0.896975
v 0.897998 1.971447 -0.896975
v 0.887303 1.998792 -0.896975
v 0.897998 1.998792 -0.924319
v 0.923820 1.998792 -0.935646
v 0.923820 1.971447 -0.924319
v 0.923820 1.960121 -0.896975
v 3.278879 1.971447 -0.896975
v 3.253058 1.960121 -0.896975
v 3.253058 1.971447 -0.924319
v 3.253058 1.998792 -0.935646
v 3.278879 1.998792 -0.924319
v 3.289575 1.998792 -0.896975
v 0.902744 1.976473 1.174199
v 3.274134 1.976473 1.174199
v 0.902744 2.137141 1.174199
v 3.274134 2.137141 1.174199
v 0.902744 2.137141 -0.919294
v 3.274134 2.137141 -0.919294
v 0.902744 1.976473 -0.919294
v 3.274134 1.976473 -0.919294
vt 0.378800 0.995453
vt 0.378800 0.049995
vt 0.621200 0.995453
vt 0.629547 0.049995
vt 0.378800 0.200006
vt 0.621200 0.200006
vt 0.629547 0.200006
vt 0.129547 0.049995
vt 0.378800 0.495453
vt 0.621200 0.495453
vt 0.870453 0.200006
vt 0.870453 0.049995
vt 0.621200 0.754547
vt 0.378800 0.700005
vt 0.621200 0.700005
vt 0.621200 0.049995
vt 0.378800 0.254547
vt 0.621200 0.254547
vt 0.378800 0.549994
vt 0.621200 0.549994
vt 0.378800 0.754547
vt 0.370453 0.049995
vt 0.370453 0.200006
vt 0.129547 0.200006
vt 0.375000 0.993112
vt 0.368112 0.000000
vt 0.381717 0.000000
vt 0.381717 1.000000
vt 0.374890 0.049962
vt 0.631888 0.000000
vt 0.625000 0.993112
vt 0.625110 0.049962
vt 0.618283 1.000000
vt 0.618283 0.000000
vt 0.368112 0.250000
vt 0.375000 0.256888
vt 0.374890 0.200038
vt 0.378380 0.246739
vt 0.625000 0.256888
vt 0.631888 0.250000
vt 0.621620 0.246739
vt 0.625110 0.200038
vt 0.125000 0.215263
vt 0.375000 0.534737
vt 0.375000 0.493112
vt 0.131888 0.250000
vt 0.378380 0.503261
vt 0.625000 0.534737
vt 0.875000 0.215263
vt 0.621620 0.503261
vt 0.868112 0.250000
vt 0.625000 0.493112
vt 0.131888 0.000000
vt 0.375000 0.756888
vt 0.375000 0.715264
vt 0.125000 0.034736
vt 0.378380 0.746739
vt 0.625000 0.756888
vt 0.868112 0.000000
vt 0.621620 0.746739
vt 0.875000 0.034736
vt 0.625000 0.715264
vt 0.375000 1.000000
vt 0.375000 0.000000
vt 0.625000 0.000000
vt 0.625000 1.000000
vt 0.375000 0.250000
vt 0.625000 0.250000
vt 0.125000 0.250000
vt 0.375000 0.500000
vt 0.625000 0.500000
vt 0.875000 0.250000
vt 0.125000 0.000000
vt 0.375000 0.750000
vt 0.625000 0.750000
vt 0.875000 0.000000
vn -0.004755 -0.999974 0.005404
vn -0.400977 -0.916067 0.006132
vn -0.400977 -0.916067 -0.006132
vn -0.004755 -0.999974 -0.005404
vn -0.931330 -0.364176 0.000884
vn -0.997235 -0.074152 0.004862
vn -0.997235 -0.074152 -0.004862
vn -0.931330 -0.364176 -0.000884
vn -0.004535 -0.078538 0.996901
vn -0.000717 -0.382607 0.923911
vn 0.000717 -0.382607 0.923911
vn 0.004535 -0.078538 0.996901
vn -0.005488 -0.924105 0.382099
vn 0.004755 -0.999974 0.005404
vn 0.005488 -0.924105 0.382099
vn -0.932319 -0.051646 0.357930
vn -0.932320 0.051645 0.357929
vn -0.997235 0.074152 0.004862
vn -0.394833 -0.054020 0.917164
vn -0.004535 0.078539 0.996901
vn -0.394832 0.054020 0.917164
vn 0.997235 -0.074152 0.004862
vn 0.931331 -0.364174 0.000884
vn 0.931331 -0.364174 -0.000884
vn 0.997235 -0.074152 -0.004862
vn 0.400973 -0.916069 0.006132
vn 0.004755 -0.999974 -0.005404
vn 0.400973 -0.916069 -0.006132
vn 0.394828 -0.054020 0.917166
vn 0.394827 0.054020 0.917166
vn 0.004535 0.078539 0.996901
vn 0.932320 -0.051646 0.357928
vn 0.997235 0.074152 0.004862
vn 0.932320 0.051646 0.357927
vn -0.931328 0.364180 0.000884
vn -0.931328 0.364180 -0.000884
vn -0.997235 0.074152 -0.004862
vn -0.400977 0.916068 0.006131
vn -0.004755 0.999974 0.005404
vn -0.004755 0.999974 -0.005404
vn -0.400977 0.916068 -0.006131
vn -0.005488 0.924105 0.382099
vn 0.005488 0.924105 0.382099
vn 0.004755 0.999974 0.005404
vn -0.000717 0.382611 0.923909
vn 0.000717 0.382611 0.923909
vn 0.400973 0.916069 0.006131
vn 0.400973 0.916069 -0.006131
vn 0.004755 0.999974 -0.005404
vn 0.931329 0.364178 0.000884
vn 0.997235 0.074152 -0.004862
vn 0.931329 0.364178 -0.000884
vn -0.932319 0.051646 -0.357930
vn -0.932319 -0.051646 -0.357931
vn -0.394832 0.054020 -0.917164
vn -0.004535 0.078539 -0.996901
vn -0.004535 -0.078538 -0.996901
vn -0.394832 -0.054020 -0.917164
vn -0.000717 0.382611 -0.923909
vn 0.000717 0.382611 -0.923909
vn 0.004535 0.078539 -0.996901
vn -0.005488 0.924105 -0.382099
vn 0.005488 0.924105 -0.382099
vn 0.394827 0.054020 -0.917166
vn 0.394828 -0.054020 -0.917166
vn 0.004535 -0.078538 -0.996901
vn 0.932320 0.051646 -0.357928
vn 0.932319 -0.051646 -0.357929
vn -0.005488 -0.924105 -0.382100
vn 0.005488 -0.924105 -0.382100
vn -0.000717 -0.382607 -0.923911
vn 0.000717 -0.382607 -0.923911
vn -0.898269 -0.310732 0.310738
vn -0.342267 -0.882266 0.323204
vn -0.342260 -0.323199 0.882270
vn 0.342263 -0.882267 0.323205
vn 0.898268 -0.310734 0.310741
vn 0.342257 -0.323199 0.882271
vn -0.342248 0.882279 0.323187
vn -0.898272 0.310730 0.310733
vn -0.342255 0.323197 0.882273
vn 0.898270 0.310733 0.310735
vn 0.342245 0.882280 0.323188
vn 0.342253 0.323197 0.882274
vn -0.342256 0.323198 -0.882272
vn -0.898271 0.310732 -0.310732
vn -0.342250 0.882278 -0.323190
vn 0.898271 0.310729 -0.310736
vn 0.342252 0.323198 -0.882274
vn 0.342244 0.882280 -0.323189
vn -0.342268 -0.882264 -0.323206
vn -0.898267 -0.310735 -0.310740
vn -0.342260 -0.323200 -0.882270
vn 0.898267 -0.310733 -0.310742
vn 0.342263 -0.882266 -0.323207
vn 0.342257 -0.323200 -0.882271
s 1
g Closet_2 pCube13
usemtl lambert3SG
f 570/917/1133 569/941/1134 605/970/1135 610/937/1136
s 2
f 569/942/1137 574/938/1138 606/924/1139 605/969/1140
s 3
f 572/918/1141 571/943/1142 579/950/1143 578/932/1144
s 1
f 571/944/1145 570/917/1133 580/919/1146 579/949/1147
s 2
f 574/938/1138 573/945/1148 583/953/1149 582/939/1150
s 3
f 573/945/1151 572/918/1141 584/921/1152 583/953/1153
s 4
f 576/920/1154 575/946/1155 611/975/1156 616/928/1157
s 1
f 575/947/1158 580/919/1146 612/929/1159 611/974/1160
s 3
f 578/932/1144 577/948/1161 591/958/1162 590/922/1163
s 4
f 577/948/1164 576/920/1154 592/923/1165 591/958/1166
s 2
f 582/939/1150 581/951/1167 595/962/1168 594/940/1169
s 5
f 581/952/1170 586/933/1171 596/925/1172 595/961/1173
f 586/933/1171 585/954/1174 589/957/1175 588/934/1176
s 3
f 585/954/1177 584/921/1152 590/922/1163 589/957/1178
s 5
f 588/934/1176 587/955/1179 603/968/1180 602/926/1181
s 4
f 587/956/1182 592/923/1165 604/927/1183 603/967/1184
s 2
f 594/940/1169 593/959/1185 607/972/1186 606/924/1139
s 6
f 593/960/1187 598/935/1188 608/930/1189 607/971/1190
f 598/935/1188 597/963/1191 601/966/1192 600/936/1193
s 5
f 597/963/1194 596/925/1172 602/926/1181 601/966/1195
s 6
f 600/936/1193 599/964/1196 615/978/1197 614/931/1198
s 4
f 599/965/1199 604/927/1183 616/928/1157 615/977/1200
s 1
f 610/937/1136 609/973/1201 613/976/1202 612/929/1159
s 6
f 609/973/1203 608/930/1189 614/931/1198 613/976/1204
s 3
f 572/918/1141 578/932/1144 590/922/1163 584/921/1152
s 5
f 586/933/1171 588/934/1176 602/926/1181 596/925/1172
s 6
f 598/935/1188 600/936/1193 614/931/1198 608/930/1189
s 1
f 610/937/1136 612/929/1159 580/919/1146 570/917/1133
s 4
f 576/920/1154 616/928/1157 604/927/1183 592/923/1165
s 2
f 606/924/1139 574/938/1138 582/939/1150 594/940/1169
f 573/945/1148 574/938/1138 569/942/1137 617/980/1205
s 1
f 569/941/1134 570/917/1133 571/944/1145 617/979/1206
s 3
f 571/943/1142 572/918/1141 573/945/1151 617/980/1207
s 1
f 579/949/1147 580/919/1146 575/947/1158 618/982/1208
s 4
f 575/946/1155 576/920/1154 577/948/1164 618/981/1209
s 3
f 577/948/1161 578/932/1144 579/950/1143 618/981/1210
s 5
f 585/954/1174 586/933/1171 581/952/1170 619/983/1211
s 2
f 581/951/1167 582/939/1150 583/953/1149 619/983/1212
s 3
f 583/953/1153 584/921/1152 585/954/1177 619/983/1213
s 4
f 591/958/1166 592/923/1165 587/956/1182 620/984/1214
s 5
f 587/955/1179 588/934/1176 589/957/1175 620/984/1215
s 3
f 589/957/1178 590/922/1163 591/958/1162 620/984/1216
s 6
f 597/963/1191 598/935/1188 593/960/1187 621/986/1217
s 2
f 593/959/1185 594/940/1169 595/962/1168 621/985/1218
s 5
f 595/961/1173 596/925/1172 597/963/1194 621/986/1219
s 4
f 603/967/1184 604/927/1183 599/965/1199 622/988/1220
s 6
f 599/964/1196 600/936/1193 601/966/1192 622/987/1221
s 5
f 601/966/1195 602/926/1181 603/968/1180 622/987/1222
s 1
f 609/973/1201 610/937/1136 605/970/1135 623/990/1223
s 2
f 605/969/1140 606/924/1139 607/972/1186 623/989/1224
s 6
f 607/971/1190 608/930/1189 609/973/1203 623/990/1225
s 4
f 615/977/1200 616/928/1157 611/975/1156 624/992/1226
s 1
f 611/974/1160 612/929/1159 613/976/1202 624/991/1227
s 6
f 613/976/1204 614/931/1198 615/978/1197 624/991/1228
g default
v 6.719619 7.141238 0.118568
v 6.719619 7.052675 0.078553
v 6.719619 6.964115 0.118568
v 6.719619 6.927430 0.215171
v 6.719619 6.964115 0.311774
v 6.719619 7.052675 0.351789
v 6.719619 7.141238 0.311774
v 6.719619 7.177921 0.215171
v 3.635183 7.141238 0.118568
v 3.635183 7.052675 0.078553
v 3.635183 6.964115 0.118568
v 3.635183 6.927429 0.215171
v 3.635183 6.964115 0.311774
v 3.635183 7.052675 0.351789
v 3.635183 7.141238 0.311774
v 3.635183 7.177921 0.215171
v 7.005003 7.141238 0.118568
v 7.005003 7.052675 0.078553
v 7.005003 7.177921 0.215171
v 7.005003 7.141238 0.311774
v 7.005003 7.052675 0.351789
v 7.005003 6.964115 0.311774
v 7.005003 6.927430 0.215171
v 7.005003 6.964115 0.118568
v 3.349799 7.052675 0.078553
v 3.349799 6.964115 0.118568
v 3.349799 6.927429 0.215171
v 3.349799 6.964115 0.311774
v 3.349799 7.052675 0.351789
v 3.349799 7.141238 0.311774
v 3.349799 7.177921 0.215171
v 3.349799 7.141238 0.118568
v 3.349799 6.939904 0.092161
v 3.385844 6.915701 0.065760
v 3.385844 7.052675 0.003872
v 3.349799 7.052675 0.041209
v 3.349799 6.893193 0.215171
v 3.385844 6.858964 0.215171
v 3.349799 6.939904 0.338181
v 3.385844 6.915701 0.364582
v 3.349799 7.052675 0.389133
v 3.385844 7.052675 0.426470
v 3.349799 7.165445 0.338181
v 3.385844 7.189650 0.364582
v 3.349799 7.212157 0.215171
v 3.385844 7.246387 0.215171
v 3.349799 7.165446 0.092161
v 3.385844 7.189651 0.065760
v 3.635183 7.052675 0.041209
v 3.599139 7.052675 0.003872
v 3.635183 6.939904 0.092161
v 3.599139 6.915701 0.065760
v 3.635183 6.893193 0.215171
v 3.599139 6.858964 0.215171
v 3.635183 6.939904 0.338181
v 3.599139 6.915701 0.364582
v 3.635183 7.052675 0.389133
v 3.599139 7.052675 0.426470
v 3.635183 7.165445 0.338181
v 3.599139 7.189650 0.364582
v 3.635183 7.212157 0.215171
v 3.599139 7.246387 0.215171
v 3.635183 7.165446 0.092161
v 3.599139 7.189651 0.065760
v 7.005003 7.165445 0.092161
v 6.968959 7.189650 0.065760
v 6.968959 7.052674 0.003872
v 7.005003 7.052674 0.041209
v 7.005003 7.212157 0.215171
v 6.968959 7.246387 0.215171
v 7.005003 7.165445 0.338181
v 6.968959 7.189650 0.364583
v 7.005003 7.052675 0.389134
v 6.968959 7.052675 0.426471
v 7.005003 6.939905 0.338181
v 6.968959 6.915701 0.364582
v 7.005003 6.893193 0.215171
v 6.968959 6.858964 0.215171
v 7.005003 6.939905 0.092161
v 6.968959 6.915701 0.065760
v 6.719619 7.165446 0.092161
v 6.755664 7.189650 0.065760
v 6.719619 7.052675 0.041209
v 6.755664 7.052674 0.003872
v 6.719619 7.212157 0.215171
v 6.755664 7.246388 0.215171
v 6.719619 7.165446 0.338181
v 6.755664 7.189650 0.364583
v 6.719619 7.052675 0.389134
v 6.755664 7.052675 0.426471
v 6.719619 6.939905 0.338181
v 6.755664 6.915701 0.364582
v 6.719619 6.893193 0.215171
v 6.755664 6.858964 0.215171
v 6.719619 6.939905 0.092161
v 6.755664 6.915701 0.065760
vt 0.372857 0.694397
vt 0.357969 0.694390
vt 0.358174 0.264644
vt 0.373062 0.264651
vt 0.343078 0.694383
vt 0.343285 0.264638
vt 0.453382 0.893859
vt 0.422172 0.893843
vt 0.663662 0.027112
vt 0.693497 0.035444
vt 0.392145 0.885457
vt 0.633781 0.018760
vt 0.641816 0.741357
vt 0.633727 0.671900
vt 0.723365 0.661462
vt 0.731453 0.730919
vt 0.625638 0.602443
vt 0.715275 0.592004
vt 0.378973 0.273343
vt 0.378973 0.243494
vt 0.417494 0.243494
vt 0.417494 0.273343
vt 0.378973 0.213645
vt 0.417494 0.213645
vt 0.954570 0.549467
vt 0.977002 0.729361
vt 0.749520 0.758345
vt 0.725102 0.580829
vt 0.313995 0.001912
vt 0.773653 0.933086
vt 0.317956 0.479558
vt 0.321053 0.716674
vt 0.014918 0.721231
vt 0.010912 0.484029
vt 0.324539 0.953507
vt 0.018676 0.958140
vt 0.963644 0.351263
vt 0.949203 0.345149
vt 0.943290 0.330604
vt 0.949346 0.316138
vt 0.963830 0.310139
vt 0.978341 0.316086
vt 0.984445 0.330552
vt 0.978556 0.345086
vt 0.963671 0.356880
vt 0.945222 0.349083
vt 0.937712 0.330572
vt 0.945416 0.312184
vt 0.963813 0.304563
vt 0.982263 0.312118
vt 0.990042 0.330518
vt 0.982510 0.349076
vt 0.939579 0.354656
vt 0.963660 0.364870
vt 0.929801 0.330530
vt 0.939846 0.306584
vt 0.963792 0.296665
vt 0.987827 0.306495
vt 0.997973 0.330469
vt 0.988168 0.354718
vt 0.423399 0.330918
vt 0.442075 0.338811
vt 0.449732 0.357625
vt 0.441898 0.376358
vt 0.423149 0.384124
vt 0.404364 0.376417
vt 0.396475 0.357699
vt 0.404100 0.338912
vt 0.423365 0.323655
vt 0.447220 0.333717
vt 0.456959 0.357659
vt 0.446987 0.381471
vt 0.423166 0.391338
vt 0.399278 0.381552
vt 0.389234 0.357736
vt 0.398988 0.333752
vt 0.454517 0.326502
vt 0.423367 0.313323
vt 0.467199 0.357714
vt 0.454200 0.388720
vt 0.423192 0.401564
vt 0.392076 0.388831
vt 0.378973 0.357793
vt 0.391681 0.326448
vt 0.428009 0.287404
vt 0.419992 0.287399
vt 0.430449 0.262151
vt 0.436123 0.267817
vt 0.435834 0.305343
vt 0.430503 0.310932
vt 0.454523 0.252944
vt 0.454340 0.260665
vt 0.440101 0.271910
vt 0.433717 0.287323
vt 0.439606 0.301431
vt 0.453794 0.312163
vt 0.453994 0.319805
vt 0.477407 0.263281
vt 0.471863 0.268543
vt 0.454241 0.266099
vt 0.453653 0.306770
vt 0.471440 0.304355
vt 0.476898 0.309696
vt 0.486455 0.286624
vt 0.478818 0.286541
vt 0.467949 0.272256
vt 0.467557 0.300567
vt 0.473395 0.286473
vt 0.929336 0.263212
vt 0.921988 0.264290
vt 0.928311 0.241406
vt 0.933962 0.245783
vt 0.939299 0.280218
vt 0.934766 0.286101
vt 0.948667 0.229997
vt 0.949514 0.237080
vt 0.937946 0.248841
vt 0.934582 0.262526
vt 0.942460 0.275978
vt 0.956765 0.284705
vt 0.957820 0.291773
vt 0.971341 0.236295
vt 0.966941 0.241998
vt 0.950097 0.242080
vt 0.956045 0.279733
vt 0.971959 0.275391
vt 0.977726 0.279596
vt 0.983318 0.256736
vt 0.976189 0.257788
vt 0.963809 0.246041
vt 0.967884 0.272441
vt 0.971134 0.258542
vt 0.362119 0.877073
vt 0.603852 0.010395
vt 0.332095 0.868692
vt 0.573877 0.002022
vt 0.328188 0.694376
vt 0.723284 0.043774
vt 0.649906 0.810814
vt 0.739543 0.800375
vt 0.657994 0.880271
vt 0.747631 0.869834
vt 0.617550 0.532985
vt 0.707186 0.522545
vt 0.609460 0.463528
vt 0.699098 0.453089
vt 0.930195 0.371374
vt 0.700514 0.403008
vt 0.905627 0.193276
vt 0.675873 0.224996
vt 0.315535 0.241666
vt 0.006553 0.245659
vt 0.483122 0.902172
vt 0.328397 0.264631
vt 0.998008 0.903850
vt 0.001992 0.005456
vn 0.000000 0.411744 -0.911300
vn 0.000000 0.411743 -0.911300
vn 0.000000 0.411743 -0.911300
vn 0.000000 0.411743 -0.911300
vn 0.000000 -0.411753 -0.911295
vn 0.000000 -0.411753 -0.911295
vn 0.000000 -0.411753 -0.911295
vn 0.000000 -0.411753 -0.911295
vn 0.000000 -0.934858 -0.355021
vn 0.000000 -0.934858 -0.355021
vn 0.000000 -0.934858 -0.355021
vn 0.000000 -0.934858 -0.355021
vn 0.000000 -0.934859 0.355020
vn 0.000000 -0.934859 0.355020
vn 0.000000 -0.934859 0.355020
vn 0.000000 -0.934859 0.355020
vn 0.000000 -0.411750 0.911297
vn 0.000000 -0.411750 0.911297
vn 0.000000 -0.411750 0.911297
vn 0.000000 -0.411750 0.911297
vn 0.000000 0.411740 0.911301
vn 0.000000 0.411740 0.911301
vn 0.000000 0.411740 0.911301
vn 0.000000 0.411740 0.911301
vn 0.000000 0.934869 0.354994
vn 0.000000 0.934869 0.354994
vn 0.000000 0.934869 0.354994
vn 0.000000 0.934869 0.354994
vn 0.000000 0.934868 -0.354995
vn 0.000000 0.934868 -0.354995
vn 0.000000 0.934868 -0.354995
vn 0.000000 0.934868 -0.354995
vn 1.000000 -0.000001 0.000000
vn 1.000000 -0.000001 0.000000
vn 1.000000 -0.000001 0.000000
vn 1.000000 -0.000001 0.000000
vn 1.000000 -0.000001 -0.000000
vn 1.000000 -0.000001 -0.000000
vn 1.000000 -0.000001 0.000000
vn 1.000000 -0.000001 0.000000
vn -1.000000 0.000000 -0.000000
vn -1.000000 0.000000 -0.000000
vn -1.000000 0.000000 0.000000
vn -1.000000 0.000000 0.000000
vn -1.000000 0.000000 0.000000
vn -1.000000 0.000000 0.000000
vn -1.000000 0.000000 0.000000
vn -1.000000 0.000000 -0.000000
vn -0.663896 -0.699117 -0.265477
vn -0.663896 -0.699117 -0.265477
vn -0.663896 -0.699117 -0.265477
vn -0.663896 -0.699117 -0.265477
vn -0.686437 -0.299416 -0.662687
vn -0.686437 -0.299416 -0.662687
vn -0.686437 -0.299416 -0.662687
vn -0.686437 -0.299416 -0.662687
vn -0.686440 0.299414 -0.662685
vn -0.686440 0.299414 -0.662685
vn -0.686440 0.299414 -0.662685
vn -0.686440 0.299414 -0.662685
vn -0.663895 -0.699117 0.265477
vn -0.663895 -0.699117 0.265477
vn -0.663895 -0.699117 0.265477
vn -0.663895 -0.699117 0.265477
vn -0.686437 -0.299415 0.662687
vn -0.686437 -0.299415 0.662687
vn -0.686437 -0.299415 0.662687
vn -0.686437 -0.299415 0.662687
vn -0.686440 0.299415 0.662685
vn -0.686440 0.299415 0.662685
vn -0.686440 0.299415 0.662685
vn -0.686440 0.299415 0.662685
vn -0.663901 0.699111 0.265479
vn -0.663901 0.699111 0.265479
vn -0.663901 0.699111 0.265479
vn -0.663901 0.699111 0.265479
vn -0.663900 0.699113 -0.265476
vn -0.663900 0.699113 -0.265476
vn -0.663900 0.699113 -0.265476
vn -0.663900 0.699113 -0.265476
vn -1.000000 0.000000 -0.000000
vn -1.000000 0.000000 -0.000000
vn -1.000000 0.000000 0.000000
vn -1.000000 0.000000 0.000000
vn -1.000000 -0.000000 0.000000
vn -1.000000 -0.000000 0.000000
vn -1.000000 -0.000000 0.000000
vn -1.000000 -0.000000 -0.000000
vn 0.686448 0.299411 -0.662678
vn 0.686448 0.299411 -0.662678
vn 0.686448 0.299411 -0.662678
vn 0.686448 0.299411 -0.662678
vn 0.686446 -0.299413 -0.662680
vn 0.686446 -0.299413 -0.662680
vn 0.686446 -0.299413 -0.662680
vn 0.686446 -0.299413 -0.662680
vn 0.663903 -0.699110 -0.265478
vn 0.663903 -0.699110 -0.265478
vn 0.663903 -0.699110 -0.265478
vn 0.663903 -0.699110 -0.265478
vn 0.663903 -0.699110 0.265478
vn 0.663903 -0.699110 0.265478
vn 0.663903 -0.699110 0.265478
vn 0.663903 -0.699110 0.265478
vn 0.686445 -0.299412 0.662680
vn 0.686445 -0.299412 0.662680
vn 0.686445 -0.299412 0.662680
vn 0.686445 -0.299412 0.662680
vn 0.686447 0.299412 0.662679
vn 0.686447 0.299412 0.662679
vn 0.686447 0.299412 0.662679
vn 0.686447 0.299412 0.662679
vn 0.663908 0.699105 0.265477
vn 0.663908 0.699105 0.265477
vn 0.663908 0.699105 0.265477
vn 0.663908 0.699105 0.265477
vn 0.663907 0.699107 -0.265474
vn 0.663907 0.699107 -0.265474
vn 0.663907 0.699107 -0.265474
vn 0.663908 0.699107 -0.265474
vn 1.000000 -0.000000 -0.000000
vn 1.000000 -0.000002 -0.000002
vn 1.000000 -0.000002 -0.000001
vn 1.000000 -0.000000 -0.000000
vn 1.000000 -0.000004 0.000000
vn 1.000000 -0.000004 0.000000
vn 1.000000 -0.000003 0.000002
vn 1.000000 -0.000002 0.000001
vn 1.000000 -0.000001 -0.000001
vn 1.000000 -0.000001 -0.000001
vn 1.000000 -0.000003 -0.000003
vn 1.000000 -0.000003 -0.000003
vn 1.000000 -0.000004 -0.000000
vn 1.000000 -0.000004 -0.000000
vn 1.000000 -0.000001 0.000001
vn 1.000000 -0.000001 0.000001
vn 0.000000 -0.411745 -0.911299
vn 0.000000 -0.411745 -0.911299
vn 0.000000 -0.411745 -0.911299
vn 0.000000 -0.411745 -0.911299
vn 0.000000 -0.934866 -0.355001
vn 0.000000 -0.934866 -0.355001
vn 0.000000 -0.934866 -0.355001
vn 0.000000 -0.934866 -0.355001
vn 0.000000 -0.934866 0.355001
vn 0.000000 -0.934866 0.355001
vn 0.000000 -0.934866 0.355001
vn 0.000000 -0.934866 0.355001
vn 0.000000 -0.411744 0.911300
vn 0.000000 -0.411744 0.911300
vn 0.000000 -0.411744 0.911300
vn 0.000000 -0.411744 0.911300
vn 0.000000 0.411743 0.911300
vn 0.000000 0.411743 0.911300
vn 0.000000 0.411743 0.911300
vn 0.000000 0.411743 0.911300
vn 0.000000 0.934865 0.355004
vn 0.000000 0.934865 0.355004
vn 0.000000 0.934865 0.355004
vn 0.000000 0.934865 0.355004
vn 0.000000 0.934867 -0.354998
vn 0.000000 0.934867 -0.354998
vn 0.000000 0.934867 -0.354998
vn 0.000000 0.934867 -0.354998
vn 0.000000 0.411741 -0.911301
vn 0.000000 0.411741 -0.911301
vn 0.000000 0.411741 -0.911301
vn 0.000000 0.411741 -0.911301
vn 0.663908 0.699105 -0.265478
vn 0.663908 0.699105 -0.265478
vn 0.663908 0.699105 -0.265478
vn 0.663908 0.699105 -0.265478
vn 0.686447 0.299411 -0.662679
vn 0.686447 0.299411 -0.662679
vn 0.686447 0.299411 -0.662679
vn 0.686447 0.299411 -0.662679
vn 0.686447 -0.299415 -0.662678
vn 0.686447 -0.299415 -0.662678
vn 0.686447 -0.299415 -0.662678
vn 0.686447 -0.299415 -0.662678
vn 0.663905 0.699108 0.265476
vn 0.663905 0.699108 0.265476
vn 0.663905 0.699108 0.265476
vn 0.663905 0.699108 0.265476
vn 0.686447 0.299411 0.662680
vn 0.686447 0.299411 0.662680
vn 0.686447 0.299411 0.662680
vn 0.686447 0.299411 0.662679
vn 0.686447 -0.299411 0.662679
vn 0.686447 -0.299411 0.662679
vn 0.686447 -0.299411 0.662679
vn 0.686447 -0.299411 0.662679
vn 0.663906 -0.699107 0.265477
vn 0.663906 -0.699107 0.265477
vn 0.663906 -0.699107 0.265477
vn 0.663906 -0.699107 0.265477
vn 0.663908 -0.699105 -0.265478
vn 0.663908 -0.699105 -0.265478
vn 0.663907 -0.699105 -0.265478
vn 0.663907 -0.699105 -0.265478
vn 1.000000 -0.000001 0.000000
vn 1.000000 -0.000002 0.000000
vn 1.000000 -0.000003 0.000000
vn 1.000000 -0.000004 0.000000
vn 1.000000 0.000001 -0.000000
vn 1.000000 0.000002 -0.000000
vn 1.000000 -0.000002 0.000000
vn 1.000000 -0.000001 0.000000
vn -0.686439 0.299415 -0.662686
vn -0.686439 0.299415 -0.662686
vn -0.686439 0.299415 -0.662686
vn -0.686439 0.299415 -0.662686
vn -0.663906 0.699106 -0.265480
vn -0.663906 0.699106 -0.265480
vn -0.663906 0.699106 -0.265480
vn -0.663906 0.699106 -0.265480
vn -0.686444 -0.299417 -0.662679
vn -0.686444 -0.299417 -0.662679
vn -0.686444 -0.299417 -0.662679
vn -0.686444 -0.299417 -0.662679
vn -0.663909 0.699103 0.265480
vn -0.663909 0.699103 0.265480
vn -0.663909 0.699103 0.265480
vn -0.663909 0.699103 0.265480
vn -0.686441 0.299415 0.662683
vn -0.686441 0.299415 0.662683
vn -0.686441 0.299415 0.662683
vn -0.686441 0.299415 0.662683
vn -0.686442 -0.299415 0.662682
vn -0.686442 -0.299415 0.662682
vn -0.686442 -0.299415 0.662682
vn -0.686442 -0.299415 0.662682
vn -0.663903 -0.699109 0.265480
vn -0.663903 -0.699109 0.265480
vn -0.663903 -0.699109 0.265480
vn -0.663903 -0.699109 0.265480
vn -0.663901 -0.699111 -0.265479
vn -0.663901 -0.699111 -0.265479
vn -0.663901 -0.699111 -0.265479
vn -0.663901 -0.699111 -0.265479
vn -1.000000 -0.000002 0.000002
vn -1.000000 0.000000 0.000003
vn -1.000000 0.000000 0.000003
vn -1.000000 -0.000002 0.000002
vn -1.000000 0.000006 0.000000
vn -1.000000 0.000006 0.000000
vn -1.000000 0.000009 -0.000001
vn -1.000000 0.000008 -0.000001
vn -1.000000 0.000001 -0.000000
vn -1.000000 0.000001 -0.000000
vn -1.000000 -0.000005 -0.000000
vn -1.000000 -0.000005 -0.000000
vn -1.000000 -0.000006 0.000000
vn -1.000000 -0.000006 0.000000
vn -1.000000 -0.000004 0.000000
vn -1.000000 -0.000004 0.000000
vn 0.000000 0.411741 -0.911301
vn 0.000000 0.411741 -0.911301
vn 0.000000 0.411741 -0.911301
vn 0.000000 0.411741 -0.911301
vn 0.000002 0.934865 -0.355004
vn 0.000002 0.934865 -0.355004
vn 0.000002 0.934865 -0.355004
vn 0.000002 0.934865 -0.355004
vn 0.000002 0.934865 0.355003
vn 0.000002 0.934865 0.355003
vn 0.000002 0.934865 0.355003
vn 0.000002 0.934865 0.355003
vn 0.000000 0.411743 0.911300
vn 0.000000 0.411743 0.911300
vn 0.000000 0.411743 0.911300
vn 0.000000 0.411743 0.911300
vn 0.000000 -0.411746 0.911299
vn 0.000000 -0.411746 0.911299
vn 0.000000 -0.411746 0.911299
vn 0.000000 -0.411746 0.911299
vn 0.000000 -0.934865 0.355004
vn 0.000000 -0.934865 0.355004
vn 0.000000 -0.934865 0.355004
vn 0.000000 -0.934865 0.355004
vn 0.000000 -0.934865 -0.355004
vn 0.000000 -0.934865 -0.355004
vn 0.000000 -0.934865 -0.355004
vn 0.000000 -0.934865 -0.355004
vn 0.000000 -0.411748 -0.911298
vn 0.000000 -0.411748 -0.911298
vn 0.000000 -0.411748 -0.911298
vn 0.000000 -0.411748 -0.911298
s off
g Closet_2 pCylinder2
usemtl lambert4SG
f 625/1003/1229 626/1125/1230 634/1126/1231 633/1004/1232
f 626/1125/1233 627/1127/1234 635/1128/1235 634/1126/1236
f 627/993/1237 628/994/1238 636/995/1239 635/996/1240
f 628/994/1241 629/997/1242 637/998/1243 636/995/1244
f 629/997/1245 630/1129/1246 638/1146/1247 637/998/1248
f 630/1145/1249 631/999/1250 639/1002/1251 638/1130/1252
f 631/999/1253 632/1000/1254 640/1001/1255 639/1002/1256
f 632/1000/1257 625/1003/1258 633/1004/1259 640/1001/1260
s 1
f 642/1029/1261 641/1030/1262 643/1031/1263 644/1032/1264 645/1033/1265 646/1034/1266 647/1035/1267 648/1036/1268
s 2
f 649/1053/1269 650/1054/1270 651/1055/1271 652/1056/1272 653/1057/1273 654/1058/1274 655/1059/1275 656/1060/1276
s off
f 657/1062/1277 658/1069/1278 662/1071/1279 661/1063/1280
f 658/1069/1281 657/1062/1282 660/1061/1283 659/1070/1284
f 659/1070/1285 660/1061/1286 671/1068/1287 672/1076/1288
f 661/1063/1289 662/1071/1290 664/1072/1291 663/1064/1292
f 663/1064/1293 664/1072/1294 666/1073/1295 665/1065/1296
f 665/1065/1297 666/1073/1298 668/1074/1299 667/1066/1300
f 667/1066/1301 668/1074/1302 670/1075/1303 669/1067/1304
f 669/1067/1305 670/1075/1306 672/1076/1307 671/1068/1308
s 2
f 650/1054/1270 649/1053/1269 660/1061/1309 657/1062/1310
f 651/1055/1271 650/1054/1270 657/1062/1310 661/1063/1311
f 652/1056/1272 651/1055/1271 661/1063/1311 663/1064/1312
f 653/1057/1273 652/1056/1272 663/1064/1312 665/1065/1313
f 654/1058/1274 653/1057/1273 665/1065/1313 667/1066/1314
f 655/1059/1275 654/1058/1274 667/1066/1314 669/1067/1315
f 656/1060/1276 655/1059/1275 669/1067/1315 671/1068/1316
f 649/1053/1269 656/1060/1276 671/1068/1316 660/1061/1309
s off
f 673/1077/1317 674/1078/1318 688/1079/1319 687/1080/1320
f 674/1078/1321 673/1077/1322 675/1081/1323 676/1082/1324
f 676/1082/1325 675/1081/1326 677/1088/1327 678/1089/1328
f 678/1089/1329 677/1088/1330 679/1094/1331 680/1095/1332
f 680/1095/1333 679/1094/1334 681/1097/1335 682/1096/1336
f 682/1096/1337 681/1097/1338 683/1091/1339 684/1090/1340
f 684/1090/1341 683/1091/1342 685/1084/1343 686/1083/1344
f 686/1083/1345 685/1084/1346 687/1080/1347 688/1079/1348
s 3
f 634/1086/1349 635/1087/1350 675/1081/1351 673/1077/1352
f 635/1087/1350 636/1093/1353 677/1088/1354 675/1081/1351
f 636/1093/1353 637/1099/1355 679/1094/1356 677/1088/1354
f 637/1099/1355 638/1100/1357 681/1097/1358 679/1094/1356
f 638/1100/1357 639/1098/1359 683/1091/1360 681/1097/1358
f 639/1098/1359 640/1092/1361 685/1084/1362 683/1091/1360
f 640/1092/1361 633/1085/1363 687/1080/1364 685/1084/1362
f 633/1085/1363 634/1086/1349 673/1077/1352 687/1080/1364
s off
f 674/1131/1365 676/1005/1366 658/1008/1367 659/1132/1368
f 676/1005/1369 678/1006/1370 662/1007/1371 658/1008/1372
f 678/1006/1373 680/1009/1374 664/1010/1375 662/1007/1376
f 680/1009/1377 682/1135/1378 666/1136/1379 664/1010/1380
f 682/1135/1381 684/1137/1382 668/1138/1383 666/1136/1384
f 684/1011/1385 686/1012/1386 670/1013/1387 668/1014/1388
f 686/1012/1389 688/1015/1390 672/1016/1391 670/1013/1392
f 688/1133/1393 674/1131/1394 659/1132/1395 672/1134/1396
f 689/1038/1397 690/1045/1398 694/1047/1399 693/1039/1400
f 690/1045/1401 689/1038/1402 692/1037/1403 691/1046/1404
f 691/1046/1405 692/1037/1406 703/1044/1407 704/1052/1408
f 693/1039/1409 694/1047/1410 696/1048/1411 695/1040/1412
f 695/1040/1413 696/1048/1414 698/1049/1415 697/1041/1416
f 697/1041/1417 698/1049/1418 700/1050/1419 699/1042/1420
f 699/1042/1421 700/1050/1422 702/1051/1423 701/1043/1424
f 701/1043/1425 702/1051/1426 704/1052/1427 703/1044/1428
s 1
f 641/1030/1262 642/1029/1261 692/1037/1429 689/1038/1430
f 643/1031/1263 641/1030/1262 689/1038/1430 693/1039/1431
f 644/1032/1264 643/1031/1263 693/1039/1431 695/1040/1432
f 645/1033/1265 644/1032/1264 695/1040/1432 697/1041/1433
f 646/1034/1266 645/1033/1265 697/1041/1433 699/1042/1434
f 647/1035/1267 646/1034/1266 699/1042/1434 701/1043/1435
f 648/1036/1268 647/1035/1267 701/1043/1435 703/1044/1436
f 642/1029/1261 648/1036/1268 703/1044/1436 692/1037/1429
s off
f 705/1101/1437 706/1102/1438 708/1103/1439 707/1104/1440
f 706/1102/1441 705/1101/1442 709/1105/1443 710/1106/1444
f 707/1104/1445 708/1103/1446 720/1107/1447 719/1108/1448
f 710/1106/1449 709/1105/1450 711/1112/1451 712/1113/1452
f 712/1113/1453 711/1112/1454 713/1118/1455 714/1119/1456
f 714/1119/1457 713/1118/1458 715/1121/1459 716/1120/1460
f 716/1120/1461 715/1121/1462 717/1115/1463 718/1114/1464
f 718/1114/1465 717/1115/1466 719/1108/1467 720/1107/1468
s 4
f 626/1109/1469 625/1110/1470 705/1101/1471 707/1104/1472
f 625/1110/1470 632/1111/1473 709/1105/1474 705/1101/1471
f 632/1111/1473 631/1117/1475 711/1112/1476 709/1105/1474
f 631/1117/1475 630/1123/1477 713/1118/1478 711/1112/1476
f 630/1123/1477 629/1124/1479 715/1121/1480 713/1118/1478
f 629/1124/1479 628/1122/1481 717/1115/1482 715/1121/1480
f 628/1122/1481 627/1116/1483 719/1108/1484 717/1115/1482
f 627/1116/1483 626/1109/1469 707/1104/1472 719/1108/1484
s off
f 708/1139/1485 706/1017/1486 690/1020/1487 691/1140/1488
f 706/1017/1489 710/1018/1490 694/1019/1491 690/1020/1492
f 710/1018/1493 712/1147/1494 696/1022/1495 694/1019/1496
f 712/1021/1497 714/1143/1498 698/1144/1499 696/1148/1500
f 714/1143/1501 716/1023/1502 700/1026/1503 698/1144/1504
f 716/1023/1505 718/1024/1506 702/1025/1507 700/1026/1508
f 718/1024/1509 720/1027/1510 704/1028/1511 702/1025/1512
f 720/1141/1513 708/1139/1514 691/1140/1515 704/1142/1516
