# This file uses centimeters as units for non-parametric coordinates.

mtllib ENV_MESAS.mtl
g default
v -6.513048 1.276875 0.672389
v -6.530607 1.297784 0.691545
v -6.530607 1.316699 0.653495
v -6.530607 1.297784 0.615445
v -6.481847 1.297784 0.649925
v -6.506227 1.297784 0.632685
v -6.513048 1.525590 0.672389
v -6.481847 1.504681 0.649925
v -6.530607 1.504681 0.615445
v -6.530607 1.485762 0.653495
v -6.530607 1.504681 0.691545
v -6.506227 1.504681 0.632685
v -6.246822 1.297784 0.849605
v -6.261105 1.297784 0.884084
v -6.295585 1.297784 0.898367
v -6.295585 1.504681 0.898367
v -6.261105 1.504681 0.884084
v -6.246822 1.504681 0.849605
v -6.481847 1.297784 0.898367
v -6.516327 1.297784 0.884084
v -6.530607 1.297784 0.849605
v -6.530607 1.504681 0.849605
v -6.516327 1.504681 0.884084
v -6.481847 1.504681 0.898367
v -6.530607 2.781803 0.698686
v -6.481847 2.781803 0.649925
v -6.516327 2.781803 0.664206
v -6.261105 1.504681 0.664206
v -6.246822 1.504681 0.698686
v -6.246822 1.452962 0.649925
v -6.246822 1.504681 0.598206
v -6.295585 1.504681 0.649925
v -6.246822 2.781803 0.698686
v -6.261105 2.781803 0.664206
v -6.295585 2.781803 0.649925
v -6.481847 2.781803 0.898367
v -6.530607 2.781803 0.849605
v -6.516327 2.781803 0.884084
v -6.246822 2.781803 0.849605
v -6.295585 2.781803 0.898367
v -6.261105 2.781803 0.884084
v -6.261105 1.297784 0.664206
v -6.295585 1.297784 0.649925
v -6.246822 1.297784 0.598206
v -6.246822 1.349503 0.649925
v -6.246822 1.297784 0.698686
v -6.261105 0.037918 0.698686
v -6.295585 0.023636 0.698686
v -6.295585 0.037918 0.664206
v -6.295585 0.072397 0.649925
v -6.261105 0.072397 0.664206
v -6.246822 0.072397 0.698686
v -6.516327 0.037918 0.698745
v -6.530607 0.072397 0.698686
v -6.516327 0.072397 0.664206
v -6.481847 0.072397 0.649925
v -6.481847 0.037918 0.664206
v -6.481847 0.023636 0.698686
v -6.295585 0.037918 0.884084
v -6.295585 0.023636 0.849605
v -6.261105 0.037918 0.849605
v -6.246822 0.072397 0.849605
v -6.261105 0.072397 0.884084
v -6.295585 0.072397 0.898367
v -6.516327 0.037918 0.849605
v -6.481847 0.023636 0.849605
v -6.481847 0.037918 0.884084
v -6.481847 0.072397 0.898367
v -6.516327 0.072397 0.884084
v -6.530607 0.072397 0.849605
v -6.520352 1.297510 0.657927
v -6.520352 1.504954 0.657927
v -6.246822 1.504681 0.649925
v -6.246822 1.297784 0.649925
v -6.267441 0.044254 0.670544
v -6.510008 0.044262 0.670506
v -6.267441 0.044254 0.877748
v -6.509988 0.044254 0.877748
v -6.526688 0.038264 -1.447401
v -6.515980 0.027556 -1.447401
v -6.501351 0.023636 -1.447401
v -6.501351 0.027556 -1.432773
v -6.501351 0.038264 -1.422064
v -6.501351 0.052893 -1.418145
v -6.515980 0.052893 -1.422064
v -6.526688 0.052893 -1.432773
v -6.530607 0.052893 -1.447401
v -6.261451 0.027556 -1.447401
v -6.250742 0.038264 -1.447401
v -6.246822 0.052893 -1.447401
v -6.250742 0.052893 -1.432773
v -6.261451 0.052893 -1.422064
v -6.276080 0.052893 -1.418145
v -6.276080 0.038264 -1.422064
v -6.276080 0.027556 -1.432773
v -6.276080 0.023636 -1.447401
v -6.526688 0.052893 -1.700853
v -6.515980 0.052893 -1.711562
v -6.501351 0.052893 -1.715482
v -6.501351 0.038264 -1.711562
v -6.501351 0.027556 -1.700853
v -6.501351 0.023636 -1.686225
v -6.515980 0.027556 -1.686225
v -6.526688 0.038264 -1.686225
v -6.530607 0.052893 -1.686225
v -6.261451 0.052893 -1.711562
v -6.250742 0.052893 -1.700853
v -6.246822 0.052893 -1.686225
v -6.250742 0.038264 -1.686225
v -6.261451 0.027556 -1.686225
v -6.276080 0.023636 -1.686225
v -6.276080 0.027556 -1.700853
v -6.276080 0.038264 -1.711562
v -6.276080 0.052893 -1.715482
v -6.530607 1.297784 -1.387113
v -6.530607 1.328816 -1.418145
v -6.530607 1.297784 -1.447401
v -6.526688 1.297784 -1.432773
v -6.515980 1.297784 -1.422064
v -6.501351 1.297784 -1.418145
v -6.246822 1.297784 -1.387113
v -6.276080 1.297784 -1.418145
v -6.261451 1.297784 -1.422064
v -6.250742 1.297784 -1.432773
v -6.246822 1.297784 -1.447401
v -6.246822 1.328816 -1.418145
v -6.515980 2.781803 -1.711562
v -6.526688 2.781803 -1.700853
v -6.530607 2.781803 -1.686225
v -6.501351 2.781803 -1.715482
v -6.530607 1.504681 -1.686225
v -6.526688 1.504681 -1.700853
v -6.515980 1.504681 -1.711562
v -6.501351 1.504681 -1.715482
v -6.250742 2.781803 -1.700853
v -6.261451 2.781803 -1.711562
v -6.276080 2.781803 -1.715482
v -6.246822 2.781803 -1.686225
v -6.246822 1.504681 -1.686225
v -6.250742 1.504681 -1.700853
v -6.261451 1.504681 -1.711562
v -6.276080 1.504681 -1.715482
v -6.501351 1.297784 -1.715482
v -6.515980 1.297784 -1.711562
v -6.526688 1.297784 -1.700853
v -6.530607 1.297784 -1.686225
v -6.246822 1.297784 -1.686225
v -6.250742 1.297784 -1.700853
v -6.261451 1.297784 -1.711562
v -6.276080 1.297784 -1.715482
v -6.526688 2.781803 -1.432773
v -6.515980 2.781803 -1.422064
v -6.501351 2.781803 -1.418145
v -6.530607 2.781803 -1.447401
v -6.530607 1.504681 -1.387113
v -6.501351 1.504681 -1.418145
v -6.515980 1.504681 -1.422064
v -6.526688 1.504681 -1.432773
v -6.530607 1.504681 -1.447401
v -6.530607 1.473650 -1.418145
v -6.261451 2.781803 -1.422064
v -6.250742 2.781803 -1.432773
v -6.246822 2.781803 -1.447401
v -6.276080 2.781803 -1.418145
v -6.246822 1.504681 -1.387113
v -6.246822 1.473650 -1.418145
v -6.246822 1.504681 -1.447401
v -6.250742 1.504681 -1.432773
v -6.261451 1.504681 -1.422064
v -6.276080 1.504681 -1.418145
v -6.524488 0.040251 -1.434760
v -6.513993 0.029756 -1.434760
v -6.513993 0.040251 -1.424264
v -6.263438 0.029756 -1.434760
v -6.252942 0.040251 -1.434760
v -6.263438 0.040251 -1.424264
v -6.524488 0.040251 -1.698866
v -6.513993 0.040251 -1.709362
v -6.513993 0.029756 -1.698866
v -6.263438 0.040251 -1.709362
v -6.252942 0.040251 -1.698866
v -6.263438 0.029756 -1.698866
v -6.530607 1.308128 -1.418145
v -6.530607 1.297784 -1.407801
v -6.246822 1.297784 -1.407801
v -6.246822 1.308128 -1.418145
v -6.530607 1.504681 -1.407801
v -6.530607 1.494337 -1.418145
v -6.246822 1.494337 -1.418145
v -6.246822 1.504681 -1.407801
vt 0.563613 0.601430
vt 0.563900 0.621682
vt 0.572389 0.601306
vt 0.572676 0.621558
vt 0.571296 0.523946
vt 0.562233 0.503818
vt 0.562233 0.503818
vt 0.563613 0.601430
vt 0.562519 0.524070
vt 0.563900 0.621682
vt 0.563613 0.601430
vt 0.563613 0.601430
vt 0.562519 0.524070
vt 0.563613 0.601430
vt 0.563613 0.601430
vt 0.571296 0.523946
vt 0.562519 0.524070
vt 0.572676 0.621558
vt 0.572676 0.621558
vt 0.572389 0.601306
vt 0.571009 0.503694
vt 0.562519 0.524070
vt 0.562519 0.524070
vt 0.562233 0.503818
vt 0.562519 0.524070
vt 0.563900 0.621682
vt 0.563900 0.621682
vt 0.571009 0.503694
vt 0.562233 0.503818
vt 0.571009 0.503694
vt 0.572389 0.601306
vt 0.571296 0.523946
vt 0.571009 0.503694
vt 0.572676 0.621558
vt 0.572389 0.601306
vt 0.563756 0.611556
vt 0.572533 0.611432
vt 0.571296 0.523946
vt 0.568815 0.503725
vt 0.564427 0.503787
vt 0.563826 0.616453
vt 0.566094 0.621651
vt 0.572603 0.616437
vt 0.570481 0.621589
vt 0.562233 0.503818
vt 0.571009 0.503694
vt 0.563900 0.621682
vt 0.572676 0.621558
vt 0.572676 0.621558
vt 0.571009 0.503694
vt 0.571009 0.503694
vt 0.572676 0.621558
vt 0.571009 0.503694
vt 0.562233 0.503818
vt 0.562306 0.509025
vt 0.562511 0.523486
vt 0.562294 0.508176
vt 0.563826 0.616469
vt 0.563835 0.617148
vt 0.563621 0.602013
vt 0.562511 0.523486
vt 0.562306 0.509025
vt 0.562294 0.508176
vt 0.563826 0.616475
vt 0.563621 0.602014
vt 0.563838 0.617324
vt 0.563900 0.621682
vt 0.572676 0.621558
vt 0.569491 0.503716
vt 0.563880 0.504432
vt 0.562233 0.503818
vt 0.563900 0.621682
vt 0.562233 0.503818
vt 0.563900 0.621682
vt 0.563900 0.621682
vt 0.572676 0.621558
vt 0.562233 0.503818
vt 0.571009 0.503694
vt 0.969537 0.603792
vt 0.510921 0.610277
vt 0.563728 0.609530
vt 0.968215 0.510231
vt 0.562405 0.515969
vt 0.509262 0.492968
vt 0.512595 0.728695
vt 0.873545 0.511570
vt 0.862030 0.605313
vt 0.860707 0.511751
vt 0.745407 0.606961
vt 0.627544 0.608628
vt 0.625885 0.491318
vt 0.571181 0.515845
vt 0.509598 0.516716
vt 0.809223 0.606059
vt 0.874868 0.605131
vt 0.507924 0.398298
vt 0.560730 0.397552
vt 0.511257 0.634026
vt 0.564063 0.633279
vt 0.574178 0.727824
vt 0.627880 0.632377
vt 0.629218 0.727046
vt 0.744084 0.513400
vt 0.799124 0.512622
vt 0.565402 0.727948
vt 0.572840 0.633155
vt 0.800447 0.606183
vt 0.807900 0.512498
vt 0.562069 0.492221
vt 0.569507 0.397428
vt 0.570845 0.492097
vt 0.637646 0.502752
vt 0.732315 0.501413
vt 0.733982 0.619277
vt 0.639313 0.620615
vt 0.626221 0.515067
vt 0.624546 0.396649
vt 0.565216 0.621663
vt 0.563900 0.621682
vt 0.562233 0.503818
vt 0.563553 0.503799
vt 0.572504 0.609406
vt 0.572676 0.621558
vt 0.571362 0.621576
vt 0.569693 0.503713
vt 0.571009 0.503694
vt 0.862928 0.581004
vt 0.509973 0.630983
vt 0.905257 0.589954
vt 0.509743 0.614779
vt 0.862851 0.575603
vt 0.512840 0.611521
vt 0.578136 0.617379
vt 0.533122 0.625556
vt 0.904697 0.525785
vt 0.508065 0.496046
vt 0.862292 0.536025
vt 0.509566 0.501125
vt 0.509986 0.508667
vt 0.509240 0.515447
vt 0.862368 0.541426
vt 0.508294 0.512249
vt 0.862242 0.617463
vt 0.512720 0.740293
vt 0.861920 0.611321
vt 0.863781 0.605294
vt 0.868321 0.605254
vt 0.868221 0.611153
vt 0.511440 0.734727
vt 0.863417 0.615585
vt 0.860406 0.505816
vt 0.507837 0.386700
vt 0.860458 0.499601
vt 0.861803 0.501443
vt 0.506598 0.392301
vt 0.866715 0.505751
vt 0.867008 0.511632
vt 0.862456 0.511719
vt 0.564061 0.625357
vt 0.564103 0.617553
vt 0.561669 0.508058
vt 0.561632 0.499830
vt 0.751136 0.608141
vt 0.619151 0.729316
vt -0.000000 -0.000000
vt 0.624237 0.728169
vt 0.573924 0.733885
vt 0.800619 0.618335
vt 0.574342 0.739421
vt 0.624382 0.385052
vt 0.743913 0.501249
vt 0.743998 0.507264
vt 0.569343 0.385830
vt 0.798952 0.500471
vt 0.799028 0.506487
vt 0.566358 0.739534
vt 0.808604 0.618222
vt 0.560764 0.739613
vt 0.814197 0.618143
vt 0.807729 0.500347
vt 0.560566 0.385954
vt 0.807811 0.506364
vt 0.627716 0.620779
vt 0.627716 0.620779
vt 0.627630 0.614764
vt 0.573251 0.617285
vt 0.573287 0.625499
vt 0.626134 0.508931
vt 0.626049 0.502916
vt 0.626049 0.502916
vt 0.571375 0.500050
vt 0.571728 0.507846
vt 0.509894 0.625400
vt 0.862901 0.579143
vt 0.509826 0.620598
vt 0.862879 0.577542
vt 0.679050 0.615889
vt 0.508211 0.506430
vt 0.862341 0.539486
vt 0.508143 0.501628
vt 0.862318 0.537886
vt 0.509429 0.508754
vt 0.863443 0.617446
vt 0.511518 0.740310
vt 0.862849 0.610623
vt 0.865874 0.611107
vt 0.861400 0.506469
vt 0.861776 0.499583
vt 0.506519 0.386719
vt 0.864430 0.505760
vt 0.564917 0.621762
vt 0.564603 0.621263
vt 0.562865 0.504262
vt 0.563145 0.504136
vt 0.572048 0.621109
vt 0.571771 0.621229
vt 0.570105 0.503619
vt 0.570394 0.504115
vn -0.016336 0.000000 0.999867
vn -0.016336 0.000000 0.999867
vn 0.016336 0.000000 0.999867
vn 0.016336 0.000000 0.999867
vn 0.064562 0.000000 -0.997914
vn 0.064562 0.000000 -0.997914
vn -0.080604 -0.000569 -0.996746
vn -0.083139 -0.000587 -0.996538
vn -0.859669 0.001379 -0.510849
vn -0.684063 0.002659 -0.729418
vn -0.677833 -0.004038 -0.735204
vn -0.996647 -0.010105 -0.081199
vn -0.080586 0.000593 -0.996747
vn -0.081947 -0.010021 -0.996586
vn -1.000000 0.000000 0.000000
vn -1.000000 0.000000 0.000000
vn -1.000000 0.000000 0.000000
vn -1.000000 0.000000 0.000000
vn -1.000000 0.000000 0.000000
vn -1.000000 0.000000 0.000000
vn -0.683955 -0.002551 -0.729520
vn -0.677207 -0.002588 -0.735788
vn -0.859678 -0.001323 -0.510834
vn -0.859678 -0.001323 -0.510834
vn 0.064567 0.000000 0.997913
vn 0.382690 0.000000 0.923877
vn 0.382689 0.000000 0.923877
vn 0.064567 0.000000 0.997913
vn 0.923870 0.000000 0.382707
vn 0.997206 0.000000 0.074694
vn 0.997201 0.000000 0.074766
vn 0.923870 0.000000 0.382707
vn -0.997172 0.000000 0.075149
vn -0.923895 0.000000 0.382646
vn -0.923895 0.000000 0.382645
vn -0.997172 0.000000 0.075156
vn -0.382695 0.000000 0.923875
vn -0.064567 0.000000 0.997913
vn -0.064567 0.000000 0.997913
vn -0.382694 0.000000 0.923875
vn 0.998294 0.000301 -0.058381
vn 0.928376 0.008685 -0.371540
vn 0.923872 0.000000 -0.382701
vn 0.997046 0.000000 -0.076810
vn 0.382661 0.000000 -0.923889
vn 0.382661 0.000000 -0.923889
vn 0.064561 0.000000 -0.997914
vn 0.382660 0.000000 -0.923889
vn 0.382024 -0.005653 -0.924135
vn 0.063876 -0.010542 -0.997902
vn 0.928556 -0.009040 -0.371081
vn 0.998328 -0.000310 -0.057796
vn 0.997055 -0.010356 -0.075993
vn 0.924133 -0.006011 -0.382023
vn 0.061388 -0.995387 -0.073731
vn 0.377061 -0.925020 -0.046518
vn 0.377060 -0.925020 0.046518
vn 0.061388 -0.995387 0.073731
vn 0.924963 -0.375391 -0.059378
vn 0.997055 -0.010356 0.075994
vn 0.924963 -0.375390 0.059378
vn 0.049294 -0.376699 -0.925023
vn -0.049175 -0.376619 -0.925062
vn 0.039207 -0.924973 -0.378005
vn -0.061357 -0.995387 -0.073750
vn -0.039316 -0.924994 -0.377943
vn -0.925006 -0.375335 -0.059060
vn -0.924983 -0.375338 0.059391
vn -0.997163 -0.010163 0.074588
vn -0.377076 -0.925015 -0.046483
vn -0.061380 -0.995387 0.073733
vn -0.377070 -0.925016 0.046523
vn 0.039208 -0.924971 0.378011
vn -0.039208 -0.924970 0.378013
vn 0.049294 -0.376724 0.925013
vn 0.063881 -0.010542 0.997902
vn -0.063881 -0.010542 0.997902
vn -0.049295 -0.376727 0.925012
vn -1.000000 0.000000 0.000000
vn -1.000000 0.000000 0.000000
vn -1.000000 0.000000 0.000000
vn -0.997157 0.000000 0.075353
vn 0.064567 0.000000 0.997913
vn -0.064567 0.000000 0.997913
vn 0.997046 0.000000 0.076810
vn 1.000000 -0.000650 0.000000
vn 1.000000 0.000650 0.000000
vn 0.000000 1.000000 0.000000
vn 0.000000 1.000000 0.000000
vn 0.000000 1.000000 0.000000
vn 0.000000 1.000000 0.000000
vn 0.000000 1.000000 0.000000
vn 0.000000 1.000000 0.000000
vn 0.000000 1.000000 0.000000
vn 0.000000 1.000000 0.000000
vn 0.000000 1.000000 0.000000
vn 0.000000 1.000000 0.000000
vn 0.000000 1.000000 0.000000
vn 0.000000 1.000000 0.000000
vn 0.924131 -0.006011 0.382029
vn 0.382053 -0.005653 0.924123
vn 0.382689 0.000000 0.923877
vn 0.923870 0.000000 0.382707
vn -0.382058 -0.005652 0.924121
vn -0.924156 -0.006012 0.381968
vn -0.923895 0.000000 0.382645
vn -0.382694 0.000000 0.923875
vn -0.000064 -1.000000 -0.000330
vn -0.000063 -1.000000 -0.000323
vn -0.092774 -0.874328 -0.476385
vn -0.092774 -0.874328 -0.476385
vn -0.836093 -0.487765 -0.251066
vn -0.836093 -0.487765 -0.251066
vn -0.836093 -0.487765 -0.251066
vn -0.836093 -0.487765 -0.251066
vn -0.539455 -0.832707 0.124850
vn -0.539455 -0.832707 0.124850
vn -0.539455 -0.832707 0.124850
vn -0.539455 -0.832707 0.124850
vn -0.836110 0.487725 -0.251085
vn -0.836110 0.487725 -0.251085
vn -0.836110 0.487725 -0.251085
vn -0.836110 0.487725 -0.251085
vn -0.092793 0.874327 -0.476383
vn -0.000063 1.000000 -0.000323
vn -0.000064 1.000000 -0.000330
vn -0.092793 0.874327 -0.476383
vn -0.539534 0.832649 0.124891
vn -0.539534 0.832650 0.124891
vn -0.539534 0.832649 0.124891
vn -0.539534 0.832650 0.124891
vn 0.000000 1.000000 0.000000
vn 0.000000 1.000000 0.000000
vn 0.000000 1.000000 0.000000
vn 0.000000 1.000000 0.000000
vn 1.000000 0.000000 0.000000
vn 0.991139 0.132826 0.000000
vn 0.991139 -0.132827 0.000000
vn 1.000000 0.000000 0.000000
vn 0.000000 -1.000000 -0.000000
vn 0.000000 -1.000000 0.000000
vn 0.000000 -1.000000 0.000000
vn 0.000000 -1.000000 -0.000000
vn 0.887916 -0.325275 -0.325271
vn 0.325257 -0.887926 -0.325263
vn 0.325250 -0.325267 -0.887927
vn -0.325388 -0.888038 -0.324826
vn -0.888199 -0.325166 -0.324606
vn -0.324746 -0.324752 -0.888300
vn 0.325256 -0.325270 0.887924
vn 0.325253 -0.887927 0.325263
vn 0.887918 -0.325269 0.325273
vn -0.887917 -0.325270 0.325274
vn -0.325270 -0.887915 0.325279
vn -0.325273 -0.325282 0.887912
vn 0.000000 -1.000000 -0.000000
vn 0.000000 -1.000000 -0.000000
vn 0.000000 -1.000000 -0.000000
vn 0.000000 -1.000000 -0.000000
vn 0.000000 -1.000000 -0.000000
vn 1.000000 -0.000000 0.000000
vn 1.000000 -0.000104 0.000037
vn 1.000000 0.000104 0.000037
vn 1.000000 0.000000 0.000000
vn -1.000000 -0.000000 0.000000
vn -1.000000 0.000105 0.000037
vn -1.000000 -0.000105 0.000037
vn -1.000000 0.000000 0.000000
vn 0.000000 1.000000 0.000000
vn 0.000000 1.000000 0.000000
vn 0.000000 1.000000 0.000000
vn 0.000000 1.000000 0.000000
vn 0.000000 1.000000 0.000000
vn -0.016135 -0.999753 0.015262
vn -0.500660 -0.865559 0.012111
vn -0.500661 -0.865559 -0.012111
vn -0.016135 -0.999753 -0.015262
vn -0.707070 -0.707067 0.010402
vn -0.707070 -0.707067 -0.010401
vn -0.966202 -0.257462 0.012906
vn -0.999877 -0.003049 0.015401
vn -0.999877 -0.003049 -0.015401
vn -0.966202 -0.257462 -0.012906
vn -0.016276 -0.003049 0.999863
vn -0.013521 -0.257440 0.966200
vn 0.013521 -0.257440 0.966200
vn 0.016276 -0.003049 0.999863
vn -0.011115 -0.707072 0.707054
vn -0.012801 -0.865597 0.500578
vn 0.012801 -0.865597 0.500578
vn 0.011115 -0.707072 0.707054
vn 0.016135 -0.999753 0.015262
vn -0.965984 -0.001760 0.258595
vn -0.967623 -0.004856 0.252354
vn -0.999933 -0.000026 0.011602
vn -0.707114 -0.002200 0.707097
vn -0.707113 -0.002325 0.707096
vn -0.707115 0.000000 0.707098
vn -0.707115 0.000000 0.707098
vn -0.258642 -0.001667 0.965972
vn -0.016336 0.000000 0.999867
vn -0.258809 0.000000 0.965929
vn 0.999877 -0.003051 0.015407
vn 0.966177 -0.257557 0.012905
vn 0.966177 -0.257558 -0.012905
vn 0.999877 -0.003051 -0.015407
vn 0.707086 -0.707051 0.010402
vn 0.500660 -0.865559 0.012111
vn 0.500660 -0.865559 -0.012111
vn 0.707086 -0.707051 -0.010401
vn 0.016135 -0.999753 -0.015262
vn 0.258633 -0.001667 0.965974
vn 0.258800 0.000000 0.965931
vn 0.016336 0.000000 0.999867
vn 0.707131 -0.002325 0.707079
vn 0.707131 -0.002201 0.707079
vn 0.707133 0.000000 0.707080
vn 0.707133 0.000000 0.707080
vn 0.965958 -0.001760 0.258694
vn 0.999933 -0.000026 0.011607
vn 0.967597 -0.004858 0.252452
vn -0.016277 -0.003049 -0.999863
vn -0.258659 -0.001667 -0.965967
vn -0.258826 0.000000 -0.965924
vn -0.016337 0.000000 -0.999866
vn -0.707104 -0.002326 -0.707105
vn -0.707104 -0.002200 -0.707106
vn -0.707106 0.000000 -0.707108
vn -0.707106 0.000000 -0.707108
vn -0.965984 -0.001760 -0.258595
vn -0.999884 0.000000 -0.015247
vn -0.965939 0.000000 -0.258770
vn -0.012801 -0.865594 -0.500582
vn 0.012801 -0.865595 -0.500582
vn -0.011116 -0.707063 -0.707063
vn 0.011116 -0.707063 -0.707063
vn -0.013521 -0.257456 -0.966195
vn 0.016277 -0.003049 -0.999863
vn 0.013521 -0.257456 -0.966195
vn 0.965958 -0.001760 -0.258694
vn 0.965912 0.000000 -0.258870
vn 0.999884 -0.000000 -0.015253
vn 0.707122 -0.002201 -0.707088
vn 0.707122 -0.002326 -0.707088
vn 0.707124 0.000000 -0.707090
vn 0.707124 0.000000 -0.707090
vn 0.258650 -0.001667 -0.965970
vn 0.016337 0.000000 -0.999866
vn 0.258817 0.000000 -0.965926
vn -0.999880 0.000000 -0.015460
vn -0.965939 0.000000 -0.258770
vn -0.965939 0.000000 -0.258770
vn -0.999884 0.000000 -0.015251
vn -0.707106 0.000000 -0.707108
vn -0.707106 0.000000 -0.707108
vn -0.707106 0.000000 -0.707108
vn -0.707106 0.000000 -0.707108
vn -0.258826 0.000000 -0.965924
vn -0.016337 0.000000 -0.999866
vn -0.016337 0.000000 -0.999867
vn -0.258826 0.000000 -0.965924
vn -0.258809 0.000000 0.965929
vn -0.258809 0.000000 0.965929
vn -0.707115 0.000000 0.707098
vn -0.707115 0.000000 0.707098
vn -0.707115 0.000000 0.707098
vn -0.707115 0.000000 0.707098
vn -0.965939 0.000000 0.258770
vn -0.999880 0.000000 0.015460
vn -0.999932 0.000025 0.011676
vn -0.967582 0.004737 0.252511
vn 0.999880 0.000000 0.015466
vn 0.965912 0.000000 0.258870
vn 0.967557 0.004739 0.252609
vn 0.999932 0.000025 0.011681
vn 0.707133 0.000000 0.707081
vn 0.707133 0.000000 0.707081
vn 0.707133 0.000000 0.707081
vn 0.707133 0.000000 0.707081
vn 0.258800 0.000000 0.965931
vn 0.258800 0.000000 0.965931
vn 0.016337 0.000000 -0.999866
vn 0.016337 0.000000 -0.999867
vn 0.999884 -0.000000 -0.015258
vn 0.999880 0.000000 -0.015466
vn 0.000000 1.000000 -0.000000
vn 0.000000 1.000000 -0.000000
vn 0.000000 1.000000 -0.000000
vn 0.000000 1.000000 -0.000000
vn 0.000000 1.000000 -0.000000
vn 0.000000 1.000000 -0.000000
vn 0.000000 1.000000 -0.000000
vn 0.000000 1.000000 -0.000000
vn 0.000000 1.000000 -0.000000
vn 0.000000 1.000000 -0.000000
vn 0.000000 1.000000 -0.000000
vn 0.000000 1.000000 -0.000000
vn 0.000000 1.000000 -0.000000
vn 0.000000 1.000000 -0.000000
vn 0.000000 1.000000 -0.000000
vn 0.000000 1.000000 -0.000000
vn 0.258817 0.000000 -0.965926
vn 0.258818 0.000000 -0.965926
vn 0.707123 0.000000 -0.707090
vn 0.707123 0.000000 -0.707090
vn 0.707123 0.000000 -0.707090
vn 0.707123 0.000000 -0.707090
vn 0.965912 0.000000 -0.258870
vn 0.965912 0.000000 -0.258870
vn -0.946106 -0.229003 0.229002
vn -0.713710 -0.500937 0.489572
vn -0.506023 -0.697082 0.507954
vn -0.228999 -0.946108 0.228994
vn -0.485754 -0.506434 0.712438
vn -0.229004 -0.229009 0.946104
vn 0.228995 -0.946106 0.229006
vn 0.506007 -0.697098 0.507948
vn 0.713700 -0.500955 0.489567
vn 0.946105 -0.229002 0.229003
vn 0.485733 -0.506438 0.712449
vn 0.229000 -0.229012 0.946104
vn -0.946104 -0.229007 -0.229006
vn -0.713709 -0.500943 -0.489566
vn -0.485756 -0.506439 -0.712433
vn -0.229003 -0.229008 -0.946104
vn -0.506025 -0.697082 -0.507951
vn -0.229003 -0.946106 -0.228999
vn 0.228999 -0.229012 -0.946104
vn 0.485736 -0.506443 -0.712444
vn 0.713699 -0.500961 -0.489564
vn 0.946104 -0.229006 -0.229007
vn 0.506009 -0.697097 -0.507948
vn 0.228998 -0.946106 -0.229006
vn -0.997229 -0.070137 0.024797
vn -1.000000 0.000001 0.000000
vn 0.000000 -1.000000 0.000000
vn 0.000000 -1.000000 0.000000
vn -0.591339 -0.801066 -0.092798
vn -0.591339 -0.801066 -0.092798
vn -0.591339 -0.801066 -0.092798
vn -0.591339 -0.801066 -0.092798
vn 0.000000 -1.000000 0.000001
vn 0.000000 -1.000000 0.000001
vn 1.000000 -0.000001 0.000000
vn 0.997227 -0.070167 0.024807
vn 0.591315 -0.801079 -0.092833
vn 0.591315 -0.801079 -0.092833
vn 0.591315 -0.801079 -0.092833
vn 0.591315 -0.801079 -0.092833
vn 0.000000 1.000000 0.000000
vn 0.000000 1.000000 0.000000
vn -1.000000 -0.000001 0.000000
vn -0.997229 0.070136 0.024797
vn -0.591330 0.801073 -0.092796
vn -0.591330 0.801073 -0.092796
vn -0.591330 0.801073 -0.092796
vn -0.591330 0.801073 -0.092796
vn 0.997227 0.070167 0.024807
vn 1.000000 0.000001 0.000000
vn 0.000000 1.000000 -0.000000
vn 0.000000 1.000000 -0.000000
vn 0.591306 0.801087 -0.092831
vn 0.591306 0.801087 -0.092831
vn 0.591306 0.801087 -0.092831
vn 0.591306 0.801087 -0.092831
s 1
g pCube2 mesa
usemtl lambert2SG
f 153/90/1 156/122/2 170/92/3 164/116/4
s 2
f 35/5/5 32/38/6 8/3/7 26/31/8
s 3
f 2/2/9 1/41/10 55/59/11 54/27/12
f 1/41/10 5/1/13 56/8/14 55/59/11
s 4
f 4/75/15 3/42/16 10/44/17 9/76/18
f 3/42/16 2/2/19 11/18/20 10/44/17
s 2
f 8/3/7 7/43/21 27/49/22 26/31/8
f 7/43/21 11/18/23 25/4/24 27/49/22
s 5
f 15/25/25 14/45/26 17/46/27 16/16/28
s 6
f 14/45/29 13/29/30 18/21/31 17/46/32
s 3
f 21/26/33 20/47/34 23/48/35 22/19/36
s 5
f 20/47/37 19/15/38 24/20/39 23/48/40
s 6
f 29/28/41 28/50/42 34/51/43 33/30/44
s 2
f 28/50/45 32/38/6 35/5/5 34/51/46
s 3
f 43/22/47 42/54/48 51/57/49 50/23/50
s 6
f 42/54/51 46/24/52 52/6/53 51/57/54
s 12
f 48/9/55 47/55/56 61/62/57 60/17/58
s 6
f 47/55/59 52/6/53 62/7/60 61/62/61
s 3
f 50/23/50 49/56/62 57/60/63 56/8/14
s 12
f 49/56/64 48/9/55 58/11/65 57/60/66
s 3
f 54/27/12 53/58/67 65/64/68 70/10/69
s 12
f 53/58/70 58/11/65 66/12/71 65/64/72
f 60/17/58 59/61/73 67/65/74 66/12/71
s 5
f 59/61/75 64/13/76 68/14/77 67/65/78
f 19/15/38 15/25/25 16/16/28 24/20/39
s 12
f 58/11/65 48/9/55 60/17/58 66/12/71
s 3
f 11/18/79 2/2/80 21/26/33 22/19/36
f 25/4/81 11/18/79 22/19/36 37/34/82
s 5
f 24/20/39 16/16/28 40/32/83 36/35/84
s 6
f 18/21/31 29/28/41 33/30/44 39/33/85
s 3
f 56/8/14 5/1/13 43/22/47 50/23/50
s 6
f 52/6/53 46/24/52 13/29/30 62/7/60
s 5
f 15/25/25 19/15/38 68/14/77 64/13/76
s 3
f 21/26/33 2/2/80 54/27/12 70/10/69
s 6
f 46/24/52 45/40/86 30/39/87 29/28/41 18/21/31 13/29/30
s off
f 39/33/88 33/30/89 34/51/90 35/5/91 26/31/92 27/49/93 25/4/94 37/34/95 38/52/96 36/35/97 40/32/98 41/53/99
s 6
f 13/29/30 14/45/29 63/63/100 62/7/60
s 5
f 14/45/26 15/25/25 64/13/76 63/63/101
f 16/16/28 17/46/27 41/53/102 40/32/83
s 6
f 17/46/32 18/21/31 39/33/85 41/53/103
s 5
f 19/15/38 20/47/37 69/66/104 68/14/77
s 3
f 20/47/34 21/26/33 70/10/69 69/66/105
f 22/19/36 23/48/35 38/52/106 37/34/82
s 5
f 23/48/40 24/20/39 36/35/84 38/52/107
s 14
f 6/36/108 5/1/109 1/41/110 71/67/111
s off
f 1/41/112 2/2/113 3/42/114 71/67/115
f 3/42/116 4/75/117 6/36/118 71/67/119
f 10/44/120 11/18/121 7/43/122 72/68/123
s 15
f 7/43/124 8/3/125 12/37/126 72/68/127
s off
f 12/37/128 9/76/129 10/44/130 72/68/131
s 15
f 32/38/132 28/50/133 73/69/134 31/78/135
s 6
f 31/78/136 73/69/137 30/39/87
f 30/39/87 73/69/137 28/50/42 29/28/41
f 46/24/52 42/54/51 74/70/138 45/40/86
f 45/40/86 74/70/138 44/77/139
s 14
f 44/77/140 74/70/141 42/54/142 43/22/143
s 6
f 51/57/54 52/6/53 47/55/59 75/71/144
s 12
f 47/55/56 48/9/55 49/56/64 75/71/145
s 3
f 49/56/62 50/23/50 51/57/49 75/71/146
s 12
f 57/60/66 58/11/65 53/58/70 76/72/147
s 3
f 53/58/67 54/27/12 55/59/11 76/72/148
f 55/59/11 56/8/14 57/60/63 76/72/149
s 5
f 63/63/101 64/13/76 59/61/75 77/73/150
s 12
f 59/61/73 60/17/58 61/62/57 77/73/151
s 6
f 61/62/61 62/7/60 63/63/100 77/73/152
s 3
f 69/66/105 70/10/69 65/64/68 78/74/153
s 12
f 65/64/72 66/12/71 67/65/74 78/74/154
s 5
f 67/65/78 68/14/77 69/66/104 78/74/155
s 14
f 115/119/156 120/81/157 122/83/158 121/120/159 44/77/140 43/22/143 5/1/109 6/36/108 4/75/160
s 6
f 121/120/161 126/121/162 166/125/163 165/126/164 31/78/136 30/39/87 45/40/86 44/77/139
s 4
f 155/123/165 160/124/166 116/118/167 115/119/168 4/75/15 9/76/18
s 15
f 165/126/169 170/92/170 156/122/171 155/123/172 9/76/173 12/37/126 8/3/125 32/38/132 31/78/135
s 16
f 81/79/174 80/129/175 103/148/176 102/95/177
f 80/129/175 79/127/178 104/150/179 103/148/176
s 4
f 79/128/180 87/98/181 105/85/182 104/149/183
s 18
f 84/80/184 83/132/185 94/140/186 93/93/187
s 16
f 83/132/188 82/130/189 95/142/190 94/140/191
f 82/131/189 81/79/174 96/82/192 95/141/190
s 4
f 87/98/181 86/134/193 118/159/194 117/99/195
s 16
f 86/134/196 85/133/197 119/160/198 118/159/199
s 18
f 85/133/200 84/80/184 120/81/201 119/160/202
s 6
f 90/84/203 89/136/204 109/155/205 108/96/206
s 16
f 89/137/207 88/135/208 110/156/209 109/154/210
f 88/135/208 96/82/192 111/86/211 110/156/209
s 18
f 93/93/187 92/139/212 123/161/213 122/83/214
s 16
f 92/139/215 91/138/216 124/162/217 123/161/218
s 6
f 91/138/219 90/84/203 125/109/220 124/162/221
s 24
f 99/87/222 98/145/223 144/177/224 143/94/225
s 16
f 98/145/226 97/143/227 145/179/228 144/177/229
s 4
f 97/144/230 105/85/182 146/105/231 145/178/232
s 16
f 102/95/177 101/147/233 112/157/234 111/86/211
f 101/147/233 100/146/235 113/158/236 112/157/234
s 24
f 100/146/237 99/87/222 114/88/238 113/158/239
s 6
f 108/96/206 107/152/240 148/181/241 147/97/242
s 16
f 107/153/243 106/151/244 149/182/245 148/180/246
s 24
f 106/151/247 114/88/238 150/108/248 149/182/249
s 4
f 129/102/250 128/166/251 132/167/252 131/100/253
s 16
f 128/166/254 127/164/255 133/169/256 132/167/257
s 24
f 127/163/258 130/89/259 134/107/260 133/168/261
s 1
f 153/90/1 152/185/262 157/186/263 156/122/2
s off
f 152/185/264 151/184/265 158/187/266 157/186/267
s 4
f 151/184/268 154/101/269 159/106/270 158/187/271
s 6
f 163/91/272 162/190/273 168/191/274 167/111/275
s off
f 162/190/276 161/188/277 169/192/278 168/191/279
s 1
f 161/188/280 164/116/4 170/92/3 169/192/281
s 18
f 84/80/184 93/93/187 122/83/214 120/81/201
s 24
f 143/94/225 150/108/248 114/88/238 99/87/222
s 16
f 102/95/177 111/86/211 96/82/192 81/79/174
s 6
f 90/84/203 108/96/206 147/97/242 125/109/220
s 4
f 105/85/182 87/98/181 117/99/195 146/105/231
f 131/100/253 159/106/270 154/101/269 129/102/250
s 24
f 134/107/260 130/89/259 137/103/282 142/104/283
s 6
f 163/91/272 167/111/275 139/110/284 138/117/285
s 4
f 146/105/231 117/99/195 116/118/167 160/124/166 159/106/270 131/100/253
s 24
f 134/107/260 142/104/283 150/108/248 143/94/225
s 6
f 126/121/162 125/109/220 147/97/242 139/110/284 167/111/275 166/125/163
s off
f 161/188/286 162/189/287 163/112/288 138/113/289 135/171/290 136/172/291 137/103/292 130/89/293 127/163/294 128/165/295 129/114/296 154/115/297 151/183/298 152/185/299 153/90/300 164/116/301
s 24
f 137/103/282 136/172/302 141/175/303 142/104/283
s 16
f 136/172/304 135/171/305 140/174/306 141/175/307
s 6
f 135/170/308 138/117/285 139/110/284 140/173/309
s 4
f 131/100/253 132/167/252 145/178/232 146/105/231
s 16
f 132/167/257 133/169/256 144/176/229 145/178/228
s 24
f 133/168/261 134/107/260 143/94/225 144/177/224
f 142/104/283 141/175/303 149/182/249 150/108/248
s 16
f 141/175/307 140/174/306 148/180/246 149/182/245
s 6
f 140/173/309 139/110/284 147/97/242 148/181/241
s 4
f 86/134/193 87/98/181 79/128/180 171/193/310
s 16
f 171/194/311 79/127/178 80/129/175 172/196/312
f 80/129/175 81/79/174 82/131/189 172/196/313
f 172/195/312 82/130/189 83/132/188 173/197/314
s 18
f 83/132/185 84/80/184 85/133/200 173/197/315
s 16
f 173/197/314 85/133/197 86/134/196 171/193/311
f 171/193/311 172/195/312 173/197/314
f 95/141/190 96/82/192 88/135/208 174/199/316
f 174/199/317 88/135/208 89/137/207 175/201/318
s 6
f 89/136/204 90/84/203 91/138/219 175/200/319
s 16
f 175/200/318 91/138/216 92/139/215 176/202/320
s 18
f 92/139/212 93/93/187 94/140/186 176/202/321
s 16
f 176/202/320 94/140/191 95/142/190 174/198/317
f 174/198/317 175/200/318 176/202/320
s 4
f 104/149/183 105/85/182 97/144/230 177/204/322
s 16
f 177/203/323 97/143/227 98/145/226 178/205/324
s 24
f 98/145/223 99/87/222 100/146/237 178/205/325
s 16
f 178/205/324 100/146/235 101/147/233 179/206/326
f 101/147/233 102/95/177 103/148/176 179/206/327
f 179/206/326 103/148/176 104/150/179 177/203/323
f 177/203/323 178/205/324 179/206/326
s 24
f 113/158/239 114/88/238 106/151/247 180/207/328
s 16
f 180/207/329 106/151/244 107/153/243 181/208/330
s 6
f 107/152/240 108/96/206 109/155/205 181/209/331
s 16
f 181/208/330 109/154/210 110/156/209 182/210/332
f 110/156/209 111/86/211 112/157/234 182/210/333
f 182/210/332 112/157/234 113/158/236 180/207/329
f 180/207/329 181/208/330 182/210/332
s 4
f 117/99/195 118/159/194 183/211/334 116/118/167
f 116/118/167 183/211/334 184/212/335 115/119/168
s 14
f 115/119/156 184/212/336 119/160/337 120/81/157
s off
f 119/160/338 184/212/339 183/211/340 118/159/341
s 14
f 122/83/158 123/161/342 185/213/343 121/120/159
s 6
f 121/120/161 185/213/344 186/214/345 126/121/162
f 126/121/162 186/214/345 124/162/221 125/109/220
s off
f 124/162/346 186/214/347 185/213/348 123/161/349
s 15
f 156/122/171 157/186/350 187/215/351 155/123/172
s 4
f 155/123/165 187/215/352 188/216/353 160/124/166
f 160/124/166 188/216/353 158/187/271 159/106/270
s off
f 158/187/354 188/216/355 187/215/356 157/186/357
s 6
f 167/111/275 168/191/274 189/217/358 166/125/163
f 166/125/163 189/217/358 190/218/359 165/126/164
s 15
f 165/126/169 190/218/360 169/192/361 170/92/170
s off
f 169/192/362 190/218/363 189/217/364 168/191/365
g default
v -6.664279 2.781226 1.081917
v -6.657368 2.778363 1.081917
v -6.657368 2.781226 1.088828
v -6.657368 2.788137 1.091690
v -6.664279 2.788137 1.088828
v -6.667141 2.788137 1.081917
v -2.963357 2.788137 1.091690
v -2.966220 2.781226 1.088828
v -2.973131 2.778363 1.081917
v -6.664279 2.970997 1.081917
v -6.667141 2.964086 1.081917
v -6.664279 2.964086 1.088828
v -6.657368 2.964086 1.091690
v -6.657368 2.970997 1.088828
v -6.657368 2.973860 1.081917
v -2.973131 2.973860 1.081917
v -2.966220 2.970997 1.088828
v -2.963357 2.964086 1.091690
v -6.664279 2.964086 -1.863315
v -6.667141 2.964086 -1.856404
v -6.664279 2.970997 -1.856404
v -6.657368 2.973860 -1.856404
v -6.657368 2.970997 -1.863315
v -6.657368 2.964086 -1.866178
v -2.966220 2.964086 -1.863315
v -2.973131 2.964086 -1.866178
v -2.973131 2.970997 -1.863315
v -2.973131 2.973860 -1.856404
v -2.966220 2.970997 -1.856404
v -2.963357 2.964086 -1.856404
v -6.664279 2.781226 -1.856404
v -6.667141 2.788137 -1.856404
v -6.664279 2.788137 -1.863315
v -6.657368 2.788137 -1.866178
v -6.657368 2.781226 -1.863315
v -6.657368 2.778363 -1.856404
v -2.966220 2.781226 -1.856404
v -2.973131 2.778363 -1.856404
v -2.973131 2.781226 -1.863315
v -2.973131 2.788137 -1.866178
v -2.966220 2.788137 -1.863315
v -2.963357 2.788137 -1.856404
v -6.663009 2.782496 1.087558
v -6.663009 2.969727 1.087558
v -6.663009 2.969727 -1.862045
v -2.967490 2.969727 -1.862045
v -6.663009 2.782496 -1.862045
v -2.967490 2.782496 -1.862045
vt 0.250131 0.980081
vt 0.250131 0.030783
vt 0.250131 0.247262
vt 0.009762 0.030783
vt 0.250131 0.499022
vt 0.489391 0.499022
vt 0.729761 0.247262
vt 0.729761 0.030783
vt 0.489391 0.741141
vt 0.250131 0.728320
vt 0.489391 0.728320
vt 0.490026 0.030783
vt 0.250131 0.260082
vt 0.489391 0.260082
vt 0.250131 0.511841
vt 0.489391 0.511841
vt 0.250131 0.741141
vt 0.490026 0.247262
vt 0.248702 0.030783
vt 0.248702 0.247262
vt 0.009762 0.247262
vt 0.489391 0.980081
vt 0.249496 0.979256
vt 0.247877 0.018757
vt 0.251100 0.018757
vt 0.251100 0.980875
vt 0.249476 0.030782
vt 0.490026 0.980875
vt 0.490026 0.018757
vt 0.247877 0.259287
vt 0.249496 0.260906
vt 0.249476 0.247262
vt 0.250099 0.257271
vt 0.490026 0.259287
vt 0.008967 0.252039
vt 0.249496 0.507064
vt 0.249496 0.498197
vt 0.010586 0.259287
vt 0.250100 0.501830
vt 0.490026 0.507064
vt 0.730556 0.252039
vt 0.489423 0.501829
vt 0.728929 0.259287
vt 0.490026 0.498190
vt 0.010587 0.018757
vt 0.249496 0.741966
vt 0.249496 0.733098
vt 0.008967 0.026005
vt 0.250100 0.738333
vt 0.490026 0.741973
vt 0.728929 0.018757
vt 0.489423 0.738334
vt 0.730556 0.026005
vt 0.490026 0.733098
vt 0.249496 0.980875
vt 0.249496 0.018757
vt 0.249496 0.259287
vt 0.008967 0.259287
vt 0.249496 0.499816
vt 0.490026 0.499816
vt 0.730556 0.259287
vt 0.008967 0.018757
vt 0.249496 0.740346
vt 0.490026 0.740346
vt 0.730556 0.018757
vn -0.000774 -0.999999 0.000971
vn -0.382543 -0.923937 0.001157
vn -0.382543 -0.923937 -0.001157
vn -0.000774 -0.999999 -0.000970
vn -0.923921 -0.382583 0.000122
vn -0.999877 -0.015639 0.000961
vn -0.999877 -0.015639 -0.000961
vn -0.923921 -0.382583 -0.000122
vn -0.000765 -0.015639 0.999877
vn -0.000081 -0.382668 0.923886
vn 0.000000 -0.382677 0.923882
vn 0.000000 -0.015438 0.999881
vn -0.000928 -0.923926 0.382570
vn 0.000852 -0.999999 0.001048
vn 0.000000 -0.923884 0.382674
vn -0.924345 -0.010450 0.381414
vn -0.924345 0.010450 0.381413
vn -0.999877 0.015639 0.000961
vn -0.381493 -0.010494 0.924312
vn -0.000765 0.015639 0.999877
vn -0.381493 0.010494 0.924312
vn -0.923914 0.382600 0.000122
vn -0.923914 0.382600 -0.000122
vn -0.999877 0.015639 -0.000961
vn -0.382564 0.923928 0.001157
vn -0.000774 0.999999 0.000971
vn -0.000774 0.999999 -0.000970
vn -0.382564 0.923928 -0.001157
vn -0.000928 0.923917 0.382591
vn 0.000000 0.923875 0.382695
vn 0.000852 0.999999 0.001048
vn -0.000082 0.382686 0.923879
vn 0.000000 0.015438 0.999881
vn 0.000000 0.382695 0.923875
vn -0.924344 0.010450 -0.381418
vn -0.924344 -0.010450 -0.381418
vn -0.381504 0.010494 -0.924307
vn -0.000767 0.015646 -0.999877
vn -0.000767 -0.015646 -0.999877
vn -0.381504 -0.010494 -0.924308
vn -0.000082 0.382695 -0.923875
vn 0.000082 0.382695 -0.923875
vn 0.000767 0.015646 -0.999877
vn -0.000928 0.923916 -0.382595
vn 0.000775 0.999999 -0.000970
vn 0.000928 0.923916 -0.382595
vn 0.381504 0.010494 -0.924307
vn 0.381504 -0.010494 -0.924308
vn 0.000767 -0.015646 -0.999877
vn 0.924313 0.010451 -0.381493
vn 0.999877 0.015636 -0.000958
vn 0.999877 -0.015636 -0.000958
vn 0.924313 -0.010451 -0.381493
vn -0.000928 -0.923924 -0.382574
vn 0.000928 -0.923924 -0.382574
vn 0.000775 -0.999999 -0.000970
vn -0.000082 -0.382678 -0.923882
vn 0.000082 -0.382678 -0.923882
vn 0.999882 -0.015383 0.000000
vn 0.999882 0.015383 0.000000
vn 0.923885 -0.382670 0.000000
vn 0.923891 -0.382657 -0.000121
vn 0.382673 -0.923884 0.000000
vn 0.382544 -0.923937 -0.001155
vn 0.382694 0.923875 0.000000
vn 0.382565 0.923928 -0.001155
vn 0.923878 0.382688 0.000000
vn 0.923883 0.382674 -0.000121
vn -0.887944 -0.325233 0.325237
vn -0.325276 -0.887912 0.325281
vn -0.325270 -0.325270 0.887918
vn -0.325276 0.887912 0.325280
vn -0.887942 0.325247 0.325229
vn -0.325278 0.325282 0.887911
vn -0.325278 0.325282 -0.887911
vn -0.887946 0.325235 -0.325229
vn -0.325280 0.887909 -0.325285
vn 0.887918 0.325267 -0.325274
vn 0.325278 0.325282 -0.887911
vn 0.325276 0.887912 -0.325280
vn -0.325280 -0.887909 -0.325286
vn -0.887948 -0.325222 -0.325237
vn -0.325267 -0.325271 -0.887919
vn 0.887918 -0.325260 -0.325280
vn 0.325276 -0.887912 -0.325281
vn 0.325270 -0.325270 -0.887918
s 1
g mesa pCube1
usemtl lambert2SG
f 192/219/366 191/241/367 221/264/368 226/235/369
s 2
f 191/242/370 196/237/371 222/222/372 221/263/373
s 3
f 194/220/374 193/243/375 198/247/376 197/230/377
s 1
f 193/244/378 192/219/366 199/240/379 198/246/380
s 2
f 196/237/371 195/245/381 202/250/382 201/238/383
s 3
f 195/245/384 194/220/374 203/221/385 202/250/386
s 2
f 201/238/383 200/248/387 211/256/388 210/239/389
s 4
f 200/249/390 205/231/391 212/223/392 211/255/393
f 205/231/391 204/251/394 207/252/395 206/232/396
s 3
f 204/251/397 203/221/385 208/236/398 207/252/399
s 2
f 210/239/389 209/253/400 223/266/401 222/222/372
s 5
f 209/254/402 214/233/403 224/228/404 223/265/405
f 214/233/403 213/257/406 217/260/407 216/234/408
s 4
f 213/257/409 212/223/392 218/224/410 217/260/411
s 5
f 216/234/408 215/258/412 231/272/413 230/229/414
s 6
f 215/259/415 220/225/416 232/226/417 231/271/418
s 1
f 226/235/369 225/267/419 229/270/420 228/227/421
s 5
f 225/267/422 224/228/404 230/229/414 229/270/423
s 3
f 194/220/374 197/230/377 208/236/398 203/221/385
s 4
f 205/231/391 206/232/396 218/224/410 212/223/392
s 5
f 214/233/403 216/234/408 230/229/414 224/228/404
s 1
f 226/235/369 228/227/421 199/240/379 192/219/366
s 6
f 197/230/424 232/226/417 220/225/416 208/236/425
s 2
f 222/222/372 196/237/371 201/238/383 210/239/389
s 6
f 197/230/424 198/247/426 227/269/427 232/226/417
s 1
f 198/246/428 199/240/379 228/227/421 227/268/429
s 4
f 206/232/396 207/252/430 219/262/431 218/224/410
s 6
f 207/252/432 208/236/425 220/225/416 219/261/433
s 2
f 195/245/381 196/237/371 191/242/370 233/274/434
s 1
f 191/241/367 192/219/366 193/244/378 233/273/435
s 3
f 193/243/375 194/220/374 195/245/384 233/274/436
s 4
f 204/251/394 205/231/391 200/249/390 234/275/437
s 2
f 200/248/387 201/238/383 202/250/382 234/275/438
s 3
f 202/250/386 203/221/385 204/251/397 234/275/439
s 5
f 213/257/406 214/233/403 209/254/402 235/277/440
s 2
f 209/253/400 210/239/389 211/256/388 235/276/441
s 4
f 211/255/393 212/223/392 213/257/409 235/277/442
s 6
f 219/261/433 220/225/416 215/259/415 236/279/443
s 5
f 215/258/412 216/234/408 217/260/407 236/278/444
s 4
f 217/260/411 218/224/410 219/262/431 236/278/445
s 1
f 225/267/419 226/235/369 221/264/368 237/281/446
s 2
f 221/263/373 222/222/372 223/266/401 237/280/447
s 5
f 223/265/405 224/228/404 225/267/422 237/281/448
s 6
f 231/271/418 232/226/417 227/269/427 238/283/449
s 1
f 227/268/429 228/227/421 229/270/420 238/282/450
s 5
f 229/270/423 230/229/414 231/272/413 238/282/451
g default
v -3.368965 1.276875 0.672389
v -3.386524 1.297784 0.691545
v -3.386524 1.316699 0.653495
v -3.386524 1.297784 0.615445
v -3.337764 1.297784 0.649925
v -3.362144 1.297784 0.632685
v -3.368965 1.525590 0.672389
v -3.337764 1.504681 0.649925
v -3.386524 1.504681 0.615445
v -3.386524 1.485762 0.653495
v -3.386524 1.504681 0.691545
v -3.362144 1.504681 0.632685
v -3.102739 1.297784 0.849605
v -3.117022 1.297784 0.884084
v -3.151502 1.297784 0.898367
v -3.151502 1.504681 0.898367
v -3.117022 1.504681 0.884084
v -3.102739 1.504681 0.849605
v -3.337764 1.297784 0.898367
v -3.372244 1.297784 0.884084
v -3.386524 1.297784 0.849605
v -3.386524 1.504681 0.849605
v -3.372244 1.504681 0.884084
v -3.337764 1.504681 0.898367
v -3.386524 2.781803 0.698686
v -3.337764 2.781803 0.649925
v -3.372244 2.781803 0.664206
v -3.117022 1.504681 0.664206
v -3.102739 1.504681 0.698686
v -3.102739 1.452962 0.649925
v -3.102739 1.504681 0.598206
v -3.151502 1.504681 0.649925
v -3.102739 2.781803 0.698686
v -3.117022 2.781803 0.664206
v -3.151502 2.781803 0.649925
v -3.337764 2.781803 0.898367
v -3.386524 2.781803 0.849605
v -3.372244 2.781803 0.884084
v -3.102739 2.781803 0.849605
v -3.151502 2.781803 0.898367
v -3.117022 2.781803 0.884084
v -3.117022 1.297784 0.664206
v -3.151502 1.297784 0.649925
v -3.102739 1.297784 0.598206
v -3.102739 1.349503 0.649925
v -3.102739 1.297784 0.698686
v -3.117022 0.037918 0.698686
v -3.151502 0.023636 0.698686
v -3.151502 0.037918 0.664206
v -3.151502 0.072397 0.649925
v -3.117022 0.072397 0.664206
v -3.102739 0.072397 0.698686
v -3.372244 0.037918 0.698745
v -3.386524 0.072397 0.698686
v -3.372244 0.072397 0.664206
v -3.337764 0.072397 0.649925
v -3.337764 0.037918 0.664206
v -3.337764 0.023636 0.698686
v -3.151502 0.037918 0.884084
v -3.151502 0.023636 0.849605
v -3.117022 0.037918 0.849605
v -3.102739 0.072397 0.849605
v -3.117022 0.072397 0.884084
v -3.151502 0.072397 0.898367
v -3.372244 0.037918 0.849605
v -3.337764 0.023636 0.849605
v -3.337764 0.037918 0.884084
v -3.337764 0.072397 0.898367
v -3.372244 0.072397 0.884084
v -3.386524 0.072397 0.849605
v -3.376269 1.297510 0.657927
v -3.376269 1.504954 0.657927
v -3.102739 1.504681 0.649925
v -3.102739 1.297784 0.649925
v -3.123358 0.044254 0.670544
v -3.365925 0.044262 0.670506
v -3.123358 0.044254 0.877748
v -3.365905 0.044254 0.877748
v -3.382605 0.038264 -1.447401
v -3.371897 0.027556 -1.447401
v -3.357268 0.023636 -1.447401
v -3.357268 0.027556 -1.432773
v -3.357268 0.038264 -1.422064
v -3.357268 0.052893 -1.418145
v -3.371897 0.052893 -1.422064
v -3.382605 0.052893 -1.432773
v -3.386524 0.052893 -1.447401
v -3.117368 0.027556 -1.447401
v -3.106660 0.038264 -1.447401
v -3.102739 0.052893 -1.447401
v -3.106660 0.052893 -1.432773
v -3.117368 0.052893 -1.422064
v -3.131997 0.052893 -1.418145
v -3.131997 0.038264 -1.422064
v -3.131997 0.027556 -1.432773
v -3.131997 0.023636 -1.447401
v -3.382605 0.052893 -1.700853
v -3.371897 0.052893 -1.711562
v -3.357268 0.052893 -1.715482
v -3.357268 0.038264 -1.711562
v -3.357268 0.027556 -1.700853
v -3.357268 0.023636 -1.686225
v -3.371897 0.027556 -1.686225
v -3.382605 0.038264 -1.686225
v -3.386524 0.052893 -1.686225
v -3.117368 0.052893 -1.711562
v -3.106660 0.052893 -1.700853
v -3.102739 0.052893 -1.686225
v -3.106660 0.038264 -1.686225
v -3.117368 0.027556 -1.686225
v -3.131997 0.023636 -1.686225
v -3.131997 0.027556 -1.700853
v -3.131997 0.038264 -1.711562
v -3.131997 0.052893 -1.715482
v -3.386524 1.297784 -1.387113
v -3.386524 1.328816 -1.418145
v -3.386524 1.297784 -1.447401
v -3.382605 1.297784 -1.432773
v -3.371897 1.297784 -1.422064
v -3.357268 1.297784 -1.418145
v -3.102739 1.297784 -1.387113
v -3.131997 1.297784 -1.418145
v -3.117368 1.297784 -1.422064
v -3.106660 1.297784 -1.432773
v -3.102739 1.297784 -1.447401
v -3.102739 1.328816 -1.418145
v -3.371897 2.781803 -1.711562
v -3.382605 2.781803 -1.700853
v -3.386524 2.781803 -1.686225
v -3.357268 2.781803 -1.715482
v -3.386524 1.504681 -1.686225
v -3.382605 1.504681 -1.700853
v -3.371897 1.504681 -1.711562
v -3.357268 1.504681 -1.715482
v -3.106660 2.781803 -1.700853
v -3.117368 2.781803 -1.711562
v -3.131997 2.781803 -1.715482
v -3.102739 2.781803 -1.686225
v -3.102739 1.504681 -1.686225
v -3.106660 1.504681 -1.700853
v -3.117368 1.504681 -1.711562
v -3.131997 1.504681 -1.715482
v -3.357268 1.297784 -1.715482
v -3.371897 1.297784 -1.711562
v -3.382605 1.297784 -1.700853
v -3.386524 1.297784 -1.686225
v -3.102739 1.297784 -1.686225
v -3.106660 1.297784 -1.700853
v -3.117368 1.297784 -1.711562
v -3.131997 1.297784 -1.715482
v -3.382605 2.781803 -1.432773
v -3.371897 2.781803 -1.422064
v -3.357268 2.781803 -1.418145
v -3.386524 2.781803 -1.447401
v -3.386524 1.504681 -1.387113
v -3.357268 1.504681 -1.418145
v -3.371897 1.504681 -1.422064
v -3.382605 1.504681 -1.432773
v -3.386524 1.504681 -1.447401
v -3.386524 1.473650 -1.418145
v -3.117368 2.781803 -1.422064
v -3.106660 2.781803 -1.432773
v -3.102739 2.781803 -1.447401
v -3.131997 2.781803 -1.418145
v -3.102739 1.504681 -1.387113
v -3.102739 1.473650 -1.418145
v -3.102739 1.504681 -1.447401
v -3.106660 1.504681 -1.432773
v -3.117368 1.504681 -1.422064
v -3.131997 1.504681 -1.418145
v -3.380405 0.040251 -1.434760
v -3.369910 0.029756 -1.434760
v -3.369910 0.040251 -1.424264
v -3.119355 0.029756 -1.434760
v -3.108859 0.040251 -1.434760
v -3.119355 0.040251 -1.424264
v -3.380405 0.040251 -1.698866
v -3.369910 0.040251 -1.709362
v -3.369910 0.029756 -1.698866
v -3.119355 0.040251 -1.709362
v -3.108859 0.040251 -1.698866
v -3.119355 0.029756 -1.698866
v -3.386524 1.308128 -1.418145
v -3.386524 1.297784 -1.407801
v -3.102739 1.297784 -1.407801
v -3.102739 1.308128 -1.418145
v -3.386524 1.504681 -1.407801
v -3.386524 1.494337 -1.418145
v -3.102739 1.494337 -1.418145
v -3.102739 1.504681 -1.407801
vt 0.563613 0.601430
vt 0.563900 0.621682
vt 0.572389 0.601306
vt 0.572676 0.621558
vt 0.571296 0.523946
vt 0.562233 0.503818
vt 0.562233 0.503818
vt 0.563613 0.601430
vt 0.562519 0.524070
vt 0.563900 0.621682
vt 0.563613 0.601430
vt 0.563613 0.601430
vt 0.562519 0.524070
vt 0.563613 0.601430
vt 0.563613 0.601430
vt 0.571296 0.523946
vt 0.562519 0.524070
vt 0.572676 0.621558
vt 0.572676 0.621558
vt 0.572389 0.601306
vt 0.571009 0.503694
vt 0.562519 0.524070
vt 0.562519 0.524070
vt 0.562233 0.503818
vt 0.562519 0.524070
vt 0.563900 0.621682
vt 0.563900 0.621682
vt 0.571009 0.503694
vt 0.562233 0.503818
vt 0.571009 0.503694
vt 0.572389 0.601306
vt 0.571296 0.523946
vt 0.571009 0.503694
vt 0.572676 0.621558
vt 0.572389 0.601306
vt 0.563756 0.611556
vt 0.572533 0.611432
vt 0.571296 0.523946
vt 0.568815 0.503725
vt 0.564427 0.503787
vt 0.563826 0.616453
vt 0.566094 0.621651
vt 0.572603 0.616437
vt 0.570481 0.621589
vt 0.562233 0.503818
vt 0.571009 0.503694
vt 0.563900 0.621682
vt 0.572676 0.621558
vt 0.572676 0.621558
vt 0.571009 0.503694
vt 0.571009 0.503694
vt 0.572676 0.621558
vt 0.571009 0.503694
vt 0.562233 0.503818
vt 0.562306 0.509025
vt 0.562511 0.523486
vt 0.562294 0.508176
vt 0.563826 0.616469
vt 0.563835 0.617148
vt 0.563621 0.602013
vt 0.562511 0.523486
vt 0.562306 0.509025
vt 0.562294 0.508176
vt 0.563826 0.616475
vt 0.563621 0.602014
vt 0.563838 0.617324
vt 0.563900 0.621682
vt 0.572676 0.621558
vt 0.569491 0.503716
vt 0.563880 0.504432
vt 0.562233 0.503818
vt 0.563900 0.621682
vt 0.562233 0.503818
vt 0.563900 0.621682
vt 0.563900 0.621682
vt 0.572676 0.621558
vt 0.562233 0.503818
vt 0.571009 0.503694
vt 0.969537 0.603792
vt 0.510921 0.610277
vt 0.563728 0.609530
vt 0.968215 0.510231
vt 0.562405 0.515969
vt 0.509262 0.492968
vt 0.512595 0.728695
vt 0.873545 0.511570
vt 0.862030 0.605313
vt 0.860707 0.511751
vt 0.745407 0.606961
vt 0.627544 0.608628
vt 0.625885 0.491318
vt 0.571181 0.515845
vt 0.509598 0.516716
vt 0.809223 0.606059
vt 0.874868 0.605131
vt 0.507924 0.398298
vt 0.560730 0.397552
vt 0.511257 0.634026
vt 0.564063 0.633279
vt 0.574178 0.727824
vt 0.627880 0.632377
vt 0.629218 0.727046
vt 0.744084 0.513400
vt 0.799124 0.512622
vt 0.565402 0.727948
vt 0.572840 0.633155
vt 0.800447 0.606183
vt 0.807900 0.512498
vt 0.562069 0.492221
vt 0.569507 0.397428
vt 0.570845 0.492097
vt 0.637646 0.502752
vt 0.732315 0.501413
vt 0.733982 0.619277
vt 0.639313 0.620615
vt 0.626221 0.515067
vt 0.624546 0.396649
vt 0.565216 0.621663
vt 0.563900 0.621682
vt 0.562233 0.503818
vt 0.563553 0.503799
vt 0.572504 0.609406
vt 0.572676 0.621558
vt 0.571362 0.621576
vt 0.569693 0.503713
vt 0.571009 0.503694
vt 0.862928 0.581004
vt 0.509973 0.630983
vt 0.905257 0.589954
vt 0.509743 0.614779
vt 0.862851 0.575603
vt 0.512840 0.611521
vt 0.578136 0.617379
vt 0.533122 0.625556
vt 0.904697 0.525785
vt 0.508065 0.496046
vt 0.862292 0.536025
vt 0.509566 0.501125
vt 0.509986 0.508667
vt 0.509240 0.515447
vt 0.862368 0.541426
vt 0.508294 0.512249
vt 0.862242 0.617463
vt 0.512720 0.740293
vt 0.861920 0.611321
vt 0.863781 0.605294
vt 0.868321 0.605254
vt 0.868221 0.611153
vt 0.511440 0.734727
vt 0.863417 0.615585
vt 0.860406 0.505816
vt 0.507837 0.386700
vt 0.860458 0.499601
vt 0.861803 0.501443
vt 0.506598 0.392301
vt 0.866715 0.505751
vt 0.867008 0.511632
vt 0.862456 0.511719
vt 0.564061 0.625357
vt 0.564103 0.617553
vt 0.561669 0.508058
vt 0.561632 0.499830
vt 0.751136 0.608141
vt 0.619151 0.729316
vt -0.000000 -0.000000
vt 0.624237 0.728169
vt 0.573924 0.733885
vt 0.800619 0.618335
vt 0.574342 0.739421
vt 0.624382 0.385052
vt 0.743913 0.501249
vt 0.743998 0.507264
vt 0.569343 0.385830
vt 0.798952 0.500471
vt 0.799028 0.506487
vt 0.566358 0.739534
vt 0.808604 0.618222
vt 0.560764 0.739613
vt 0.814197 0.618143
vt 0.807729 0.500347
vt 0.560566 0.385954
vt 0.807811 0.506364
vt 0.627716 0.620779
vt 0.627716 0.620779
vt 0.627630 0.614764
vt 0.573251 0.617285
vt 0.573287 0.625499
vt 0.626134 0.508931
vt 0.626049 0.502916
vt 0.626049 0.502916
vt 0.571375 0.500050
vt 0.571728 0.507846
vt 0.509894 0.625400
vt 0.862901 0.579143
vt 0.509826 0.620598
vt 0.862879 0.577542
vt 0.679050 0.615889
vt 0.508211 0.506430
vt 0.862341 0.539486
vt 0.508143 0.501628
vt 0.862318 0.537886
vt 0.509429 0.508754
vt 0.863443 0.617446
vt 0.511518 0.740310
vt 0.862849 0.610623
vt 0.865874 0.611107
vt 0.861400 0.506469
vt 0.861776 0.499583
vt 0.506519 0.386719
vt 0.864430 0.505760
vt 0.564917 0.621762
vt 0.564603 0.621263
vt 0.562865 0.504262
vt 0.563145 0.504136
vt 0.572048 0.621109
vt 0.571771 0.621229
vt 0.570105 0.503619
vt 0.570394 0.504115
vn -0.016336 0.000000 0.999867
vn -0.016336 0.000000 0.999867
vn 0.016336 0.000000 0.999867
vn 0.016336 0.000000 0.999867
vn 0.064562 0.000000 -0.997914
vn 0.064562 0.000000 -0.997914
vn -0.080604 -0.000569 -0.996746
vn -0.083139 -0.000587 -0.996538
vn -0.859669 0.001379 -0.510849
vn -0.684063 0.002659 -0.729418
vn -0.677833 -0.004038 -0.735204
vn -0.996647 -0.010105 -0.081199
vn -0.080586 0.000593 -0.996747
vn -0.081947 -0.010021 -0.996586
vn -1.000000 0.000000 0.000000
vn -1.000000 0.000000 0.000000
vn -1.000000 0.000000 0.000000
vn -1.000000 0.000000 0.000000
vn -1.000000 0.000000 0.000000
vn -1.000000 0.000000 0.000000
vn -0.683955 -0.002551 -0.729520
vn -0.677207 -0.002588 -0.735788
vn -0.859678 -0.001323 -0.510834
vn -0.859678 -0.001323 -0.510834
vn 0.064567 0.000000 0.997913
vn 0.382690 0.000000 0.923877
vn 0.382689 0.000000 0.923877
vn 0.064567 0.000000 0.997913
vn 0.923870 0.000000 0.382707
vn 0.997206 0.000000 0.074694
vn 0.997201 0.000000 0.074766
vn 0.923870 0.000000 0.382707
vn -0.997172 0.000000 0.075149
vn -0.923895 0.000000 0.382646
vn -0.923895 0.000000 0.382645
vn -0.997172 0.000000 0.075156
vn -0.382695 0.000000 0.923875
vn -0.064567 0.000000 0.997913
vn -0.064567 0.000000 0.997913
vn -0.382694 0.000000 0.923875
vn 0.998294 0.000301 -0.058381
vn 0.928376 0.008685 -0.371540
vn 0.923872 0.000000 -0.382701
vn 0.997046 0.000000 -0.076810
vn 0.382661 0.000000 -0.923889
vn 0.382661 0.000000 -0.923889
vn 0.064561 0.000000 -0.997914
vn 0.382660 0.000000 -0.923889
vn 0.382024 -0.005653 -0.924135
vn 0.063876 -0.010542 -0.997902
vn 0.928556 -0.009040 -0.371081
vn 0.998328 -0.000310 -0.057796
vn 0.997055 -0.010356 -0.075993
vn 0.924133 -0.006011 -0.382023
vn 0.061388 -0.995387 -0.073731
vn 0.377061 -0.925020 -0.046518
vn 0.377060 -0.925020 0.046518
vn 0.061388 -0.995387 0.073731
vn 0.924963 -0.375391 -0.059378
vn 0.997055 -0.010356 0.075994
vn 0.924963 -0.375390 0.059378
vn 0.049294 -0.376699 -0.925023
vn -0.049175 -0.376619 -0.925062
vn 0.039207 -0.924973 -0.378005
vn -0.061357 -0.995387 -0.073750
vn -0.039316 -0.924994 -0.377943
vn -0.925006 -0.375335 -0.059060
vn -0.924983 -0.375338 0.059391
vn -0.997163 -0.010163 0.074588
vn -0.377076 -0.925015 -0.046483
vn -0.061380 -0.995387 0.073733
vn -0.377070 -0.925016 0.046523
vn 0.039208 -0.924971 0.378011
vn -0.039208 -0.924970 0.378013
vn 0.049294 -0.376724 0.925013
vn 0.063881 -0.010542 0.997902
vn -0.063881 -0.010542 0.997902
vn -0.049295 -0.376727 0.925012
vn -1.000000 0.000000 0.000000
vn -1.000000 0.000000 0.000000
vn -1.000000 0.000000 0.000000
vn -0.997157 0.000000 0.075353
vn 0.064567 0.000000 0.997913
vn -0.064567 0.000000 0.997913
vn 0.997046 0.000000 0.076810
vn 1.000000 -0.000650 0.000000
vn 1.000000 0.000650 0.000000
vn 0.000000 1.000000 0.000000
vn 0.000000 1.000000 0.000000
vn 0.000000 1.000000 0.000000
vn 0.000000 1.000000 0.000000
vn 0.000000 1.000000 0.000000
vn 0.000000 1.000000 0.000000
vn 0.000000 1.000000 0.000000
vn 0.000000 1.000000 0.000000
vn 0.000000 1.000000 0.000000
vn 0.000000 1.000000 0.000000
vn 0.000000 1.000000 0.000000
vn 0.000000 1.000000 0.000000
vn 0.924131 -0.006011 0.382029
vn 0.382053 -0.005653 0.924123
vn 0.382689 0.000000 0.923877
vn 0.923870 0.000000 0.382707
vn -0.382058 -0.005652 0.924121
vn -0.924156 -0.006012 0.381968
vn -0.923895 0.000000 0.382645
vn -0.382694 0.000000 0.923875
vn -0.000064 -1.000000 -0.000330
vn -0.000063 -1.000000 -0.000323
vn -0.092774 -0.874328 -0.476385
vn -0.092774 -0.874328 -0.476385
vn -0.836093 -0.487765 -0.251066
vn -0.836093 -0.487765 -0.251066
vn -0.836093 -0.487765 -0.251066
vn -0.836093 -0.487765 -0.251066
vn -0.539455 -0.832707 0.124850
vn -0.539455 -0.832707 0.124850
vn -0.539455 -0.832707 0.124850
vn -0.539455 -0.832707 0.124850
vn -0.836110 0.487725 -0.251085
vn -0.836110 0.487725 -0.251085
vn -0.836110 0.487725 -0.251085
vn -0.836110 0.487725 -0.251085
vn -0.092793 0.874327 -0.476383
vn -0.000063 1.000000 -0.000323
vn -0.000064 1.000000 -0.000330
vn -0.092793 0.874327 -0.476383
vn -0.539534 0.832649 0.124891
vn -0.539534 0.832650 0.124891
vn -0.539534 0.832649 0.124891
vn -0.539534 0.832650 0.124891
vn 0.000000 1.000000 0.000000
vn 0.000000 1.000000 0.000000
vn 0.000000 1.000000 0.000000
vn 0.000000 1.000000 0.000000
vn 1.000000 0.000000 0.000000
vn 0.991139 0.132826 0.000000
vn 0.991139 -0.132827 0.000000
vn 1.000000 0.000000 0.000000
vn 0.000000 -1.000000 -0.000000
vn 0.000000 -1.000000 0.000000
vn 0.000000 -1.000000 0.000000
vn 0.000000 -1.000000 -0.000000
vn 0.887916 -0.325275 -0.325271
vn 0.325257 -0.887926 -0.325263
vn 0.325250 -0.325267 -0.887927
vn -0.325388 -0.888038 -0.324826
vn -0.888199 -0.325166 -0.324606
vn -0.324746 -0.324752 -0.888300
vn 0.325256 -0.325270 0.887924
vn 0.325253 -0.887927 0.325263
vn 0.887918 -0.325269 0.325273
vn -0.887917 -0.325270 0.325274
vn -0.325270 -0.887915 0.325279
vn -0.325273 -0.325282 0.887912
vn 0.000000 -1.000000 -0.000000
vn 0.000000 -1.000000 -0.000000
vn 0.000000 -1.000000 -0.000000
vn 0.000000 -1.000000 -0.000000
vn 0.000000 -1.000000 -0.000000
vn 1.000000 -0.000000 0.000000
vn 1.000000 -0.000104 0.000037
vn 1.000000 0.000104 0.000037
vn 1.000000 0.000000 0.000000
vn -1.000000 -0.000000 0.000000
vn -1.000000 0.000105 0.000037
vn -1.000000 -0.000105 0.000037
vn -1.000000 0.000000 0.000000
vn 0.000000 1.000000 0.000000
vn 0.000000 1.000000 0.000000
vn 0.000000 1.000000 0.000000
vn 0.000000 1.000000 0.000000
vn 0.000000 1.000000 0.000000
vn -0.016135 -0.999753 0.015262
vn -0.500660 -0.865559 0.012111
vn -0.500661 -0.865559 -0.012111
vn -0.016135 -0.999753 -0.015262
vn -0.707070 -0.707067 0.010402
vn -0.707070 -0.707067 -0.010401
vn -0.966202 -0.257462 0.012906
vn -0.999877 -0.003049 0.015401
vn -0.999877 -0.003049 -0.015401
vn -0.966202 -0.257462 -0.012906
vn -0.016276 -0.003049 0.999863
vn -0.013521 -0.257440 0.966200
vn 0.013521 -0.257440 0.966200
vn 0.016276 -0.003049 0.999863
vn -0.011115 -0.707072 0.707054
vn -0.012801 -0.865597 0.500578
vn 0.012801 -0.865597 0.500578
vn 0.011115 -0.707072 0.707054
vn 0.016135 -0.999753 0.015262
vn -0.965984 -0.001760 0.258595
vn -0.967623 -0.004856 0.252354
vn -0.999933 -0.000026 0.011602
vn -0.707114 -0.002200 0.707097
vn -0.707113 -0.002325 0.707096
vn -0.707115 0.000000 0.707098
vn -0.707115 0.000000 0.707098
vn -0.258642 -0.001667 0.965972
vn -0.016336 0.000000 0.999867
vn -0.258809 0.000000 0.965929
vn 0.999877 -0.003051 0.015407
vn 0.966177 -0.257557 0.012905
vn 0.966177 -0.257558 -0.012905
vn 0.999877 -0.003051 -0.015407
vn 0.707086 -0.707051 0.010402
vn 0.500660 -0.865559 0.012111
vn 0.500660 -0.865559 -0.012111
vn 0.707086 -0.707051 -0.010401
vn 0.016135 -0.999753 -0.015262
vn 0.258633 -0.001667 0.965974
vn 0.258800 0.000000 0.965931
vn 0.016336 0.000000 0.999867
vn 0.707131 -0.002325 0.707079
vn 0.707131 -0.002201 0.707079
vn 0.707133 0.000000 0.707080
vn 0.707133 0.000000 0.707080
vn 0.965958 -0.001760 0.258694
vn 0.999933 -0.000026 0.011607
vn 0.967597 -0.004858 0.252452
vn -0.016277 -0.003049 -0.999863
vn -0.258659 -0.001667 -0.965967
vn -0.258826 0.000000 -0.965924
vn -0.016337 0.000000 -0.999866
vn -0.707104 -0.002326 -0.707105
vn -0.707104 -0.002200 -0.707106
vn -0.707106 0.000000 -0.707108
vn -0.707106 0.000000 -0.707108
vn -0.965984 -0.001760 -0.258595
vn -0.999884 0.000000 -0.015247
vn -0.965939 0.000000 -0.258770
vn -0.012801 -0.865594 -0.500582
vn 0.012801 -0.865595 -0.500582
vn -0.011116 -0.707063 -0.707063
vn 0.011116 -0.707063 -0.707063
vn -0.013521 -0.257456 -0.966195
vn 0.016277 -0.003049 -0.999863
vn 0.013521 -0.257456 -0.966195
vn 0.965958 -0.001760 -0.258694
vn 0.965912 0.000000 -0.258870
vn 0.999884 -0.000000 -0.015253
vn 0.707122 -0.002201 -0.707088
vn 0.707122 -0.002326 -0.707088
vn 0.707124 0.000000 -0.707090
vn 0.707124 0.000000 -0.707090
vn 0.258650 -0.001667 -0.965970
vn 0.016337 0.000000 -0.999866
vn 0.258817 0.000000 -0.965926
vn -0.999880 0.000000 -0.015460
vn -0.965939 0.000000 -0.258770
vn -0.965939 0.000000 -0.258770
vn -0.999884 0.000000 -0.015251
vn -0.707106 0.000000 -0.707108
vn -0.707106 0.000000 -0.707108
vn -0.707106 0.000000 -0.707108
vn -0.707106 0.000000 -0.707108
vn -0.258826 0.000000 -0.965924
vn -0.016337 0.000000 -0.999866
vn -0.016337 0.000000 -0.999867
vn -0.258826 0.000000 -0.965924
vn -0.258809 0.000000 0.965929
vn -0.258809 0.000000 0.965929
vn -0.707115 0.000000 0.707098
vn -0.707115 0.000000 0.707098
vn -0.707115 0.000000 0.707098
vn -0.707115 0.000000 0.707098
vn -0.965939 0.000000 0.258770
vn -0.999880 0.000000 0.015460
vn -0.999932 0.000025 0.011676
vn -0.967582 0.004737 0.252511
vn 0.999880 0.000000 0.015466
vn 0.965912 0.000000 0.258870
vn 0.967557 0.004739 0.252609
vn 0.999932 0.000025 0.011681
vn 0.707133 0.000000 0.707081
vn 0.707133 0.000000 0.707081
vn 0.707133 0.000000 0.707081
vn 0.707133 0.000000 0.707081
vn 0.258800 0.000000 0.965931
vn 0.258800 0.000000 0.965931
vn 0.016337 0.000000 -0.999866
vn 0.016337 0.000000 -0.999867
vn 0.999884 -0.000000 -0.015258
vn 0.999880 0.000000 -0.015466
vn 0.000000 1.000000 -0.000000
vn 0.000000 1.000000 -0.000000
vn 0.000000 1.000000 -0.000000
vn 0.000000 1.000000 -0.000000
vn 0.000000 1.000000 -0.000000
vn 0.000000 1.000000 -0.000000
vn 0.000000 1.000000 -0.000000
vn 0.000000 1.000000 -0.000000
vn 0.000000 1.000000 -0.000000
vn 0.000000 1.000000 -0.000000
vn 0.000000 1.000000 -0.000000
vn 0.000000 1.000000 -0.000000
vn 0.000000 1.000000 -0.000000
vn 0.000000 1.000000 -0.000000
vn 0.000000 1.000000 -0.000000
vn 0.000000 1.000000 -0.000000
vn 0.258817 0.000000 -0.965926
vn 0.258818 0.000000 -0.965926
vn 0.707123 0.000000 -0.707090
vn 0.707123 0.000000 -0.707090
vn 0.707123 0.000000 -0.707090
vn 0.707123 0.000000 -0.707090
vn 0.965912 0.000000 -0.258870
vn 0.965912 0.000000 -0.258870
vn -0.946106 -0.229003 0.229002
vn -0.713710 -0.500937 0.489572
vn -0.506023 -0.697082 0.507954
vn -0.228999 -0.946108 0.228994
vn -0.485754 -0.506434 0.712438
vn -0.229004 -0.229009 0.946104
vn 0.228995 -0.946106 0.229006
vn 0.506007 -0.697098 0.507948
vn 0.713700 -0.500955 0.489567
vn 0.946105 -0.229002 0.229003
vn 0.485733 -0.506438 0.712449
vn 0.229000 -0.229012 0.946104
vn -0.946104 -0.229007 -0.229006
vn -0.713709 -0.500943 -0.489566
vn -0.485756 -0.506439 -0.712433
vn -0.229003 -0.229008 -0.946104
vn -0.506025 -0.697082 -0.507951
vn -0.229003 -0.946106 -0.228999
vn 0.228999 -0.229012 -0.946104
vn 0.485736 -0.506443 -0.712444
vn 0.713699 -0.500961 -0.489564
vn 0.946104 -0.229006 -0.229007
vn 0.506009 -0.697097 -0.507948
vn 0.228998 -0.946106 -0.229006
vn -0.997229 -0.070137 0.024797
vn -1.000000 0.000001 0.000000
vn 0.000000 -1.000000 0.000000
vn 0.000000 -1.000000 0.000000
vn -0.591339 -0.801066 -0.092798
vn -0.591339 -0.801066 -0.092798
vn -0.591339 -0.801066 -0.092798
vn -0.591339 -0.801066 -0.092798
vn 0.000000 -1.000000 0.000001
vn 0.000000 -1.000000 0.000001
vn 1.000000 -0.000001 0.000000
vn 0.997227 -0.070167 0.024807
vn 0.591315 -0.801079 -0.092833
vn 0.591315 -0.801079 -0.092833
vn 0.591315 -0.801079 -0.092833
vn 0.591315 -0.801079 -0.092833
vn 0.000000 1.000000 0.000000
vn 0.000000 1.000000 0.000000
vn -1.000000 -0.000001 0.000000
vn -0.997229 0.070136 0.024797
vn -0.591330 0.801073 -0.092796
vn -0.591330 0.801073 -0.092796
vn -0.591330 0.801073 -0.092796
vn -0.591330 0.801073 -0.092796
vn 0.997227 0.070167 0.024807
vn 1.000000 0.000001 0.000000
vn 0.000000 1.000000 -0.000000
vn 0.000000 1.000000 -0.000000
vn 0.591306 0.801087 -0.092831
vn 0.591306 0.801087 -0.092831
vn 0.591306 0.801087 -0.092831
vn 0.591306 0.801087 -0.092831
s 1
g mesa pCube7
usemtl lambert2SG
f 391/373/452 394/405/453 408/375/454 402/399/455
s 2
f 273/288/456 270/321/457 246/286/458 264/314/459
s 3
f 240/285/460 239/324/461 293/342/462 292/310/463
f 239/324/461 243/284/464 294/291/465 293/342/462
s 4
f 242/358/466 241/325/467 248/327/468 247/359/469
f 241/325/467 240/285/470 249/301/471 248/327/468
s 2
f 246/286/458 245/326/472 265/332/473 264/314/459
f 245/326/472 249/301/474 263/287/475 265/332/473
s 5
f 253/308/476 252/328/477 255/329/478 254/299/479
s 6
f 252/328/480 251/312/481 256/304/482 255/329/483
s 3
f 259/309/484 258/330/485 261/331/486 260/302/487
s 5
f 258/330/488 257/298/489 262/303/490 261/331/491
s 6
f 267/311/492 266/333/493 272/334/494 271/313/495
s 2
f 266/333/496 270/321/457 273/288/456 272/334/497
s 3
f 281/305/498 280/337/499 289/340/500 288/306/501
s 6
f 280/337/502 284/307/503 290/289/504 289/340/505
s 12
f 286/292/506 285/338/507 299/345/508 298/300/509
s 6
f 285/338/510 290/289/504 300/290/511 299/345/512
s 3
f 288/306/501 287/339/513 295/343/514 294/291/465
s 12
f 287/339/515 286/292/506 296/294/516 295/343/517
s 3
f 292/310/463 291/341/518 303/347/519 308/293/520
s 12
f 291/341/521 296/294/516 304/295/522 303/347/523
f 298/300/509 297/344/524 305/348/525 304/295/522
s 5
f 297/344/526 302/296/527 306/297/528 305/348/529
f 257/298/489 253/308/476 254/299/479 262/303/490
s 12
f 296/294/516 286/292/506 298/300/509 304/295/522
s 3
f 249/301/530 240/285/531 259/309/484 260/302/487
f 263/287/532 249/301/530 260/302/487 275/317/533
s 5
f 262/303/490 254/299/479 278/315/534 274/318/535
s 6
f 256/304/482 267/311/492 271/313/495 277/316/536
s 3
f 294/291/465 243/284/464 281/305/498 288/306/501
s 6
f 290/289/504 284/307/503 251/312/481 300/290/511
s 5
f 253/308/476 257/298/489 306/297/528 302/296/527
s 3
f 259/309/484 240/285/531 292/310/463 308/293/520
s 6
f 284/307/503 283/323/537 268/322/538 267/311/492 256/304/482 251/312/481
s off
f 277/316/539 271/313/540 272/334/541 273/288/542 264/314/543 265/332/544 263/287/545 275/317/546 276/335/547 274/318/548 278/315/549 279/336/550
s 6
f 251/312/481 252/328/480 301/346/551 300/290/511
s 5
f 252/328/477 253/308/476 302/296/527 301/346/552
f 254/299/479 255/329/478 279/336/553 278/315/534
s 6
f 255/329/483 256/304/482 277/316/536 279/336/554
s 5
f 257/298/489 258/330/488 307/349/555 306/297/528
s 3
f 258/330/485 259/309/484 308/293/520 307/349/556
f 260/302/487 261/331/486 276/335/557 275/317/533
s 5
f 261/331/491 262/303/490 274/318/535 276/335/558
s 14
f 244/319/559 243/284/560 239/324/561 309/350/562
s off
f 239/324/563 240/285/564 241/325/565 309/350/566
f 241/325/567 242/358/568 244/319/569 309/350/570
f 248/327/571 249/301/572 245/326/573 310/351/574
s 15
f 245/326/575 246/286/576 250/320/577 310/351/578
s off
f 250/320/579 247/359/580 248/327/581 310/351/582
s 15
f 270/321/583 266/333/584 311/352/585 269/361/586
s 6
f 269/361/587 311/352/588 268/322/538
f 268/322/538 311/352/588 266/333/493 267/311/492
f 284/307/503 280/337/502 312/353/589 283/323/537
f 283/323/537 312/353/589 282/360/590
s 14
f 282/360/591 312/353/592 280/337/593 281/305/594
s 6
f 289/340/505 290/289/504 285/338/510 313/354/595
s 12
f 285/338/507 286/292/506 287/339/515 313/354/596
s 3
f 287/339/513 288/306/501 289/340/500 313/354/597
s 12
f 295/343/517 296/294/516 291/341/521 314/355/598
s 3
f 291/341/518 292/310/463 293/342/462 314/355/599
f 293/342/462 294/291/465 295/343/514 314/355/600
s 5
f 301/346/552 302/296/527 297/344/526 315/356/601
s 12
f 297/344/524 298/300/509 299/345/508 315/356/602
s 6
f 299/345/512 300/290/511 301/346/551 315/356/603
s 3
f 307/349/556 308/293/520 303/347/519 316/357/604
s 12
f 303/347/523 304/295/522 305/348/525 316/357/605
s 5
f 305/348/529 306/297/528 307/349/555 316/357/606
s 14
f 353/402/607 358/364/608 360/366/609 359/403/610 282/360/591 281/305/594 243/284/560 244/319/559 242/358/611
s 6
f 359/403/612 364/404/613 404/408/614 403/409/615 269/361/587 268/322/538 283/323/537 282/360/590
s 4
f 393/406/616 398/407/617 354/401/618 353/402/619 242/358/466 247/359/469
s 15
f 403/409/620 408/375/621 394/405/622 393/406/623 247/359/624 250/320/577 246/286/576 270/321/583 269/361/586
s 16
f 319/362/625 318/412/626 341/431/627 340/378/628
f 318/412/626 317/410/629 342/433/630 341/431/627
s 4
f 317/411/631 325/381/632 343/368/633 342/432/634
s 18
f 322/363/635 321/415/636 332/423/637 331/376/638
s 16
f 321/415/639 320/413/640 333/425/641 332/423/642
f 320/414/640 319/362/625 334/365/643 333/424/641
s 4
f 325/381/632 324/417/644 356/442/645 355/382/646
s 16
f 324/417/647 323/416/648 357/443/649 356/442/650
s 18
f 323/416/651 322/363/635 358/364/652 357/443/653
s 6
f 328/367/654 327/419/655 347/438/656 346/379/657
s 16
f 327/420/658 326/418/659 348/439/660 347/437/661
f 326/418/659 334/365/643 349/369/662 348/439/660
s 18
f 331/376/638 330/422/663 361/444/664 360/366/665
s 16
f 330/422/666 329/421/667 362/445/668 361/444/669
s 6
f 329/421/670 328/367/654 363/392/671 362/445/672
s 24
f 337/370/673 336/428/674 382/460/675 381/377/676
s 16
f 336/428/677 335/426/678 383/462/679 382/460/680
s 4
f 335/427/681 343/368/633 384/388/682 383/461/683
s 16
f 340/378/628 339/430/684 350/440/685 349/369/662
f 339/430/684 338/429/686 351/441/687 350/440/685
s 24
f 338/429/688 337/370/673 352/371/689 351/441/690
s 6
f 346/379/657 345/435/691 386/464/692 385/380/693
s 16
f 345/436/694 344/434/695 387/465/696 386/463/697
s 24
f 344/434/698 352/371/689 388/391/699 387/465/700
s 4
f 367/385/701 366/449/702 370/450/703 369/383/704
s 16
f 366/449/705 365/447/706 371/452/707 370/450/708
s 24
f 365/446/709 368/372/710 372/390/711 371/451/712
s 1
f 391/373/452 390/468/713 395/469/714 394/405/453
s off
f 390/468/715 389/467/716 396/470/717 395/469/718
s 4
f 389/467/719 392/384/720 397/389/721 396/470/722
s 6
f 401/374/723 400/473/724 406/474/725 405/394/726
s off
f 400/473/727 399/471/728 407/475/729 406/474/730
s 1
f 399/471/731 402/399/455 408/375/454 407/475/732
s 18
f 322/363/635 331/376/638 360/366/665 358/364/652
s 24
f 381/377/676 388/391/699 352/371/689 337/370/673
s 16
f 340/378/628 349/369/662 334/365/643 319/362/625
s 6
f 328/367/654 346/379/657 385/380/693 363/392/671
s 4
f 343/368/633 325/381/632 355/382/646 384/388/682
f 369/383/704 397/389/721 392/384/720 367/385/701
s 24
f 372/390/711 368/372/710 375/386/733 380/387/734
s 6
f 401/374/723 405/394/726 377/393/735 376/400/736
s 4
f 384/388/682 355/382/646 354/401/618 398/407/617 397/389/721 369/383/704
s 24
f 372/390/711 380/387/734 388/391/699 381/377/676
s 6
f 364/404/613 363/392/671 385/380/693 377/393/735 405/394/726 404/408/614
s off
f 399/471/737 400/472/738 401/395/739 376/396/740 373/454/741 374/455/742 375/386/743 368/372/744 365/446/745 366/448/746 367/397/747 392/398/748 389/466/749 390/468/750 391/373/751 402/399/752
s 24
f 375/386/733 374/455/753 379/458/754 380/387/734
s 16
f 374/455/755 373/454/756 378/457/757 379/458/758
s 6
f 373/453/759 376/400/736 377/393/735 378/456/760
s 4
f 369/383/704 370/450/703 383/461/683 384/388/682
s 16
f 370/450/708 371/452/707 382/459/680 383/461/679
s 24
f 371/451/712 372/390/711 381/377/676 382/460/675
f 380/387/734 379/458/754 387/465/700 388/391/699
s 16
f 379/458/758 378/457/757 386/463/697 387/465/696
s 6
f 378/456/760 377/393/735 385/380/693 386/464/692
s 4
f 324/417/644 325/381/632 317/411/631 409/476/761
s 16
f 409/477/762 317/410/629 318/412/626 410/479/763
f 318/412/626 319/362/625 320/414/640 410/479/764
f 410/478/763 320/413/640 321/415/639 411/480/765
s 18
f 321/415/636 322/363/635 323/416/651 411/480/766
s 16
f 411/480/765 323/416/648 324/417/647 409/476/762
f 409/476/762 410/478/763 411/480/765
f 333/424/641 334/365/643 326/418/659 412/482/767
f 412/482/768 326/418/659 327/420/658 413/484/769
s 6
f 327/419/655 328/367/654 329/421/670 413/483/770
s 16
f 413/483/769 329/421/667 330/422/666 414/485/771
s 18
f 330/422/663 331/376/638 332/423/637 414/485/772
s 16
f 414/485/771 332/423/642 333/425/641 412/481/768
f 412/481/768 413/483/769 414/485/771
s 4
f 342/432/634 343/368/633 335/427/681 415/487/773
s 16
f 415/486/774 335/426/678 336/428/677 416/488/775
s 24
f 336/428/674 337/370/673 338/429/688 416/488/776
s 16
f 416/488/775 338/429/686 339/430/684 417/489/777
f 339/430/684 340/378/628 341/431/627 417/489/778
f 417/489/777 341/431/627 342/433/630 415/486/774
f 415/486/774 416/488/775 417/489/777
s 24
f 351/441/690 352/371/689 344/434/698 418/490/779
s 16
f 418/490/780 344/434/695 345/436/694 419/491/781
s 6
f 345/435/691 346/379/657 347/438/656 419/492/782
s 16
f 419/491/781 347/437/661 348/439/660 420/493/783
f 348/439/660 349/369/662 350/440/685 420/493/784
f 420/493/783 350/440/685 351/441/687 418/490/780
f 418/490/780 419/491/781 420/493/783
s 4
f 355/382/646 356/442/645 421/494/785 354/401/618
f 354/401/618 421/494/785 422/495/786 353/402/619
s 14
f 353/402/607 422/495/787 357/443/788 358/364/608
s off
f 357/443/789 422/495/790 421/494/791 356/442/792
s 14
f 360/366/609 361/444/793 423/496/794 359/403/610
s 6
f 359/403/612 423/496/795 424/497/796 364/404/613
f 364/404/613 424/497/796 362/445/672 363/392/671
s off
f 362/445/797 424/497/798 423/496/799 361/444/800
s 15
f 394/405/622 395/469/801 425/498/802 393/406/623
s 4
f 393/406/616 425/498/803 426/499/804 398/407/617
f 398/407/617 426/499/804 396/470/722 397/389/721
s off
f 396/470/805 426/499/806 425/498/807 395/469/808
s 6
f 405/394/726 406/474/725 427/500/809 404/408/614
f 404/408/614 427/500/809 428/501/810 403/409/615
s 15
f 403/409/620 428/501/811 407/475/812 408/375/621
s off
f 407/475/813 428/501/814 427/500/815 406/474/816
g default
v 0.844988 0.015800 -0.671268
v 1.112156 0.015800 -0.671268
v 0.844988 1.371704 -0.671268
v 1.112156 1.371704 -0.671268
v 0.844988 1.371704 -0.938436
v 1.112156 1.371704 -0.938436
v 0.844988 0.015800 -0.938436
v 1.112156 0.015800 -0.938436
vt 0.202377 0.376181
vt 0.203281 0.303398
vt 0.276065 0.304302
vt 0.275161 0.377086
vt 0.256882 0.302764
vt 0.257786 0.229981
vt 0.330570 0.230885
vt 0.329665 0.303668
vt 0.050379 0.587315
vt 0.018071 0.586913
vt 0.018473 0.554605
vt 0.050781 0.555007
vt 0.015598 0.786012
vt 0.015999 0.753703
vt 0.048307 0.754105
vt 0.047906 0.786413
vt 0.402449 0.304573
vt 0.403353 0.231789
vt 0.476136 0.232694
vt 0.475232 0.305477
vt 0.347944 0.377990
vt 0.348848 0.305207
vt 0.421632 0.306111
vt 0.420727 0.378894
vn 0.000000 0.000000 1.000000
vn 0.000000 0.000000 1.000000
vn 0.000000 0.000000 1.000000
vn 0.000000 0.000000 1.000000
vn 0.000000 1.000000 0.000000
vn 0.000000 1.000000 0.000000
vn 0.000000 1.000000 0.000000
vn 0.000000 1.000000 0.000000
vn 0.000000 0.000000 -1.000000
vn 0.000000 0.000000 -1.000000
vn 0.000000 0.000000 -1.000000
vn 0.000000 0.000000 -1.000000
vn 0.000000 -1.000000 0.000000
vn 0.000000 -1.000000 0.000000
vn 0.000000 -1.000000 0.000000
vn 0.000000 -1.000000 0.000000
vn 1.000000 0.000000 0.000000
vn 1.000000 0.000000 0.000000
vn 1.000000 0.000000 0.000000
vn 1.000000 0.000000 0.000000
vn -1.000000 0.000000 0.000000
vn -1.000000 0.000000 0.000000
vn -1.000000 0.000000 0.000000
vn -1.000000 0.000000 0.000000
s off
g pCube6 Mesita
usemtl lambert3SG
f 429/518/817 430/519/818 432/520/819 431/521/820
f 431/510/821 432/511/822 434/512/823 433/513/824
f 433/522/825 434/523/826 436/524/827 435/525/828
f 435/514/829 436/515/830 430/516/831 429/517/832
f 430/502/833 436/503/834 434/504/835 432/505/836
f 435/506/837 429/507/838 431/508/839 433/509/840
g default
v -0.132607 0.015800 0.979006
v 0.134560 0.015800 0.979006
v -0.132607 1.371704 0.979006
v 0.134560 1.371704 0.979006
v -0.132607 1.371704 0.711838
v 0.134560 1.371704 0.711838
v -0.132607 0.015800 0.711838
v 0.134560 0.015800 0.711838
vt 0.198189 0.968885
vt 0.199094 0.896102
vt 0.271877 0.897006
vt 0.270973 0.969790
vt 0.275161 0.377086
vt 0.276065 0.304302
vt 0.348848 0.305207
vt 0.347944 0.377990
vt 0.047503 0.818824
vt 0.015195 0.818423
vt 0.015596 0.786115
vt 0.047904 0.786516
vt 0.013181 0.980479
vt 0.013583 0.948172
vt 0.045891 0.948573
vt 0.045489 0.980881
vt 0.329665 0.303668
vt 0.330570 0.230885
vt 0.403353 0.231789
vt 0.402449 0.304573
vt 0.250259 0.895438
vt 0.251164 0.822654
vt 0.323947 0.823559
vt 0.323043 0.896342
vn 0.000000 0.000000 1.000000
vn 0.000000 0.000000 1.000000
vn 0.000000 0.000000 1.000000
vn 0.000000 0.000000 1.000000
vn 0.000000 1.000000 0.000000
vn 0.000000 1.000000 0.000000
vn 0.000000 1.000000 0.000000
vn 0.000000 1.000000 0.000000
vn 0.000000 0.000000 -1.000000
vn 0.000000 0.000000 -1.000000
vn 0.000000 0.000000 -1.000000
vn 0.000000 0.000000 -1.000000
vn 0.000000 -1.000000 0.000000
vn 0.000000 -1.000000 0.000000
vn 0.000000 -1.000000 0.000000
vn 0.000000 -1.000000 0.000000
vn 1.000000 0.000000 0.000000
vn 1.000000 0.000000 0.000000
vn 1.000000 0.000000 0.000000
vn 1.000000 0.000000 0.000000
vn -1.000000 0.000000 0.000000
vn -1.000000 0.000000 0.000000
vn -1.000000 0.000000 0.000000
vn -1.000000 0.000000 0.000000
s off
g Mesita pCube5
usemtl lambert3SG
f 437/542/841 438/543/842 440/544/843 439/545/844
f 439/534/845 440/535/846 442/536/847 441/537/848
f 441/546/849 442/547/850 444/548/851 443/549/852
f 443/538/853 444/539/854 438/540/855 437/541/856
f 438/526/857 444/527/858 442/528/859 440/529/860
f 443/530/861 437/531/862 439/532/863 441/533/864
g default
v -1.197932 0.015800 -0.723789
v -0.930765 0.015800 -0.723789
v -1.197932 1.371704 -0.723789
v -0.930765 1.371704 -0.723789
v -1.197932 1.371704 -0.990957
v -0.930765 1.371704 -0.990957
v -1.197932 0.015800 -0.990957
v -0.930765 0.015800 -0.990957
vt 0.395826 0.897247
vt 0.396730 0.824463
vt 0.469514 0.825367
vt 0.468609 0.898151
vt 0.343756 0.970694
vt 0.344660 0.897911
vt 0.417444 0.898815
vt 0.416539 0.971598
vt 0.052450 0.420628
vt 0.020142 0.420226
vt 0.020544 0.387918
vt 0.052852 0.388320
vt 0.017669 0.619325
vt 0.018070 0.587017
vt 0.050378 0.587418
vt 0.049977 0.619726
vt 0.270973 0.969790
vt 0.271877 0.897006
vt 0.344660 0.897911
vt 0.343756 0.970694
vt 0.323043 0.896342
vt 0.323947 0.823559
vt 0.396730 0.824463
vt 0.395826 0.897247
vn 0.000000 0.000000 1.000000
vn 0.000000 0.000000 1.000000
vn 0.000000 0.000000 1.000000
vn 0.000000 0.000000 1.000000
vn 0.000000 1.000000 0.000000
vn 0.000000 1.000000 0.000000
vn 0.000000 1.000000 0.000000
vn 0.000000 1.000000 0.000000
vn 0.000000 0.000000 -1.000000
vn 0.000000 0.000000 -1.000000
vn 0.000000 0.000000 -1.000000
vn 0.000000 0.000000 -1.000000
vn 0.000000 -1.000000 0.000000
vn 0.000000 -1.000000 0.000000
vn 0.000000 -1.000000 0.000000
vn 0.000000 -1.000000 0.000000
vn 1.000000 0.000000 0.000000
vn 1.000000 0.000000 0.000000
vn 1.000000 0.000000 0.000000
vn 1.000000 0.000000 0.000000
vn -1.000000 0.000000 0.000000
vn -1.000000 0.000000 0.000000
vn -1.000000 0.000000 0.000000
vn -1.000000 0.000000 0.000000
s off
g Mesita pCube4
usemtl lambert3SG
f 445/566/865 446/567/866 448/568/867 447/569/868
f 447/558/869 448/559/870 450/560/871 449/561/872
f 449/570/873 450/571/874 452/572/875 451/573/876
f 451/562/877 452/563/878 446/564/879 445/565/880
f 446/550/881 452/551/882 450/552/883 448/553/884
f 451/554/885 445/555/886 447/556/887 449/557/888
g default
v -0.893014 1.629465 1.208833
v -0.446507 1.629465 1.208833
v 0.000000 1.629465 1.208833
v 0.446507 1.629465 1.208833
v 0.893014 1.629465 1.208833
v -1.455977 1.629465 0.604417
v 1.455977 1.629465 0.604417
v -1.455977 1.629465 0.000000
v 1.455977 1.629465 0.000000
v -1.455977 1.629465 -0.604417
v 1.455977 1.629465 -0.604417
v -0.893014 1.629465 -1.208833
v -0.446507 1.629465 -1.208833
v 0.000000 1.629465 -1.208833
v 0.446507 1.629465 -1.208833
v 0.893014 1.629465 -1.208833
v -0.893014 2.155399 1.208833
v -0.446507 2.155399 1.208833
v -1.455977 2.155399 0.604417
v 0.000000 2.155399 1.208833
v 0.446507 2.155399 1.208833
v 0.893014 2.155399 1.208833
v 1.455977 2.155399 0.604417
v -1.455977 2.155399 0.000000
v 1.455977 2.155399 0.000000
v -1.455977 2.155399 -0.604417
v 1.455977 2.155399 -0.604417
v -0.446507 2.155399 -1.208833
v -0.893014 2.155399 -1.208833
v 0.000000 2.155399 -1.208833
v 0.446507 2.155399 -1.208833
v 0.893014 2.155399 -1.208833
v -0.893014 2.381264 1.208833
v -0.446507 2.381264 1.208833
v -0.446507 2.381264 0.604417
v -1.455977 2.381264 0.604417
v 0.000000 2.381264 1.208833
v 0.000000 2.381264 0.604417
v 0.446507 2.381264 1.208833
v 0.446507 2.381264 0.604417
v 0.893014 2.381264 1.208833
v 1.455977 2.381264 0.604417
v -0.446507 2.381264 0.000000
v -1.455977 2.381264 0.000000
v 0.000000 2.381264 0.000000
v 0.446507 2.381264 0.000000
v 1.455977 2.381264 0.000000
v -0.446507 2.381264 -0.604417
v -1.455977 2.381264 -0.604417
v 0.000000 2.381264 -0.604417
v 0.446507 2.381264 -0.604417
v 1.455977 2.381264 -0.604417
v -0.446507 2.381264 -1.208833
v -0.893014 2.381264 -1.208833
v 0.000000 2.381264 -1.208833
v 0.446507 2.381264 -1.208833
v 0.893014 2.381264 -1.208833
v -0.993516 2.142690 1.344878
v -0.496758 2.142690 1.344878
v -0.496758 2.393974 1.344878
v -0.993516 2.393974 1.344878
v -1.619836 2.142690 0.672439
v -1.619836 2.393974 0.672439
v 0.000000 2.142690 1.344878
v 0.000000 2.393974 1.344878
v 0.496758 2.142690 1.344878
v 0.496758 2.393974 1.344878
v 0.993516 2.142690 1.344878
v 0.993516 2.393974 1.344878
v 1.619836 2.142690 0.672439
v 1.619836 2.393974 0.672439
v -1.619836 2.142690 0.000000
v -1.619836 2.393974 0.000000
v 1.619836 2.142690 0.000000
v 1.619836 2.393974 0.000000
v -1.619836 2.142690 -0.672439
v -1.619836 2.393974 -0.672439
v 1.619836 2.142690 -0.672439
v 1.619836 2.393974 -0.672439
v -0.993516 2.142690 -1.344878
v -0.496758 2.142690 -1.344878
v -0.993516 2.393974 -1.344878
v -0.496758 2.393974 -1.344878
v 0.000000 2.142690 -1.344878
v 0.000000 2.393974 -1.344878
v 0.496758 2.142690 -1.344878
v 0.496758 2.393974 -1.344878
v 0.993516 2.142690 -1.344878
v 0.993516 2.393974 -1.344878
v -0.893014 1.371564 1.208833
v -1.455977 1.371564 0.604417
v -0.446507 1.371564 0.604417
v -0.446507 1.371564 1.208833
v 0.000000 1.371564 0.604417
v 0.000000 1.371564 1.208833
v 0.446507 1.371564 0.604417
v 0.446507 1.371564 1.208833
v 1.455977 1.371564 0.604417
v 0.893014 1.371564 1.208833
v -1.455977 1.371564 -0.000000
v -0.446507 1.371564 -0.000000
v 0.000000 1.371564 -0.000000
v 0.446507 1.371564 -0.000000
v 1.455977 1.371564 -0.000000
v -1.455977 1.371564 -0.604417
v -0.446507 1.371564 -0.604417
v 0.000000 1.371564 -0.604417
v 0.446507 1.371564 -0.604417
v 1.455977 1.371564 -0.604417
v -0.893014 1.371564 -1.208833
v -0.446507 1.371564 -1.208833
v 0.000000 1.371564 -1.208833
v 0.446507 1.371564 -1.208833
v 0.893014 1.371564 -1.208833
v -0.983724 1.642564 1.331624
v -1.603871 1.642564 0.665812
v -1.603871 1.358466 0.665812
v -0.983724 1.358466 1.331624
v -0.491862 1.642564 1.331624
v -0.491862 1.358466 1.331624
v 0.000000 1.642564 1.331624
v 0.000000 1.358466 1.331624
v 0.491862 1.642564 1.331624
v 0.491862 1.358466 1.331624
v 0.983724 1.642564 1.331624
v 1.603871 1.642564 0.665812
v 0.983724 1.358466 1.331624
v 1.603871 1.358466 0.665812
v -1.603871 1.642564 0.000000
v -1.603871 1.358466 -0.000000
v 1.603871 1.642564 0.000000
v 1.603871 1.358466 -0.000000
v -1.603871 1.642564 -0.665812
v -1.603871 1.358466 -0.665812
v 1.603871 1.642564 -0.665812
v 1.603871 1.358466 -0.665812
v -0.983724 1.642564 -1.331624
v -0.983724 1.358466 -1.331624
v -0.491862 1.642564 -1.331624
v -0.491862 1.358466 -1.331624
v 0.000000 1.642564 -1.331624
v 0.000000 1.358466 -1.331624
v 0.491862 1.642564 -1.331624
v 0.491862 1.358466 -1.331624
v 0.983724 1.642564 -1.331624
v 0.983724 1.358466 -1.331624
vt 0.122597 0.926268
vt 0.046486 0.925322
vt 0.047245 0.864246
vt 0.123355 0.865191
vt 0.198707 0.927214
vt 0.199466 0.866137
vt 0.202952 0.329879
vt 0.126842 0.328934
vt 0.127601 0.267857
vt 0.203711 0.268803
vt 0.050731 0.327988
vt 0.051490 0.266912
vt 0.505806 0.347535
vt 0.421130 0.346483
vt 0.421493 0.317301
vt 0.506169 0.318354
vt 0.590482 0.348587
vt 0.590845 0.319406
vt 0.586237 0.945921
vt 0.501561 0.944869
vt 0.501924 0.915688
vt 0.586600 0.916740
vt 0.416885 0.943817
vt 0.417247 0.914636
vt 0.090069 0.230647
vt 0.173910 0.231689
vt 0.173500 0.264681
vt 0.089659 0.263639
vt 0.257752 0.232731
vt 0.257342 0.265723
vt 0.167230 0.828993
vt 0.251072 0.830034
vt 0.250662 0.863027
vt 0.166820 0.861985
vt 0.083389 0.827951
vt 0.082979 0.860943
vt 0.530241 0.772261
vt 0.445512 0.771381
vt 0.445952 0.729016
vt 0.637509 0.731006
vt 0.549214 0.781994
vt 0.454949 0.781015
vt 0.360783 0.770501
vt 0.361223 0.728137
vt 0.446392 0.686652
vt 0.637949 0.688641
vt 0.668554 0.736096
vt 0.360684 0.780037
vt 0.276054 0.769621
vt 0.276494 0.727257
vt 0.361663 0.685772
vt 0.446832 0.644287
vt 0.638389 0.646276
vt 0.669043 0.688964
vt 0.266420 0.779058
vt 0.191325 0.768742
vt 0.084937 0.725268
vt 0.276934 0.684892
vt 0.362103 0.643407
vt 0.447272 0.601923
vt 0.532001 0.602802
vt 0.669532 0.641831
vt 0.172155 0.778079
vt 0.053794 0.729713
vt 0.085377 0.682903
vt 0.277374 0.642528
vt 0.362543 0.601043
vt 0.456907 0.592486
vt 0.551171 0.593465
vt 0.054283 0.682580
vt 0.085817 0.640539
vt 0.277814 0.600163
vt 0.362642 0.591507
vt 0.054773 0.635448
vt 0.193085 0.599283
vt 0.268377 0.590529
vt 0.174112 0.589550
vt 0.517458 0.401674
vt 0.628965 0.447506
vt 0.428028 0.445009
vt 0.428580 0.400570
vt 0.535626 0.392871
vt 0.658459 0.443357
vt 0.628412 0.491945
vt 0.427476 0.489448
vt 0.339150 0.443905
vt 0.339703 0.399466
vt 0.437720 0.391654
vt 0.657851 0.492310
vt 0.627860 0.536384
vt 0.426924 0.533887
vt 0.338598 0.488344
vt 0.250273 0.442801
vt 0.250825 0.398362
vt 0.339815 0.390438
vt 0.657243 0.541263
vt 0.515250 0.579430
vt 0.426372 0.578326
vt 0.338046 0.532783
vt 0.249720 0.487239
vt 0.049336 0.440304
vt 0.161947 0.397257
vt 0.241909 0.389221
vt 0.533193 0.588683
vt 0.435288 0.587466
vt 0.337494 0.577222
vt 0.249168 0.531678
vt 0.048784 0.484743
vt 0.019953 0.435424
vt 0.144003 0.388005
vt 0.337382 0.586250
vt 0.248616 0.576117
vt 0.048232 0.529182
vt 0.019345 0.484377
vt 0.239476 0.585033
vt 0.159738 0.575013
vt 0.018737 0.533330
vt 0.141570 0.583817
vt 0.515669 0.798947
vt 0.426797 0.797843
vt 0.436923 0.787966
vt 0.535797 0.789194
vt 0.337924 0.796739
vt 0.338049 0.786737
vt 0.627168 0.844776
vt 0.659845 0.840180
vt 0.249052 0.795635
vt 0.239175 0.785509
vt 0.626616 0.889212
vt 0.659230 0.889617
vt 0.160180 0.794531
vt 0.140300 0.784280
vt 0.626064 0.933648
vt 0.658616 0.939054
vt 0.047576 0.837575
vt 0.015024 0.832168
vt 0.513460 0.976692
vt 0.533340 0.986942
vt 0.047024 0.882011
vt 0.014410 0.881605
vt 0.424588 0.975588
vt 0.434466 0.985714
vt 0.046472 0.926447
vt 0.013796 0.931042
vt 0.335716 0.974483
vt 0.335592 0.984485
vt 0.157972 0.972275
vt 0.137843 0.982028
vt 0.246844 0.973379
vt 0.236717 0.983257
vt 0.517723 0.380332
vt 0.630334 0.337285
vt 0.659717 0.342165
vt 0.535667 0.389584
vt 0.630886 0.292846
vt 0.660325 0.293212
vt 0.428846 0.379228
vt 0.437761 0.388368
vt 0.631438 0.248407
vt 0.660933 0.244259
vt 0.339968 0.378123
vt 0.339856 0.387151
vt 0.519932 0.202576
vt 0.538100 0.193773
vt 0.251090 0.377019
vt 0.241950 0.385935
vt 0.431054 0.201472
vt 0.440194 0.192556
vt 0.162212 0.375915
vt 0.144044 0.384718
vt 0.342176 0.200368
vt 0.342288 0.191340
vt 0.050706 0.330084
vt 0.021211 0.334232
vt 0.253298 0.199263
vt 0.244383 0.190123
vt 0.051258 0.285645
vt 0.021819 0.285279
vt 0.164421 0.198159
vt 0.146477 0.188907
vt 0.051810 0.241206
vt 0.022427 0.236326
vt 0.552427 0.148985
vt 0.451904 0.147736
vt 0.452405 0.107403
vt 0.552928 0.108652
vt 0.351381 0.146487
vt 0.351882 0.106154
vt 0.679168 0.150560
vt 0.679669 0.110227
vt 0.250858 0.145238
vt 0.251359 0.104905
vt 0.150335 0.143990
vt 0.150836 0.103656
vt 0.023594 0.142415
vt 0.024095 0.102081
vt 0.451887 0.149075
vt 0.552410 0.150324
vt 0.551909 0.190657
vt 0.451386 0.189408
vt 0.679151 0.151898
vt 0.678650 0.192232
vt 0.351364 0.147826
vt 0.350863 0.188159
vt 0.250841 0.146577
vt 0.250340 0.186910
vt 0.150318 0.145328
vt 0.149817 0.185661
vt 0.023577 0.143753
vt 0.023076 0.184087
vt 0.613036 0.061751
vt 0.501200 0.060362
vt 0.501439 0.041091
vt 0.613276 0.042480
vt 0.389364 0.058972
vt 0.389603 0.039701
vt 0.754041 0.063503
vt 0.754280 0.044232
vt 0.277528 0.057583
vt 0.277767 0.038312
vt 0.165692 0.056193
vt 0.165931 0.036922
vt 0.024687 0.054441
vt 0.024927 0.035170
vt 0.501727 0.017940
vt 0.613563 0.019329
vt 0.613324 0.038600
vt 0.501488 0.037211
vt 0.754568 0.021081
vt 0.754328 0.040352
vt 0.389891 0.016550
vt 0.389651 0.035821
vt 0.278055 0.015161
vt 0.277815 0.034432
vt 0.166219 0.013771
vt 0.165979 0.033042
vt 0.025214 0.012019
vt 0.024975 0.031290
vt 0.607220 0.063043
vt 0.746835 0.064778
vt 0.746565 0.086565
vt 0.606949 0.084830
vt 0.496486 0.061667
vt 0.496216 0.083454
vt 0.385753 0.060291
vt 0.385482 0.082078
vt 0.275019 0.058915
vt 0.274748 0.080703
vt 0.164285 0.057540
vt 0.164014 0.079327
vt 0.024670 0.055805
vt 0.024399 0.077592
vt 0.746277 0.109716
vt 0.606662 0.107981
vt 0.606933 0.086194
vt 0.746548 0.087928
vt 0.495928 0.106605
vt 0.496199 0.084818
vt 0.385194 0.105229
vt 0.385465 0.083442
vt 0.274461 0.103854
vt 0.274731 0.082066
vt 0.163727 0.102478
vt 0.163997 0.080690
vt 0.024112 0.100743
vt 0.024382 0.078956
vn 0.000000 1.000000 -0.000000
vn 0.000000 1.000000 -0.000000
vn 0.000000 1.000000 -0.000000
vn 0.000000 1.000000 -0.000000
vn 0.000000 1.000000 0.000000
vn 0.000000 1.000000 0.000000
vn 0.000000 1.000000 -0.000000
vn 0.000000 1.000000 -0.000000
vn 0.000000 1.000000 -0.000000
vn 0.000000 1.000000 -0.000000
vn 0.000000 1.000000 0.000000
vn 0.000000 1.000000 0.000000
vn 0.000000 1.000000 0.000000
vn 0.000000 1.000000 0.000000
vn 0.000000 1.000000 0.000000
vn 0.000000 1.000000 0.000000
vn 0.000000 1.000000 0.000000
vn 0.000000 1.000000 0.000000
vn 0.000000 1.000000 0.000000
vn 0.000000 1.000000 0.000000
vn 0.000000 1.000000 0.000000
vn 0.000000 1.000000 0.000000
vn 0.000000 1.000000 0.000000
vn 0.000000 1.000000 0.000000
vn 0.000000 1.000000 0.000000
vn 0.000000 -1.000000 -0.000000
vn 0.000000 -1.000000 -0.000000
vn 0.000000 -1.000000 -0.000000
vn 0.000000 -1.000000 -0.000000
vn 0.000000 -1.000000 0.000000
vn 0.000000 -1.000000 0.000000
vn 0.000000 -1.000000 -0.000000
vn 0.000000 -1.000000 -0.000000
vn 0.000000 -1.000000 -0.000000
vn 0.000000 -1.000000 -0.000000
vn 0.000000 -1.000000 0.000000
vn 0.000000 -1.000000 0.000000
vn 0.000000 -1.000000 0.000000
vn 0.000000 -1.000000 0.000000
vn 0.000000 -1.000000 0.000000
vn 0.000000 -1.000000 0.000000
vn 0.000000 -1.000000 0.000000
vn 0.000000 -1.000000 0.000000
vn 0.000000 -1.000000 0.000000
vn 0.000000 -1.000000 0.000000
vn 0.000000 -1.000000 0.000000
vn 0.000000 -1.000000 0.000000
vn 0.000000 -1.000000 0.000000
vn 0.000000 -1.000000 0.000000
vn 0.000000 -1.000000 0.000000
vn 0.000000 0.000000 1.000000
vn 0.000000 0.000000 1.000000
vn 0.000000 0.000000 1.000000
vn 0.000000 0.000000 1.000000
vn -0.731755 0.000000 0.681568
vn -0.731755 0.000000 0.681568
vn -0.731755 0.000000 0.681568
vn -0.731755 0.000000 0.681568
vn 0.000000 0.000000 1.000000
vn 0.000000 0.000000 1.000000
vn 0.000000 0.000000 1.000000
vn 0.000000 0.000000 1.000000
vn 0.000000 0.000000 1.000000
vn 0.000000 0.000000 1.000000
vn 0.000000 0.000000 1.000000
vn 0.000000 0.000000 1.000000
vn 0.000000 0.000000 1.000000
vn 0.000000 0.000000 1.000000
vn 0.000000 0.000000 1.000000
vn 0.000000 0.000000 1.000000
vn 0.731755 0.000000 0.681568
vn 0.731755 0.000000 0.681568
vn 0.731755 0.000000 0.681568
vn 0.731755 0.000000 0.681568
vn -1.000000 0.000000 0.000000
vn -1.000000 0.000000 0.000000
vn -1.000000 0.000000 0.000000
vn -1.000000 0.000000 0.000000
vn 1.000000 0.000000 0.000000
vn 1.000000 0.000000 0.000000
vn 1.000000 0.000000 0.000000
vn 1.000000 0.000000 0.000000
vn -1.000000 0.000000 0.000000
vn -1.000000 0.000000 0.000000
vn -1.000000 0.000000 0.000000
vn -1.000000 0.000000 0.000000
vn 1.000000 0.000000 0.000000
vn 1.000000 0.000000 0.000000
vn 1.000000 0.000000 0.000000
vn 1.000000 0.000000 0.000000
vn 0.000000 0.000000 -1.000000
vn 0.000000 0.000000 -1.000000
vn 0.000000 0.000000 -1.000000
vn 0.000000 0.000000 -1.000000
vn -0.731755 0.000000 -0.681568
vn -0.731755 0.000000 -0.681568
vn -0.731755 0.000000 -0.681568
vn -0.731755 0.000000 -0.681568
vn 0.000000 0.000000 -1.000000
vn 0.000000 0.000000 -1.000000
vn 0.000000 0.000000 -1.000000
vn 0.000000 0.000000 -1.000000
vn 0.000000 0.000000 -1.000000
vn 0.000000 0.000000 -1.000000
vn 0.000000 0.000000 -1.000000
vn 0.000000 0.000000 -1.000000
vn 0.731755 0.000000 -0.681568
vn 0.731755 0.000000 -0.681568
vn 0.731755 0.000000 -0.681568
vn 0.731755 0.000000 -0.681568
vn 0.000000 0.000000 -1.000000
vn 0.000000 0.000000 -1.000000
vn 0.000000 0.000000 -1.000000
vn 0.000000 0.000000 -1.000000
vn 0.000000 0.000000 1.000000
vn 0.000000 0.000000 1.000000
vn 0.000000 0.000000 1.000000
vn 0.000000 0.000000 1.000000
vn -0.731755 0.000000 0.681568
vn -0.731755 0.000000 0.681568
vn -0.731755 0.000000 0.681568
vn -0.731755 0.000000 0.681568
vn 0.000000 0.000000 1.000000
vn 0.000000 0.000000 1.000000
vn 0.000000 0.000000 1.000000
vn 0.000000 0.000000 1.000000
vn 0.000000 0.000000 1.000000
vn 0.000000 0.000000 1.000000
vn 0.000000 0.000000 1.000000
vn 0.000000 0.000000 1.000000
vn 0.000000 0.000000 1.000000
vn 0.000000 0.000000 1.000000
vn 0.000000 0.000000 1.000000
vn 0.000000 0.000000 1.000000
vn 0.731755 0.000000 0.681568
vn 0.731755 0.000000 0.681568
vn 0.731755 0.000000 0.681568
vn 0.731755 0.000000 0.681568
vn -1.000000 0.000000 0.000000
vn -1.000000 0.000000 0.000000
vn -1.000000 0.000000 0.000000
vn -1.000000 0.000000 0.000000
vn 1.000000 0.000000 0.000000
vn 1.000000 0.000000 0.000000
vn 1.000000 0.000000 0.000000
vn 1.000000 0.000000 0.000000
vn -1.000000 0.000000 0.000000
vn -1.000000 0.000000 0.000000
vn -1.000000 0.000000 0.000000
vn -1.000000 0.000000 0.000000
vn 1.000000 0.000000 0.000000
vn 1.000000 0.000000 0.000000
vn 1.000000 0.000000 0.000000
vn 1.000000 0.000000 0.000000
vn 0.000000 0.000000 -1.000000
vn 0.000000 0.000000 -1.000000
vn 0.000000 0.000000 -1.000000
vn 0.000000 0.000000 -1.000000
vn -0.731755 0.000000 -0.681568
vn -0.731755 0.000000 -0.681568
vn -0.731755 0.000000 -0.681568
vn -0.731755 0.000000 -0.681568
vn 0.000000 0.000000 -1.000000
vn 0.000000 0.000000 -1.000000
vn 0.000000 0.000000 -1.000000
vn 0.000000 0.000000 -1.000000
vn 0.000000 0.000000 -1.000000
vn 0.000000 0.000000 -1.000000
vn 0.000000 0.000000 -1.000000
vn 0.000000 0.000000 -1.000000
vn 0.731755 0.000000 -0.681568
vn 0.731755 0.000000 -0.681568
vn 0.731755 0.000000 -0.681568
vn 0.731755 0.000000 -0.681568
vn 0.000000 0.000000 -1.000000
vn 0.000000 0.000000 -1.000000
vn 0.000000 0.000000 -1.000000
vn 0.000000 0.000000 -1.000000
vn 0.000000 -0.995665 -0.093017
vn 0.000000 -0.995665 -0.093017
vn 0.000000 -0.995665 -0.093017
vn 0.000000 -0.995665 -0.093017
vn 0.000000 0.995665 -0.093017
vn 0.000000 0.995665 -0.093017
vn 0.000000 0.995665 -0.093017
vn 0.000000 0.995665 -0.093017
vn 0.055773 -0.997091 -0.051948
vn 0.055773 -0.997091 -0.051948
vn 0.055773 -0.997091 -0.051948
vn 0.055773 -0.997091 -0.051948
vn 0.055773 0.997091 -0.051948
vn 0.055773 0.997091 -0.051948
vn 0.055773 0.997091 -0.051948
vn 0.055773 0.997091 -0.051948
vn 0.000000 -0.995665 -0.093017
vn 0.000000 -0.995665 -0.093017
vn 0.000000 -0.995665 -0.093017
vn 0.000000 -0.995665 -0.093017
vn 0.000000 0.995665 -0.093017
vn 0.000000 0.995665 -0.093017
vn 0.000000 0.995665 -0.093017
vn 0.000000 0.995665 -0.093017
vn 0.000000 -0.995665 -0.093017
vn 0.000000 -0.995665 -0.093017
vn 0.000000 -0.995665 -0.093017
vn 0.000000 -0.995665 -0.093017
vn 0.000000 0.995665 -0.093017
vn 0.000000 0.995665 -0.093017
vn 0.000000 0.995665 -0.093017
vn 0.000000 0.995665 -0.093017
vn 0.000000 -0.995665 -0.093017
vn 0.000000 -0.995665 -0.093017
vn 0.000000 -0.995665 -0.093017
vn 0.000000 -0.995665 -0.093017
vn 0.000000 0.995665 -0.093017
vn 0.000000 0.995665 -0.093017
vn 0.000000 0.995665 -0.093017
vn 0.000000 0.995665 -0.093017
vn -0.055773 -0.997091 -0.051948
vn -0.055773 -0.997091 -0.051948
vn -0.055773 -0.997091 -0.051948
vn -0.055773 -0.997091 -0.051948
vn -0.055773 0.997091 -0.051948
vn -0.055773 0.997091 -0.051948
vn -0.055773 0.997091 -0.051948
vn -0.055773 0.997091 -0.051948
vn 0.077332 -0.997005 0.000000
vn 0.077332 -0.997005 0.000000
vn 0.077332 -0.997005 0.000000
vn 0.077332 -0.997005 0.000000
vn 0.077332 0.997005 0.000000
vn 0.077332 0.997005 0.000000
vn 0.077332 0.997005 0.000000
vn 0.077332 0.997005 0.000000
vn -0.077332 -0.997005 0.000000
vn -0.077332 -0.997005 0.000000
vn -0.077332 -0.997005 0.000000
vn -0.077332 -0.997005 0.000000
vn -0.077332 0.997005 0.000000
vn -0.077332 0.997005 0.000000
vn -0.077332 0.997005 0.000000
vn -0.077332 0.997005 0.000000
vn 0.077332 -0.997005 0.000000
vn 0.077332 -0.997005 0.000000
vn 0.077332 -0.997005 0.000000
vn 0.077332 -0.997005 0.000000
vn 0.077332 0.997005 0.000000
vn 0.077332 0.997005 0.000000
vn 0.077332 0.997005 0.000000
vn 0.077332 0.997005 0.000000
vn -0.077332 -0.997005 0.000000
vn -0.077332 -0.997005 0.000000
vn -0.077332 -0.997005 0.000000
vn -0.077332 -0.997005 0.000000
vn -0.077332 0.997005 0.000000
vn -0.077332 0.997005 0.000000
vn -0.077332 0.997005 0.000000
vn -0.077332 0.997005 0.000000
vn 0.000000 -0.995665 0.093017
vn 0.000000 -0.995665 0.093017
vn 0.000000 -0.995665 0.093017
vn 0.000000 -0.995665 0.093017
vn 0.000000 0.995665 0.093017
vn 0.000000 0.995665 0.093017
vn 0.000000 0.995665 0.093017
vn 0.000000 0.995665 0.093017
vn 0.055773 -0.997091 0.051948
vn 0.055773 -0.997091 0.051948
vn 0.055773 -0.997091 0.051948
vn 0.055773 -0.997091 0.051948
vn 0.055773 0.997091 0.051948
vn 0.055773 0.997091 0.051948
vn 0.055773 0.997091 0.051948
vn 0.055773 0.997091 0.051948
vn 0.000000 -0.995665 0.093017
vn 0.000000 -0.995665 0.093017
vn 0.000000 -0.995665 0.093017
vn 0.000000 -0.995665 0.093017
vn 0.000000 0.995665 0.093017
vn 0.000000 0.995665 0.093017
vn 0.000000 0.995665 0.093017
vn 0.000000 0.995665 0.093017
vn 0.000000 -0.995665 0.093017
vn 0.000000 -0.995665 0.093017
vn 0.000000 -0.995665 0.093017
vn 0.000000 -0.995665 0.093017
vn 0.000000 0.995665 0.093017
vn 0.000000 0.995665 0.093017
vn 0.000000 0.995665 0.093017
vn 0.000000 0.995665 0.093017
vn -0.055773 -0.997091 0.051948
vn -0.055773 -0.997091 0.051948
vn -0.055773 -0.997091 0.051948
vn -0.055773 -0.997091 0.051948
vn -0.055773 0.997091 0.051948
vn -0.055773 0.997091 0.051948
vn -0.055773 0.997091 0.051948
vn -0.055773 0.997091 0.051948
vn 0.000000 -0.995665 0.093017
vn 0.000000 -0.995665 0.093017
vn 0.000000 -0.995665 0.093017
vn 0.000000 -0.995665 0.093017
vn 0.000000 0.995665 0.093017
vn 0.000000 0.995665 0.093017
vn 0.000000 0.995665 0.093017
vn 0.000000 0.995665 0.093017
vn -0.731755 0.000000 0.681568
vn -0.731755 0.000000 0.681568
vn -0.731755 0.000000 0.681568
vn -0.731755 0.000000 0.681568
vn 0.000000 0.000000 1.000000
vn 0.000000 0.000000 1.000000
vn 0.000000 0.000000 1.000000
vn 0.000000 0.000000 1.000000
vn 0.000000 0.000000 1.000000
vn 0.000000 0.000000 1.000000
vn 0.000000 0.000000 1.000000
vn 0.000000 0.000000 1.000000
vn 0.731755 0.000000 0.681568
vn 0.731755 0.000000 0.681568
vn 0.731755 0.000000 0.681568
vn 0.731755 0.000000 0.681568
vn 0.000000 0.000000 1.000000
vn 0.000000 0.000000 1.000000
vn -1.000000 0.000000 0.000000
vn -1.000000 0.000000 0.000000
vn -1.000000 0.000000 0.000000
vn -1.000000 0.000000 0.000000
vn 1.000000 0.000000 0.000000
vn 1.000000 -0.000000 0.000000
vn 1.000000 -0.000000 0.000000
vn 1.000000 0.000000 0.000000
vn -1.000000 0.000000 0.000000
vn -1.000000 0.000000 0.000000
vn 1.000000 0.000000 0.000000
vn 1.000000 0.000000 0.000000
vn -0.731755 -0.000000 -0.681568
vn -0.731755 -0.000000 -0.681568
vn -0.731755 -0.000000 -0.681568
vn -0.731755 -0.000000 -0.681568
vn 0.000000 0.000000 -1.000000
vn 0.000000 0.000000 -1.000000
vn 0.000000 0.000000 -1.000000
vn 0.000000 0.000000 -1.000000
vn 0.000000 0.000000 -1.000000
vn 0.000000 0.000000 -1.000000
vn 0.000000 0.000000 -1.000000
vn 0.000000 0.000000 -1.000000
vn 0.000000 0.000000 -1.000000
vn 0.000000 0.000000 -1.000000
vn 0.731755 0.000000 -0.681568
vn 0.731755 0.000000 -0.681568
vn 0.731755 0.000000 -0.681568
vn 0.731755 0.000000 -0.681568
vn 0.063628 0.996212 -0.059264
vn 0.063628 0.996212 -0.059264
vn 0.063628 0.996212 -0.059264
vn 0.063628 0.996212 -0.059264
vn 0.063628 -0.996212 -0.059265
vn 0.063628 -0.996212 -0.059265
vn 0.063628 -0.996212 -0.059265
vn 0.063628 -0.996212 -0.059265
vn 0.000000 0.994358 -0.106072
vn 0.000000 0.994358 -0.106072
vn 0.000000 0.994358 -0.106072
vn 0.000000 0.994358 -0.106072
vn 0.000000 -0.994358 -0.106072
vn 0.000000 -0.994358 -0.106072
vn 0.000000 -0.994358 -0.106072
vn 0.000000 -0.994358 -0.106072
vn 0.000000 0.994358 -0.106072
vn 0.000000 0.994358 -0.106072
vn 0.000000 0.994358 -0.106072
vn 0.000000 0.994358 -0.106072
vn 0.000000 -0.994358 -0.106072
vn 0.000000 -0.994358 -0.106072
vn 0.000000 -0.994358 -0.106072
vn 0.000000 -0.994358 -0.106072
vn 0.000000 0.994358 -0.106072
vn 0.000000 0.994358 -0.106072
vn 0.000000 0.994358 -0.106072
vn 0.000000 0.994358 -0.106072
vn 0.000000 -0.994358 -0.106072
vn 0.000000 -0.994358 -0.106072
vn 0.000000 -0.994358 -0.106072
vn 0.000000 -0.994358 -0.106072
vn -0.063628 0.996212 -0.059265
vn -0.063628 0.996212 -0.059265
vn -0.063628 0.996212 -0.059265
vn -0.063628 0.996212 -0.059265
vn -0.063628 -0.996212 -0.059264
vn -0.063628 -0.996212 -0.059264
vn -0.063628 -0.996212 -0.059264
vn -0.063628 -0.996212 -0.059264
vn 0.000000 0.994358 -0.106072
vn 0.000000 0.994358 -0.106072
vn 0.000000 0.994358 -0.106072
vn 0.000000 0.994358 -0.106072
vn 0.000000 -0.994358 -0.106072
vn 0.000000 -0.994358 -0.106072
vn 0.000000 -0.994358 -0.106072
vn 0.000000 -0.994358 -0.106072
vn 0.088221 0.996101 0.000000
vn 0.088221 0.996101 0.000000
vn 0.088221 0.996101 0.000000
vn 0.088221 0.996101 0.000000
vn 0.088221 -0.996101 0.000000
vn 0.088221 -0.996101 0.000000
vn 0.088221 -0.996101 0.000000
vn 0.088221 -0.996101 0.000000
vn -0.088221 0.996101 0.000000
vn -0.088221 0.996101 0.000000
vn -0.088221 0.996101 0.000000
vn -0.088221 0.996101 0.000000
vn -0.088221 -0.996101 0.000000
vn -0.088221 -0.996101 0.000000
vn -0.088221 -0.996101 0.000000
vn -0.088221 -0.996101 0.000000
vn 0.088221 0.996101 0.000000
vn 0.088221 0.996101 0.000000
vn 0.088221 0.996101 0.000000
vn 0.088221 0.996101 0.000000
vn 0.088221 -0.996101 0.000000
vn 0.088221 -0.996101 0.000000
vn 0.088221 -0.996101 0.000000
vn 0.088221 -0.996101 0.000000
vn -0.088221 0.996101 0.000000
vn -0.088221 0.996101 0.000000
vn -0.088221 0.996101 0.000000
vn -0.088221 0.996101 0.000000
vn -0.088221 -0.996101 0.000000
vn -0.088221 -0.996101 0.000000
vn -0.088221 -0.996101 0.000000
vn -0.088221 -0.996101 0.000000
vn 0.063628 0.996212 0.059265
vn 0.063628 0.996212 0.059265
vn 0.063628 0.996212 0.059265
vn 0.063628 0.996212 0.059265
vn 0.063628 -0.996212 0.059264
vn 0.063628 -0.996212 0.059264
vn 0.063628 -0.996212 0.059264
vn 0.063628 -0.996212 0.059264
vn 0.000000 0.994358 0.106072
vn 0.000000 0.994358 0.106072
vn 0.000000 0.994358 0.106072
vn 0.000000 0.994358 0.106072
vn 0.000000 -0.994358 0.106072
vn 0.000000 -0.994358 0.106072
vn 0.000000 -0.994358 0.106072
vn 0.000000 -0.994358 0.106072
vn 0.000000 0.994358 0.106072
vn 0.000000 0.994358 0.106072
vn 0.000000 0.994358 0.106072
vn 0.000000 0.994358 0.106072
vn 0.000000 -0.994358 0.106072
vn 0.000000 -0.994358 0.106072
vn 0.000000 -0.994358 0.106072
vn 0.000000 -0.994358 0.106072
vn 0.000000 0.994358 0.106072
vn 0.000000 0.994358 0.106072
vn 0.000000 0.994358 0.106072
vn 0.000000 0.994358 0.106072
vn 0.000000 -0.994358 0.106072
vn 0.000000 -0.994358 0.106072
vn 0.000000 -0.994358 0.106072
vn 0.000000 -0.994358 0.106072
vn 0.000000 0.994358 0.106072
vn 0.000000 0.994358 0.106072
vn 0.000000 0.994358 0.106072
vn 0.000000 0.994358 0.106072
vn 0.000000 -0.994358 0.106072
vn 0.000000 -0.994358 0.106072
vn 0.000000 -0.994358 0.106072
vn 0.000000 -0.994358 0.106072
vn -0.063628 0.996212 0.059264
vn -0.063628 0.996212 0.059264
vn -0.063628 0.996212 0.059264
vn -0.063628 0.996212 0.059264
vn -0.063628 -0.996212 0.059265
vn -0.063628 -0.996212 0.059265
vn -0.063628 -0.996212 0.059265
vn -0.063628 -0.996212 0.059265
s 1
g Mesita pPlane1
usemtl lambert3SG
f 485/610/889 486/611/890 487/612/891 488/613/892
f 486/611/890 489/616/893 490/617/894 487/612/891
f 489/616/893 491/622/895 492/623/896 490/617/894
f 491/622/895 493/629/897 494/630/898 492/623/896
f 488/613/892 487/612/891 495/618/899 496/619/900
f 487/612/891 490/617/894 497/624/901 495/618/899
f 490/617/894 492/623/896 498/631/902 497/624/901
f 492/623/896 494/630/898 499/638/903 498/631/902
f 496/619/900 495/618/899 500/625/904 501/626/905
f 495/618/899 497/624/901 502/632/906 500/625/904
f 497/624/901 498/631/902 503/639/907 502/632/906
f 498/631/902 499/638/903 504/644/908 503/639/907
f 501/626/905 500/625/904 505/633/909 506/634/910
f 500/625/904 502/632/906 507/640/911 505/633/909
f 502/632/906 503/639/907 508/645/912 507/640/911
f 503/639/907 504/644/908 509/648/913 508/645/912
s 2
f 542/651/914 543/652/915 544/653/916 545/654/917
f 545/654/917 544/653/916 546/659/918 547/660/919
f 547/660/919 546/659/918 548/666/920 549/667/921
f 549/667/921 548/666/920 550/674/922 551/675/923
f 543/652/915 552/657/924 553/658/925 544/653/916
f 544/653/916 553/658/925 554/665/926 546/659/918
f 546/659/918 554/665/926 555/673/927 548/666/920
f 548/666/920 555/673/927 556/681/928 550/674/922
f 552/657/924 557/663/929 558/664/930 553/658/925
f 553/658/925 558/664/930 559/672/931 554/665/926
f 554/665/926 559/672/931 560/680/932 555/673/927
f 555/673/927 560/680/932 561/686/933 556/681/928
f 557/663/929 562/670/934 563/671/935 558/664/930
f 558/664/930 563/671/935 564/679/936 559/672/931
f 559/672/931 564/679/936 565/685/937 560/680/932
f 560/680/932 565/685/937 566/689/938 561/686/933
s off
f 453/756/939 454/757/940 470/758/941 469/759/942
f 458/762/943 453/756/944 469/759/945 471/763/946
f 454/757/947 455/760/948 472/761/949 470/758/950
f 455/760/951 456/764/952 473/765/953 472/761/954
f 456/764/955 457/766/956 474/767/957 473/765/958
f 457/766/959 459/768/960 475/769/961 474/767/962
f 460/574/963 458/575/964 471/576/965 476/577/966
f 459/580/967 461/581/968 477/582/969 475/583/970
f 462/578/971 460/574/972 476/577/973 478/579/974
f 461/581/975 463/584/976 479/585/977 477/582/978
f 465/770/979 464/771/980 481/772/981 480/773/982
f 464/771/983 462/774/984 478/775/985 481/772/986
f 466/776/987 465/770/988 480/773/989 482/777/990
f 467/778/991 466/776/992 482/777/993 483/779/994
f 463/782/995 468/780/996 484/781/997 479/783/998
f 468/780/999 467/778/1000 483/779/1001 484/781/1002
f 510/784/1003 511/785/1004 512/786/1005 513/787/1006
f 514/790/1007 510/784/1008 513/787/1009 515/791/1010
f 511/785/1011 516/788/1012 517/789/1013 512/786/1014
f 516/788/1015 518/792/1016 519/793/1017 517/789/1018
f 518/792/1019 520/794/1020 521/795/1021 519/793/1022
f 520/794/1023 522/796/1024 523/797/1025 521/795/1026
f 524/586/1027 514/587/1028 515/588/1029 525/589/1030
f 522/592/1031 526/593/1032 527/594/1033 523/595/1034
f 528/590/1035 524/586/1036 525/589/1037 529/591/1038
f 526/593/1039 530/596/1040 531/597/1041 527/594/1042
f 533/798/1043 532/799/1044 534/800/1045 535/801/1046
f 532/799/1047 528/802/1048 529/803/1049 534/800/1050
f 536/804/1051 533/798/1052 535/801/1053 537/805/1054
f 538/806/1055 536/804/1056 537/805/1057 539/807/1058
f 530/810/1059 540/808/1060 541/809/1061 531/811/1062
f 540/808/1063 538/806/1064 539/807/1065 541/809/1066
f 469/692/1067 470/693/1068 511/694/1069 510/695/1070
f 486/611/1071 485/610/1072 513/614/1073 512/615/1074
f 471/698/1075 469/692/1076 510/695/1077 514/699/1078
f 485/610/1079 488/613/1080 515/620/1081 513/614/1082
f 470/693/1083 472/696/1084 516/697/1085 511/694/1086
f 489/616/1087 486/611/1088 512/615/1089 517/621/1090
f 472/696/1091 473/700/1092 518/701/1093 516/697/1094
f 491/622/1095 489/616/1096 517/621/1097 519/628/1098
f 473/700/1099 474/704/1100 520/705/1101 518/701/1102
f 493/629/1103 491/622/1104 519/628/1105 521/636/1106
f 474/704/1107 475/708/1108 522/709/1109 520/705/1110
f 494/630/1111 493/629/1112 521/636/1113 523/637/1114
f 476/702/1115 471/698/1116 514/699/1117 524/703/1118
f 488/613/1119 496/619/1120 525/627/1121 515/620/1122
f 475/708/1123 477/712/1124 526/713/1125 522/709/1126
f 499/638/1127 494/630/1128 523/637/1129 527/643/1130
f 478/706/1131 476/702/1132 524/703/1133 528/707/1134
f 496/619/1135 501/626/1136 529/635/1137 525/627/1138
f 477/712/1139 479/716/1140 530/717/1141 526/713/1142
f 504/644/1143 499/638/1144 527/643/1145 531/647/1146
f 480/714/1147 481/710/1148 532/711/1149 533/715/1150
f 506/634/1151 505/633/1152 535/641/1153 534/642/1154
f 481/710/1155 478/706/1156 528/707/1157 532/711/1158
f 501/626/1159 506/634/1160 534/642/1161 529/635/1162
f 482/718/1163 480/714/1164 533/715/1165 536/719/1166
f 505/633/1167 507/640/1168 537/646/1169 535/641/1170
f 483/722/1171 482/718/1172 536/719/1173 538/723/1174
f 507/640/1175 508/645/1176 539/649/1177 537/646/1178
f 479/716/1179 484/720/1180 540/721/1181 530/717/1182
f 509/648/1183 504/644/1184 531/647/1185 541/650/1186
f 484/720/1187 483/722/1188 538/723/1189 540/721/1190
f 508/645/1191 509/648/1192 541/650/1193 539/649/1194
f 567/812/1195 568/813/1196 569/814/1197 570/815/1198
s 3
f 571/816/1199 567/812/1200 570/815/1201 572/817/1202
f 573/818/1203 571/816/1199 572/817/1202 574/819/1204
f 575/820/1205 573/818/1203 574/819/1204 576/821/1206
s off
f 578/824/1207 577/822/1208 579/823/1209 580/825/1210
s 3
f 577/822/1211 575/820/1205 576/821/1206 579/823/1212
s 4
f 568/598/1213 581/599/1214 582/600/1215 569/601/1216
s 5
f 583/604/1217 578/605/1218 580/606/1219 584/607/1220
s 4
f 581/599/1214 585/602/1221 586/603/1222 582/600/1215
s 5
f 587/608/1223 583/604/1217 584/607/1220 588/609/1224
s off
f 585/826/1225 589/827/1226 590/828/1227 586/829/1228
s 6
f 589/827/1229 591/830/1230 592/831/1231 590/828/1232
f 591/830/1230 593/832/1233 594/833/1234 592/831/1231
f 593/832/1233 595/834/1235 596/835/1236 594/833/1234
f 595/834/1235 597/836/1237 598/837/1238 596/835/1236
s off
f 597/836/1239 587/838/1240 588/839/1241 598/837/1242
f 453/724/1243 458/725/1244 568/726/1245 567/727/1246
f 543/652/1247 542/651/1248 570/655/1249 569/656/1250
f 454/730/1251 453/724/1252 567/727/1253 571/731/1254
f 542/651/1255 545/654/1256 572/661/1257 570/655/1258
f 455/734/1259 454/730/1260 571/731/1261 573/735/1262
f 545/654/1263 547/660/1264 574/668/1265 572/661/1266
f 456/738/1267 455/734/1268 573/735/1269 575/739/1270
f 547/660/1271 549/667/1272 576/676/1273 574/668/1274
f 459/746/1275 457/742/1276 577/743/1277 578/747/1278
f 551/675/1279 550/674/1280 580/682/1281 579/683/1282
f 457/742/1283 456/738/1284 575/739/1285 577/743/1286
f 549/667/1287 551/675/1288 579/683/1289 576/676/1290
f 458/725/1291 460/728/1292 581/729/1293 568/726/1294
f 552/657/1295 543/652/1296 569/656/1297 582/662/1298
f 461/750/1299 459/746/1300 578/747/1301 583/751/1302
f 550/674/1303 556/681/1304 584/687/1305 580/682/1306
f 460/728/1307 462/732/1308 585/733/1309 581/729/1310
f 557/663/1311 552/657/1312 582/662/1313 586/669/1314
f 463/754/1315 461/750/1316 583/751/1317 587/755/1318
f 556/681/1319 561/686/1320 588/690/1321 584/687/1322
f 462/732/1323 464/736/1324 589/737/1325 585/733/1326
f 562/670/1327 557/663/1328 586/669/1329 590/677/1330
f 464/736/1331 465/740/1332 591/741/1333 589/737/1334
f 563/671/1335 562/670/1336 590/677/1337 592/678/1338
f 465/740/1339 466/744/1340 593/745/1341 591/741/1342
f 564/679/1343 563/671/1344 592/678/1345 594/684/1346
f 466/744/1347 467/748/1348 595/749/1349 593/745/1350
f 565/685/1351 564/679/1352 594/684/1353 596/688/1354
f 467/748/1355 468/752/1356 597/753/1357 595/749/1358
f 566/689/1359 565/685/1360 596/688/1361 598/691/1362
f 468/752/1363 463/754/1364 587/755/1365 597/753/1366
f 561/686/1367 566/689/1368 598/691/1369 588/690/1370
