# Blender 4.5.0
# www.blender.org
mtllib PROP_LlaveHueca.mtl
o Cylinder
v 0.078974 0.005985 0.195496
v 0.078974 -0.005986 0.195496
v 0.093042 0.005985 0.183734
v 0.093042 -0.005986 0.183734
v 0.103468 0.005985 0.170331
v 0.103468 -0.005986 0.170331
v 0.109851 0.005985 0.155802
v 0.109851 -0.005986 0.155802
v 0.111945 0.005985 0.140704
v 0.111945 -0.005986 0.140704
v 0.109670 0.005985 0.125619
v 0.109670 -0.005986 0.125619
v 0.103113 0.005985 0.111126
v 0.103113 -0.005986 0.111126
v 0.092527 0.005985 0.097781
v 0.092527 -0.005985 0.097781
v 0.078318 0.005985 0.086098
v 0.078318 -0.005985 0.086098
v 0.061032 0.005985 0.076526
v 0.061032 -0.005985 0.076526
v -0.065294 0.005985 0.076877
v -0.065294 -0.005985 0.076876
v -0.082465 0.005985 0.086545
v -0.082465 -0.005985 0.086544
v -0.096533 0.005985 0.098306
v -0.096533 -0.005985 0.098306
v -0.106959 0.005985 0.111709
v -0.106959 -0.005986 0.111709
v -0.113342 0.005985 0.126238
v -0.113342 -0.005986 0.126238
v -0.115436 0.005985 0.141336
v -0.115436 -0.005986 0.141336
v -0.113161 0.005985 0.156421
v -0.113161 -0.005986 0.156421
v -0.106604 0.005985 0.170914
v -0.106604 -0.005986 0.170914
v -0.096018 0.005985 0.184259
v -0.096018 -0.005986 0.184259
v -0.081809 0.005985 0.195942
v -0.081809 -0.005986 0.195942
v -0.064523 0.005985 0.205514
v -0.064523 -0.005986 0.205514
v -0.044824 0.005985 0.212608
v -0.044824 -0.005986 0.212608
v -0.023471 0.005985 0.216951
v -0.023471 -0.005986 0.216951
v -0.001282 0.005985 0.218376
v -0.001282 -0.005986 0.218376
v 0.020889 0.005985 0.216828
v 0.020889 -0.005986 0.216828
v 0.042190 0.005985 0.212367
v 0.042190 -0.005986 0.212367
v 0.061803 0.005985 0.205164
v 0.061803 -0.005986 0.205164
v 0.030307 0.005985 0.119033
v 0.043030 0.005985 0.140896
v 0.030569 0.005985 0.162829
v 0.013589 0.005985 0.111008
v 0.013949 0.005985 0.170946
v -0.001928 0.005985 0.110554
v -0.001563 0.005985 0.171486
v -0.017440 0.005985 0.111095
v -0.017080 0.005985 0.171032
v -0.034061 0.005985 0.119211
v -0.046521 0.005985 0.141144
v -0.033798 0.005985 0.163007
v 0.030307 -0.005986 0.119033
v 0.013589 -0.005986 0.111008
v -0.001928 -0.005986 0.110554
v -0.017440 -0.005986 0.111095
v -0.034061 -0.005986 0.119211
v 0.043030 -0.005986 0.140896
v -0.046521 -0.005986 0.141144
v 0.030569 -0.005986 0.162829
v 0.013949 -0.005986 0.170946
v -0.001563 -0.005986 0.171486
v -0.017080 -0.005986 0.171032
v -0.033798 -0.005986 0.163007
v -0.002498 0.005986 -0.320811
v -0.002498 -0.005985 -0.320811
v -0.002498 0.005986 -0.299783
v -0.002498 -0.005985 -0.299783
v -0.002498 0.005986 -0.250003
v -0.002498 0.005986 -0.265998
v -0.002498 0.005986 -0.283179
v -0.002498 -0.005985 -0.250003
v -0.002498 -0.005985 -0.265998
v -0.002498 -0.005985 -0.283179
v -0.002498 0.005986 -0.204067
v -0.002498 0.005986 -0.215946
v -0.002498 0.005986 -0.227826
v -0.002498 0.005986 -0.239705
v -0.002498 -0.005985 -0.204067
v -0.002498 -0.005985 -0.215946
v -0.002498 -0.005985 -0.227826
v -0.002498 -0.005985 -0.239705
v -0.002498 0.005986 -0.178208
v -0.002498 0.005986 -0.191084
v -0.002498 -0.005985 -0.178208
v -0.002498 -0.005985 -0.191084
v 0.019979 0.011181 0.065089
v 0.019979 -0.011181 0.065089
v -0.002209 0.011181 0.063664
v -0.002209 -0.011181 0.063664
v -0.024380 0.011181 0.065212
v -0.024380 -0.011181 0.065212
v 0.065011 0.011181 0.095226
v 0.042848 0.011181 0.091209
v 0.020582 0.011181 0.088486
v -0.002066 0.011181 0.087581
v -0.024702 0.011181 0.088612
v -0.046935 0.011181 0.091458
v -0.069049 0.011181 0.095598
v 0.071096 0.011181 0.110273
v -0.074953 0.011181 0.110678
v 0.075279 0.011181 0.125400
v -0.078955 0.011181 0.125828
v 0.076795 0.011181 0.140802
v -0.080286 0.011181 0.141238
v 0.075464 0.011181 0.156212
v -0.078771 0.011181 0.156640
v 0.071462 0.011180 0.171362
v -0.074587 0.011180 0.171768
v 0.065558 0.011180 0.186442
v 0.043444 0.011180 0.190582
v 0.021211 0.011180 0.193428
v -0.001425 0.011180 0.194459
v -0.024073 0.011180 0.193554
v -0.046339 0.011180 0.190831
v -0.068502 0.011180 0.186814
v 0.065011 -0.011181 0.095226
v 0.071096 -0.011181 0.110273
v 0.075279 -0.011181 0.125400
v 0.076795 -0.011181 0.140802
v 0.075464 -0.011181 0.156212
v 0.071462 -0.011181 0.171362
v 0.065558 -0.011181 0.186442
v 0.042848 -0.011181 0.091209
v 0.043444 -0.011181 0.190582
v 0.020582 -0.011181 0.088486
v 0.021211 -0.011181 0.193428
v -0.002066 -0.011181 0.087581
v -0.001425 -0.011181 0.194459
v -0.024702 -0.011181 0.088612
v -0.024073 -0.011181 0.193554
v -0.046935 -0.011181 0.091458
v -0.046339 -0.011181 0.190831
v -0.069049 -0.011181 0.095598
v -0.074953 -0.011181 0.110678
v -0.078955 -0.011181 0.125828
v -0.080286 -0.011181 0.141238
v -0.078771 -0.011181 0.156640
v -0.074587 -0.011181 0.171768
v -0.068502 -0.011181 0.186814
v 0.041586 0.005985 0.066847
v 0.043777 0.005985 0.070312
v 0.042123 0.005985 0.068933
v 0.043777 -0.005985 0.070312
v 0.041586 -0.005985 0.066847
v 0.042123 -0.005985 0.068933
v -0.048120 0.005985 0.070569
v -0.045947 0.005985 0.067090
v -0.046473 0.005985 0.069179
v -0.045947 -0.005985 0.067090
v -0.048120 -0.005985 0.070569
v -0.046473 -0.005985 0.069179
v 0.040351 0.005985 0.128555
v 0.042431 0.005985 0.132932
v 0.041741 0.005985 0.130577
v 0.042527 0.005985 0.148862
v 0.040493 0.005985 0.153257
v 0.041863 0.005985 0.151223
v -0.046018 0.005985 0.133179
v -0.043984 0.005985 0.128783
v -0.045354 0.005985 0.130817
v -0.043842 0.005985 0.153486
v -0.045922 0.005985 0.149108
v -0.045232 0.005985 0.151463
v 0.042431 -0.005986 0.132932
v 0.040351 -0.005986 0.128555
v 0.041741 -0.005986 0.130577
v -0.043984 -0.005986 0.128783
v -0.046018 -0.005986 0.133179
v -0.045354 -0.005986 0.130817
v 0.040493 -0.005986 0.153257
v 0.042527 -0.005986 0.148862
v 0.041863 -0.005986 0.151223
v -0.045922 -0.005986 0.149108
v -0.043842 -0.005986 0.153486
v -0.045232 -0.005986 0.151463
v 0.049193 -0.005985 -0.037739
v 0.051538 -0.005985 -0.035153
v 0.050956 -0.005985 -0.036981
v 0.049193 0.005985 -0.037739
v 0.051538 0.005985 -0.035153
v 0.050956 0.005985 -0.036981
v 0.024932 0.003388 -0.040336
v 0.021910 0.005985 -0.040336
v 0.027530 0.008583 -0.037739
v 0.024052 0.005218 -0.040336
v 0.024843 0.005985 -0.038837
v 0.024720 0.006746 -0.038499
v 0.025693 0.005985 -0.038499
v 0.024932 -0.003388 -0.040336
v 0.027530 -0.008583 -0.037739
v 0.021910 -0.005985 -0.040336
v 0.025693 -0.005985 -0.038499
v 0.024843 -0.005985 -0.038837
v 0.024720 -0.006746 -0.038499
v 0.024052 -0.005218 -0.040336
v -0.002498 0.005985 -0.040336
v -0.002498 0.008583 -0.037739
v -0.002498 0.006746 -0.038499
v -0.002498 -0.008583 -0.037739
v -0.002498 -0.005985 -0.040336
v -0.002498 -0.006746 -0.038499
v -0.027314 0.005985 -0.040336
v -0.029911 0.003388 -0.040336
v -0.032509 0.008583 -0.037739
v -0.029151 0.005225 -0.040336
v -0.029911 0.005985 -0.038837
v -0.030672 0.005985 -0.038500
v -0.029911 0.006746 -0.038500
v -0.027314 -0.005985 -0.040336
v -0.032509 -0.008583 -0.037739
v -0.029911 -0.003388 -0.040336
v -0.029911 -0.006746 -0.038500
v -0.029911 -0.005985 -0.038837
v -0.030672 -0.005985 -0.038500
v -0.029151 -0.005225 -0.040336
v -0.054119 0.005985 -0.037739
v -0.056451 0.005985 -0.035155
v -0.055878 0.005985 -0.036982
v -0.056451 -0.005985 -0.035155
v -0.054119 -0.005985 -0.037739
v -0.055878 -0.005985 -0.036982
v 0.038509 -0.003388 -0.340886
v 0.036472 -0.005985 -0.342321
v 0.038125 -0.003388 -0.344400
v 0.037875 -0.005226 -0.341267
v 0.038608 -0.004888 -0.342649
v 0.037627 -0.005224 -0.343802
v 0.039101 -0.003388 -0.342729
v 0.038509 0.003388 -0.340886
v 0.038125 0.003388 -0.344400
v 0.036472 0.005986 -0.342321
v 0.039101 0.003388 -0.342729
v 0.038608 0.004888 -0.342649
v 0.037627 0.005224 -0.343802
v 0.037875 0.005226 -0.341267
v -0.000414 0.003388 -0.373062
v -0.004487 0.003388 -0.372941
v -0.002498 0.005986 -0.371301
v -0.002470 0.003388 -0.373668
v -0.002479 0.004888 -0.373264
v -0.003828 0.005226 -0.372524
v -0.001125 0.005224 -0.372621
v -0.002498 -0.005985 -0.371301
v -0.004487 -0.003388 -0.372941
v -0.000414 -0.003388 -0.373062
v -0.003828 -0.005225 -0.372524
v -0.002479 -0.004888 -0.373264
v -0.002470 -0.003388 -0.373668
v -0.001125 -0.005224 -0.372621
v -0.029911 0.003388 -0.348988
v -0.027314 0.005986 -0.350454
v -0.027922 0.003388 -0.353257
v -0.029150 0.005225 -0.349721
v -0.029013 0.004888 -0.351185
v -0.027961 0.005225 -0.352252
v -0.029329 0.003388 -0.351314
v -0.027314 -0.005985 -0.350454
v -0.029911 -0.003388 -0.348988
v -0.027922 -0.003388 -0.353257
v -0.029024 -0.005225 -0.349375
v -0.028942 -0.004888 -0.351151
v -0.029455 -0.003388 -0.351357
v -0.027618 -0.005225 -0.352393
v -0.029911 0.003388 -0.320811
v -0.027314 0.005986 -0.320811
v -0.029150 0.005225 -0.320811
v -0.027314 -0.005985 -0.320811
v -0.029911 -0.003388 -0.320811
v -0.029150 -0.005225 -0.320811
v 0.022822 -0.003388 -0.322775
v 0.022683 -0.003388 -0.318735
v 0.017848 -0.005985 -0.320811
v 0.022077 -0.003388 -0.320778
v 0.021143 -0.004888 -0.320777
v 0.020703 -0.005224 -0.320093
v 0.020689 -0.005225 -0.321421
v 0.022822 0.003388 -0.322775
v 0.017848 0.005986 -0.320811
v 0.022683 0.003388 -0.318735
v 0.020689 0.005225 -0.321421
v 0.021143 0.004888 -0.320777
v 0.020703 0.005225 -0.320093
v 0.022077 0.003388 -0.320778
v -0.029911 0.003388 -0.299783
v -0.027314 0.005986 -0.299783
v -0.029150 0.005225 -0.299783
v -0.027314 -0.005985 -0.299783
v -0.029911 -0.003388 -0.299783
v -0.029150 -0.005225 -0.299783
v 0.035373 -0.003388 -0.301859
v 0.035216 -0.003388 -0.297835
v 0.033672 -0.005985 -0.299783
v 0.035974 -0.003388 -0.299820
v 0.035581 -0.004888 -0.299808
v 0.034826 -0.005226 -0.298479
v 0.034954 -0.005224 -0.301146
v 0.033672 0.005986 -0.299783
v 0.035216 0.003388 -0.297835
v 0.035373 0.003388 -0.301859
v 0.034826 0.005227 -0.298480
v 0.035581 0.004888 -0.299808
v 0.035974 0.003388 -0.299820
v 0.034954 0.005225 -0.301146
v -0.027314 -0.005985 -0.283179
v -0.029911 -0.003388 -0.283179
v -0.029150 -0.005225 -0.283179
v -0.027314 -0.005985 -0.265998
v -0.029911 -0.003388 -0.265998
v -0.029150 -0.005225 -0.265998
v -0.027314 -0.005985 -0.250003
v -0.029911 -0.003388 -0.250003
v -0.029151 -0.005225 -0.250003
v 0.024005 -0.003388 -0.285127
v 0.023972 -0.003388 -0.281202
v 0.019043 -0.005985 -0.283179
v 0.023283 -0.003388 -0.283171
v 0.022325 -0.004888 -0.283171
v 0.021862 -0.005225 -0.282561
v 0.021857 -0.005226 -0.283771
v 0.035249 -0.003388 -0.267974
v 0.035305 -0.003388 -0.263975
v 0.033726 -0.005985 -0.265998
v 0.035964 -0.003388 -0.265984
v 0.035583 -0.004888 -0.265988
v 0.034920 -0.005226 -0.264666
v 0.034875 -0.005226 -0.267307
v 0.024051 -0.003388 -0.250003
v 0.020887 -0.005985 -0.250003
v 0.023124 -0.005225 -0.250003
v 0.024005 0.003388 -0.285127
v 0.019043 0.005986 -0.283179
v 0.023972 0.003388 -0.281202
v 0.021857 0.005226 -0.283771
v 0.022325 0.004888 -0.283171
v 0.021862 0.005226 -0.282561
v 0.023283 0.003388 -0.283171
v 0.035249 0.003388 -0.267974
v 0.033726 0.005986 -0.265998
v 0.035305 0.003388 -0.263975
v 0.034875 0.005227 -0.267307
v 0.035583 0.004888 -0.265988
v 0.034920 0.005226 -0.264666
v 0.035964 0.003388 -0.265984
v 0.020887 0.005986 -0.250003
v 0.024051 0.003388 -0.250003
v 0.023124 0.005225 -0.250003
v -0.029911 0.003388 -0.250003
v -0.027314 0.005986 -0.250003
v -0.029151 0.005225 -0.250003
v -0.027314 0.005986 -0.265998
v -0.029911 0.003388 -0.265998
v -0.029151 0.005225 -0.265998
v -0.029911 0.003388 -0.283179
v -0.027314 0.005986 -0.283179
v -0.029150 0.005225 -0.283179
v 0.024885 0.003388 -0.175611
v 0.026659 0.003388 -0.180105
v 0.021845 0.005986 -0.178208
v 0.025404 0.003388 -0.178003
v 0.024665 0.004888 -0.177955
v 0.024478 0.005227 -0.178731
v 0.023999 0.005219 -0.176822
v -0.027314 -0.005985 -0.239705
v -0.029911 -0.003388 -0.239705
v -0.029151 -0.005225 -0.239705
v -0.027314 -0.005985 -0.227826
v -0.029911 -0.003388 -0.227826
v -0.029151 -0.005225 -0.227826
v -0.027314 -0.005985 -0.215946
v -0.029911 -0.003388 -0.215946
v -0.029151 -0.005225 -0.215946
v -0.029911 -0.003388 -0.204067
v -0.027314 -0.005985 -0.204067
v -0.029151 -0.005225 -0.204067
v 0.035160 0.003388 -0.189188
v 0.035160 0.003388 -0.192981
v 0.033852 0.005986 -0.191084
v 0.035895 0.003388 -0.191084
v 0.035546 0.004888 -0.191084
v 0.034852 0.005229 -0.192336
v 0.034852 0.005229 -0.189833
v 0.015133 -0.003388 -0.239705
v 0.012036 -0.005985 -0.239705
v 0.014225 -0.005225 -0.239705
v 0.012702 -0.003388 -0.227826
v 0.009635 -0.005985 -0.227826
v 0.011804 -0.005225 -0.227826
v 0.015427 -0.003388 -0.215946
v 0.012357 -0.005985 -0.215946
v 0.014527 -0.005225 -0.215946
v 0.021696 -0.005985 -0.204067
v 0.024786 -0.003388 -0.204067
v 0.023881 -0.005225 -0.204067
v 0.021845 -0.005985 -0.178208
v 0.026659 -0.003388 -0.180105
v 0.024885 -0.003388 -0.175611
v 0.024478 -0.005227 -0.178731
v 0.024665 -0.004888 -0.177955
v 0.025404 -0.003388 -0.178003
v 0.023999 -0.005219 -0.176822
v 0.012036 0.005986 -0.239705
v 0.015133 0.003388 -0.239705
v 0.014225 0.005225 -0.239705
v 0.009635 0.005986 -0.227826
v 0.012702 0.003388 -0.227826
v 0.011804 0.005225 -0.227826
v 0.012357 0.005986 -0.215946
v 0.015427 0.003388 -0.215946
v 0.014527 0.005225 -0.215946
v 0.024786 0.003388 -0.204067
v 0.021696 0.005986 -0.204067
v 0.023881 0.005225 -0.204067
v -0.027314 0.005986 -0.204067
v -0.029911 0.003388 -0.204067
v -0.029151 0.005225 -0.204067
v -0.027314 0.005986 -0.215946
v -0.029911 0.003388 -0.215946
v -0.029151 0.005225 -0.215946
v -0.027314 0.005986 -0.227826
v -0.029911 0.003388 -0.227826
v -0.029151 0.005225 -0.227826
v -0.027314 0.005986 -0.239705
v -0.029911 0.003388 -0.239705
v -0.029151 0.005225 -0.239705
v 0.035160 -0.003388 -0.192981
v 0.035160 -0.003388 -0.189188
v 0.033852 -0.005985 -0.191084
v 0.035895 -0.003388 -0.191084
v 0.035546 -0.004888 -0.191084
v 0.034852 -0.005229 -0.189833
v 0.034852 -0.005229 -0.192336
v -0.029911 -0.003388 -0.178209
v -0.027314 -0.005985 -0.178209
v -0.029151 -0.005225 -0.178209
v -0.029911 -0.003388 -0.191084
v -0.027314 -0.005985 -0.191084
v -0.029151 -0.005225 -0.191084
v -0.029911 0.003388 -0.178209
v -0.027314 0.005986 -0.178209
v -0.029151 0.005225 -0.178209
v -0.029911 0.003388 -0.191084
v -0.027314 0.005986 -0.191084
v -0.029151 0.005225 -0.191084
v 0.079543 0.011180 0.192515
v 0.078974 0.008583 0.195496
v 0.079140 0.010420 0.194623
v 0.093042 0.008583 0.183734
v 0.089693 0.011180 0.184064
v 0.092061 0.010420 0.183831
v 0.089693 -0.011181 0.184064
v 0.093042 -0.008583 0.183734
v 0.092061 -0.010420 0.183831
v 0.079543 -0.011181 0.192515
v 0.078974 -0.008583 0.195496
v 0.079140 -0.010420 0.194623
v 0.103468 0.008583 0.170331
v 0.100360 0.011180 0.170431
v 0.102558 0.010420 0.170361
v 0.100360 -0.011181 0.170431
v 0.103468 -0.008583 0.170331
v 0.102558 -0.010420 0.170361
v 0.109851 0.008583 0.155802
v 0.106815 0.011181 0.155838
v 0.108962 0.010420 0.155813
v 0.106815 -0.011181 0.155838
v 0.109851 -0.008583 0.155802
v 0.108962 -0.010420 0.155812
v 0.111945 0.008583 0.140704
v 0.108928 0.011181 0.140713
v 0.111061 0.010420 0.140707
v 0.108928 -0.011181 0.140713
v 0.111945 -0.008583 0.140704
v 0.111061 -0.010420 0.140707
v 0.109670 0.008583 0.125619
v 0.106633 0.011181 0.125600
v 0.108780 0.010420 0.125614
v 0.106633 -0.011181 0.125600
v 0.109670 -0.008583 0.125619
v 0.108780 -0.010420 0.125614
v 0.103113 0.008583 0.111126
v 0.100002 0.011181 0.111043
v 0.102202 0.010420 0.111101
v 0.100002 -0.011181 0.111043
v 0.103113 -0.008583 0.111126
v 0.102202 -0.010420 0.111101
v 0.092527 0.008583 0.097781
v 0.089171 0.011181 0.097470
v 0.091544 0.010420 0.097690
v 0.089171 -0.011181 0.097470
v 0.092527 -0.008583 0.097781
v 0.091544 -0.010420 0.097690
v 0.079466 0.011181 0.089525
v 0.078318 0.008583 0.086098
v 0.078654 0.010420 0.087102
v 0.079466 -0.011181 0.089525
v 0.078318 -0.008583 0.086098
v 0.078654 -0.010420 0.087102
v 0.061032 0.008583 0.076526
v 0.061703 0.011181 0.079682
v 0.061228 0.010420 0.077450
v 0.061703 -0.011181 0.079682
v 0.061032 -0.008583 0.076526
v 0.061228 -0.010420 0.077450
v 0.041586 0.008583 0.066847
v 0.038538 0.011181 0.071333
v 0.043777 0.008583 0.070312
v 0.040597 0.010420 0.069142
v 0.041353 0.010083 0.069459
v 0.041398 0.010418 0.070306
v 0.042123 0.008583 0.068933
v 0.041586 -0.008583 0.066847
v 0.043777 -0.008583 0.070312
v 0.038538 -0.011181 0.071333
v 0.042123 -0.008583 0.068933
v 0.041353 -0.010083 0.069459
v 0.041398 -0.010419 0.070306
v 0.040597 -0.010420 0.069142
v -0.048120 -0.008583 0.070569
v -0.045947 -0.008583 0.067090
v -0.042877 -0.011181 0.071557
v -0.046473 -0.008583 0.069179
v -0.045701 -0.010083 0.069700
v -0.044947 -0.010420 0.069378
v -0.045742 -0.010419 0.070548
v -0.054119 -0.008583 -0.037739
v -0.053838 -0.011181 -0.035141
v -0.056451 -0.008583 -0.035155
v -0.054034 -0.010420 -0.036975
v -0.055503 -0.010083 -0.036644
v -0.055683 -0.010420 -0.035148
v -0.055881 -0.008583 -0.036985
v -0.002498 0.008583 -0.037739
v -0.002491 0.011181 -0.035141
v -0.002496 0.010420 -0.036978
v 0.024933 0.008583 -0.037739
v 0.024807 0.011181 -0.035141
v 0.024896 0.010420 -0.036978
v -0.045947 0.008583 0.067090
v -0.048120 0.008583 0.070569
v -0.042877 0.011181 0.071557
v -0.046473 0.008583 0.069179
v -0.045701 0.010083 0.069700
v -0.045742 0.010418 0.070548
v -0.044947 0.010420 0.069378
v -0.065294 0.008583 0.076877
v -0.065926 0.011181 0.080029
v -0.065479 0.010420 0.077800
v -0.065926 -0.011181 0.080028
v -0.065294 -0.008583 0.076876
v -0.065479 -0.010420 0.077800
v -0.083557 0.011181 0.089963
v -0.082465 0.008583 0.086545
v -0.082785 0.010420 0.087546
v -0.083557 -0.011181 0.089963
v -0.082465 -0.008583 0.086544
v -0.082785 -0.010420 0.087546
v -0.096533 0.008583 0.098306
v -0.093185 0.011181 0.097976
v -0.095553 0.010420 0.098209
v -0.093185 -0.011181 0.097976
v -0.096533 -0.008583 0.098306
v -0.095553 -0.010420 0.098209
v -0.106959 0.008583 0.111709
v -0.103851 0.011181 0.111609
v -0.106049 0.010420 0.111680
v -0.103851 -0.011181 0.111609
v -0.106959 -0.008583 0.111709
v -0.106049 -0.010420 0.111680
v -0.113342 0.008583 0.126238
v -0.110306 0.011181 0.126202
v -0.112453 0.010420 0.126228
v -0.110306 -0.011181 0.126202
v -0.113342 -0.008583 0.126238
v -0.112453 -0.010420 0.126228
v -0.115436 0.008583 0.141336
v -0.112420 0.011181 0.141327
v -0.114553 0.010420 0.141333
v -0.112420 -0.011181 0.141327
v -0.115436 -0.008583 0.141336
v -0.114552 -0.010420 0.141333
v -0.113161 0.008583 0.156421
v -0.110124 0.011181 0.156440
v -0.112272 0.010420 0.156427
v -0.110124 -0.011181 0.156440
v -0.113161 -0.008583 0.156421
v -0.112272 -0.010420 0.156427
v -0.106604 0.008583 0.170914
v -0.103493 0.011180 0.170997
v -0.105693 0.010420 0.170939
v -0.103493 -0.011181 0.170997
v -0.106604 -0.008583 0.170914
v -0.105693 -0.010420 0.170939
v -0.096018 0.008583 0.184259
v -0.092662 0.011180 0.184571
v -0.095035 0.010420 0.184350
v -0.092662 -0.011181 0.184571
v -0.096018 -0.008583 0.184259
v -0.095035 -0.010420 0.184350
v -0.082412 0.011180 0.192963
v -0.081809 0.008583 0.195942
v -0.081986 0.010420 0.195070
v -0.082412 -0.011181 0.192963
v -0.081809 -0.008583 0.195942
v -0.081985 -0.010420 0.195070
v -0.064523 0.008583 0.205514
v -0.065158 0.011180 0.202531
v -0.064709 0.010420 0.204641
v -0.065158 -0.011181 0.202531
v -0.064523 -0.008583 0.205514
v -0.064709 -0.010420 0.204641
v -0.044824 0.008583 0.212608
v -0.045019 0.011180 0.209806
v -0.044882 0.010420 0.211787
v -0.045019 -0.011181 0.209806
v -0.044824 -0.008583 0.212608
v -0.044882 -0.010420 0.211787
v -0.023471 0.008583 0.216951
v -0.023542 0.011180 0.214190
v -0.023491 0.010420 0.216142
v -0.023542 -0.011181 0.214190
v -0.023471 -0.008583 0.216951
v -0.023491 -0.010420 0.216142
v -0.001282 0.008583 0.218376
v -0.001298 0.011180 0.215625
v -0.001287 0.010420 0.217570
v -0.001298 -0.011181 0.215625
v -0.001282 -0.008583 0.218376
v -0.001287 -0.010420 0.217570
v 0.020889 0.008583 0.216828
v 0.020927 0.011180 0.214068
v 0.020900 0.010420 0.216019
v 0.020927 -0.011181 0.214068
v 0.020889 -0.008583 0.216828
v 0.020900 -0.010420 0.216019
v 0.042190 0.008583 0.212367
v 0.042352 0.011180 0.209565
v 0.042238 0.010420 0.211546
v 0.042352 -0.011181 0.209565
v 0.042190 -0.008583 0.212367
v 0.042238 -0.010420 0.211546
v 0.061803 0.008583 0.205164
v 0.062402 0.011180 0.202179
v 0.061978 0.010420 0.204290
v 0.062402 -0.011181 0.202179
v 0.061803 -0.008583 0.205164
v 0.061978 -0.010420 0.204290
v 0.030307 0.008583 0.119033
v 0.030769 0.011181 0.116338
v 0.030442 0.010420 0.118244
v 0.014378 0.011181 0.108470
v 0.013589 0.008583 0.111008
v 0.013820 0.010420 0.110265
v -0.001944 0.011181 0.107991
v -0.001928 0.008583 0.110554
v -0.001933 0.010420 0.109803
v -0.018258 0.011181 0.108561
v -0.017440 0.008583 0.111095
v -0.017680 0.010420 0.110352
v -0.034555 0.011181 0.116521
v -0.034061 0.008583 0.119211
v -0.034205 0.010420 0.118423
v 0.042431 0.008583 0.132932
v 0.045074 0.011181 0.129917
v 0.040351 0.008583 0.128555
v 0.043163 0.010416 0.131528
v 0.042431 0.010083 0.130513
v 0.042486 0.010422 0.129663
v 0.041741 0.008583 0.130577
v -0.046018 0.008583 0.133179
v -0.043984 0.008583 0.128783
v -0.048696 0.011181 0.130178
v -0.045354 0.008583 0.130817
v -0.046045 0.010083 0.130756
v -0.046107 0.010422 0.129904
v -0.046767 0.010416 0.131775
v 0.043030 0.008583 0.140896
v 0.045889 0.011181 0.140888
v 0.043867 0.010420 0.140894
v -0.049380 0.011181 0.141152
v -0.046521 0.008583 0.141144
v -0.047359 0.010420 0.141147
v 0.040493 0.008583 0.153257
v 0.045205 0.011181 0.151863
v 0.042527 0.008583 0.148862
v 0.042616 0.010422 0.152136
v 0.042554 0.010083 0.151284
v 0.043275 0.010416 0.150265
v 0.041863 0.008583 0.151223
v -0.043842 0.008583 0.153486
v -0.045922 0.008583 0.149108
v -0.048565 0.011181 0.152123
v -0.045232 0.008583 0.151463
v -0.045922 0.010083 0.151528
v -0.046655 0.010416 0.150512
v -0.045977 0.010422 0.152378
v 0.030569 0.008583 0.162829
v 0.031063 0.011181 0.165520
v 0.030714 0.010420 0.163617
v 0.013949 0.008583 0.170946
v 0.014767 0.011180 0.173480
v 0.014189 0.010420 0.171688
v -0.001563 0.008583 0.171486
v -0.001548 0.011180 0.174050
v -0.001558 0.010420 0.172237
v -0.017080 0.008583 0.171032
v -0.017869 0.011180 0.173571
v -0.017311 0.010420 0.171775
v -0.034260 0.011181 0.165702
v -0.033798 0.008583 0.163007
v -0.033933 0.010420 0.163797
v 0.030307 -0.008583 0.119033
v 0.030769 -0.011181 0.116338
v 0.030442 -0.010420 0.118244
v 0.042431 -0.008583 0.132932
v 0.040351 -0.008583 0.128555
v 0.045074 -0.011181 0.129917
v 0.041741 -0.008583 0.130577
v 0.042431 -0.010083 0.130513
v 0.042486 -0.010422 0.129663
v 0.043163 -0.010416 0.131528
v 0.045889 -0.011181 0.140888
v 0.043030 -0.008583 0.140896
v 0.043867 -0.010420 0.140893
v 0.040493 -0.008583 0.153257
v 0.042527 -0.008583 0.148862
v 0.045205 -0.011181 0.151863
v 0.041863 -0.008583 0.151223
v 0.042554 -0.010083 0.151284
v 0.043275 -0.010416 0.150265
v 0.042616 -0.010422 0.152136
v 0.031063 -0.011181 0.165520
v 0.030569 -0.008583 0.162829
v 0.030714 -0.010420 0.163617
v 0.013589 -0.008583 0.111008
v 0.014378 -0.011181 0.108470
v 0.013820 -0.010420 0.110265
v 0.014767 -0.011181 0.173480
v 0.013949 -0.008583 0.170946
v 0.014189 -0.010420 0.171688
v -0.001928 -0.008583 0.110554
v -0.001944 -0.011181 0.107991
v -0.001933 -0.010420 0.109803
v -0.001548 -0.011181 0.174050
v -0.001563 -0.008583 0.171486
v -0.001558 -0.010420 0.172237
v -0.017440 -0.008583 0.111095
v -0.018258 -0.011181 0.108561
v -0.017680 -0.010420 0.110352
v -0.017869 -0.011181 0.173571
v -0.017080 -0.008583 0.171032
v -0.017311 -0.010420 0.171775
v -0.034061 -0.008583 0.119211
v -0.034555 -0.011181 0.116521
v -0.034205 -0.010420 0.118423
v -0.046018 -0.008583 0.133179
v -0.048696 -0.011181 0.130178
v -0.043984 -0.008583 0.128783
v -0.046767 -0.010416 0.131775
v -0.046045 -0.010083 0.130756
v -0.046107 -0.010422 0.129904
v -0.045354 -0.008583 0.130817
v -0.046521 -0.008583 0.141144
v -0.049380 -0.011181 0.141152
v -0.047359 -0.010420 0.141147
v -0.043842 -0.008583 0.153486
v -0.048565 -0.011181 0.152123
v -0.045922 -0.008583 0.149108
v -0.045977 -0.010422 0.152378
v -0.045922 -0.010083 0.151528
v -0.046655 -0.010416 0.150512
v -0.045232 -0.008583 0.151463
v -0.034260 -0.011181 0.165702
v -0.033798 -0.008583 0.163007
v -0.033933 -0.010420 0.163797
v 0.051538 0.008583 -0.035153
v 0.049193 0.008583 -0.037739
v 0.048927 0.011181 -0.035141
v 0.050959 0.008583 -0.036984
v 0.050583 0.010083 -0.036643
v 0.049112 0.010420 -0.036975
v 0.050771 0.010420 -0.035147
v 0.024807 -0.011181 -0.035141
v 0.024933 -0.008583 -0.037739
v 0.024896 -0.010420 -0.036978
v 0.051538 -0.008583 -0.035153
v 0.048927 -0.011181 -0.035141
v 0.049193 -0.008583 -0.037739
v 0.050771 -0.010420 -0.035147
v 0.050583 -0.010083 -0.036643
v 0.049112 -0.010420 -0.036975
v 0.050959 -0.008583 -0.036984
v -0.002491 -0.011181 -0.035141
v -0.002498 -0.008583 -0.037739
v -0.002496 -0.010420 -0.036978
v -0.029911 0.008583 -0.037739
v -0.029772 0.011181 -0.035141
v -0.029871 0.010420 -0.036978
v -0.029772 -0.011181 -0.035141
v -0.029911 -0.008583 -0.037739
v -0.029870 -0.010420 -0.036978
v -0.056451 0.008583 -0.035155
v -0.053838 0.011181 -0.035141
v -0.054119 0.008583 -0.037739
v -0.055683 0.010420 -0.035148
v -0.055503 0.010083 -0.036644
v -0.054034 0.010420 -0.036975
v -0.055881 0.008583 -0.036985
vn 0.6414 -0.0000 0.7672
vn 0.7893 -0.0000 0.6140
vn 0.9156 -0.0000 0.4022
vn 0.9905 -0.0000 0.1374
vn 0.9888 -0.0000 -0.1491
vn 0.9111 -0.0000 -0.4122
vn 0.7834 -0.0000 -0.6215
vn 0.6351 -0.0000 -0.7724
vn 0.4844 -0.0000 -0.8748
vn -0.4906 -0.0000 -0.8714
vn -0.6414 -0.0000 -0.7672
vn -0.7893 -0.0000 -0.6140
vn -0.9156 -0.0000 -0.4022
vn -0.9905 -0.0000 -0.1374
vn -0.9888 -0.0000 0.1491
vn -0.9111 -0.0000 0.4122
vn -0.7834 -0.0000 0.6215
vn -0.6351 -0.0000 0.7724
vn -0.4844 -0.0000 0.8748
vn -0.3388 -0.0000 0.9409
vn -0.1993 -0.0000 0.9799
vn -0.0641 -0.0000 0.9979
vn 0.0696 -0.0000 0.9976
vn 0.2050 -0.0000 0.9788
vn 0.3447 -0.0000 0.9387
vn 0.4906 -0.0000 0.8714
vn -0.0293 -0.0000 0.9996
vn 0.0348 -0.0000 0.9994
vn 0.4388 -0.0000 0.8986
vn 0.4327 -0.0000 -0.9015
vn 0.0293 -0.0000 -0.9996
vn -0.0348 -0.0000 -0.9994
vn -0.4388 -0.0000 -0.8986
vn -0.4327 -0.0000 0.9015
vn -0.0000 1.0000 -0.0000
vn -0.0000 -1.0000 -0.0000
vn 0.5815 0.4217 -0.6957
vn 0.3433 0.6568 -0.6714
vn 0.1751 0.2240 -0.9587
vn 0.5815 -0.4216 -0.6957
vn 0.1751 -0.2240 -0.9587
vn 0.3433 -0.6568 -0.6714
vn -0.3913 0.6225 -0.6778
vn -0.6225 0.3913 -0.6778
vn -0.2025 0.2025 -0.9581
vn -0.3913 -0.6225 -0.6778
vn -0.2025 -0.2025 -0.9581
vn -0.6225 -0.3913 -0.6778
vn 0.8853 -0.3286 0.3291
vn 0.4513 -0.8913 -0.0450
vn 0.7919 -0.3385 -0.5082
vn 0.8853 0.3286 0.3291
vn 0.7919 0.3385 -0.5082
vn 0.4513 0.8913 -0.0450
vn 0.3030 0.2948 -0.9063
vn -0.3583 0.2884 -0.8879
vn -0.0171 0.8726 -0.4881
vn -0.0171 -0.8726 -0.4880
vn -0.3583 -0.2884 -0.8879
vn 0.3030 -0.2948 -0.9063
vn -0.9421 0.2672 -0.2027
vn -0.4621 0.8599 -0.2170
vn -0.7611 0.2644 -0.5922
vn -0.4777 -0.8499 -0.2226
vn -0.9146 -0.3756 -0.1495
vn -0.7076 -0.3669 -0.6039
vn 0.7587 -0.6304 0.1644
vn 0.7718 -0.6237 -0.1239
vn 0.3162 -0.9487 -0.0025
vn 0.7587 0.6304 0.1644
vn 0.3161 0.9487 -0.0025
vn 0.7718 0.6237 -0.1239
vn 0.9091 -0.2870 -0.3019
vn 0.8841 -0.2786 0.3751
vn 0.4986 -0.8665 0.0233
vn 0.4986 0.8665 0.0233
vn 0.8841 0.2786 0.3751
vn 0.9091 0.2870 -0.3019
vn 0.7540 -0.6373 0.1591
vn 0.7575 -0.6355 -0.1497
vn 0.3173 -0.9483 -0.0013
vn 0.8937 -0.2729 -0.3562
vn 0.9027 -0.2759 0.3301
vn 0.5088 -0.8608 -0.0085
vn 0.7540 0.6373 0.1591
vn 0.3173 0.9483 -0.0013
vn 0.7575 0.6355 -0.1497
vn 0.8937 0.2729 -0.3562
vn 0.5088 0.8608 -0.0085
vn 0.9027 0.2759 0.3301
vn 0.8385 0.4913 0.2358
vn 0.7741 0.5278 0.3496
vn 0.3539 0.9306 0.0929
vn 0.8920 0.2481 0.3779
vn 0.8920 0.2482 -0.3778
vn 0.5438 0.8392 -0.0000
vn 0.3539 -0.9306 0.0929
vn 0.7741 -0.5278 0.3496
vn 0.8385 -0.4913 0.2358
vn 0.8920 -0.2481 -0.3778
vn 0.8920 -0.2481 0.3779
vn 0.5438 -0.8392 -0.0000
vn 0.7173 0.6299 -0.2977
vn 0.2549 0.9511 -0.1743
vn 0.5730 0.6240 -0.5314
vn 0.7173 -0.6299 -0.2977
vn 0.5730 -0.6240 -0.5314
vn 0.2549 -0.9511 -0.1743
vn -0.5763 -0.6237 -0.5281
vn -0.7192 -0.6296 -0.2939
vn -0.2560 -0.9511 -0.1729
vn -0.3311 -0.3377 -0.8811
vn -0.3264 -0.8982 -0.2946
vn -0.9103 -0.3377 -0.2394
vn -0.7192 0.6296 -0.2939
vn -0.5763 0.6237 -0.5281
vn -0.2560 0.9511 -0.1729
vn -0.8228 0.4829 0.2995
vn -0.3549 0.9256 0.1316
vn -0.7552 0.5104 0.4112
vn 0.8254 0.4840 0.2905
vn 0.7588 0.5111 0.4038
vn 0.3555 0.9259 0.1280
vn -0.7588 0.5111 -0.4038
vn -0.3555 0.9259 -0.1280
vn -0.8254 0.4840 -0.2905
vn 0.7552 0.5104 -0.4112
vn 0.8228 0.4829 -0.2995
vn 0.3549 0.9256 -0.1316
vn -0.8228 -0.4829 0.2995
vn -0.7552 -0.5104 0.4112
vn -0.3548 -0.9256 0.1316
vn -0.7588 -0.5111 -0.4038
vn -0.8254 -0.4840 -0.2905
vn -0.3555 -0.9259 -0.1280
vn 0.8254 -0.4840 0.2905
vn 0.3555 -0.9259 0.1280
vn 0.7588 -0.5112 0.4038
vn 0.7552 -0.5104 -0.4112
vn 0.3549 -0.9256 -0.1316
vn 0.8228 -0.4829 -0.2995
vn 0.9094 0.3369 -0.2438
vn 0.3310 0.3369 -0.8814
vn 0.3264 0.8976 -0.2961
vn 0.9094 -0.3369 -0.2438
vn 0.3264 -0.8976 -0.2961
vn 0.3310 -0.3369 -0.8814
vn -0.9103 0.3377 -0.2394
vn -0.3264 0.8982 -0.2946
vn -0.3311 0.3377 -0.8811
vn 0.9684 -0.0000 -0.2495
vn 0.6405 -0.0000 -0.7680
vn -0.6451 -0.0000 -0.7641
vn -0.9697 -0.0000 -0.2443
vn 0.8241 -0.0000 -0.5665
vn 0.9597 -0.0000 -0.2811
vn 0.9627 -0.0000 0.2705
vn 0.8294 -0.0000 0.5586
vn -0.3943 0.0007 -0.9190
vn -0.9545 0.0007 -0.2983
vn 0.8295 -0.0000 0.5586
vn -0.9597 -0.0000 0.2811
vn -0.8241 -0.0000 0.5665
vn -0.8294 -0.0000 -0.5586
vn -0.9627 -0.0000 -0.2705
vn 0.3938 0.0007 -0.9192
vn 0.9531 0.0007 -0.3027
vn -0.3943 -0.0007 -0.9190
vn -0.9545 -0.0007 -0.2983
vn 0.3947 -0.0000 -0.9188
vn 0.9528 -0.0000 -0.3036
vn 0.9238 -0.0000 -0.3830
vn 0.3826 -0.0000 -0.9239
vn -0.0000 0.9239 -0.3827
vn -0.0000 0.3827 -0.9239
vn -0.0000 -0.9239 -0.3827
vn -0.0000 -0.3827 -0.9239
vn -0.3827 0.9239 -0.0000
vn -0.9239 0.3827 -0.0000
vn -0.3827 -0.0000 -0.9239
vn -0.9239 -0.0000 -0.3827
vn -0.9542 -0.0000 -0.2993
vn -0.3952 -0.0000 -0.9186
vn 0.3938 -0.0007 -0.9192
vn 0.9531 -0.0007 -0.3027
vn 0.8636 -0.0000 -0.5042
vn 0.9521 -0.0000 0.3059
vn 0.5495 0.3899 -0.7389
vn 0.2243 0.9267 -0.3016
vn 0.5495 -0.3899 -0.7389
vn 0.2243 -0.9267 -0.3016
vn -0.3392 -0.0000 -0.9407
vn 0.2830 -0.0000 -0.9591
vn -0.5962 0.3753 -0.7097
vn -0.2511 0.9207 -0.2989
vn -0.5910 -0.3993 -0.7009
vn -0.2587 -0.9159 -0.3068
vn -0.9763 0.0098 -0.2161
vn -0.7942 0.0093 -0.6076
vn -0.3944 -0.9189 -0.0009
vn -0.9125 -0.4091 -0.0020
vn -0.3827 -0.9239 -0.0000
vn -0.9239 -0.3827 -0.0000
vn 0.7029 -0.3678 0.6088
vn 0.3011 -0.9173 0.2607
vn 0.9008 -0.4343 -0.0003
vn 0.3364 -0.9417 -0.0001
vn 0.3011 0.9173 0.2607
vn 0.7029 0.3678 0.6088
vn 0.3364 0.9417 -0.0001
vn 0.9008 0.4343 -0.0003
vn 0.9369 -0.0000 0.3497
vn 0.9587 -0.0000 -0.2843
vn 0.7378 -0.3844 -0.5549
vn 0.3044 -0.9246 -0.2290
vn 0.3044 0.9246 -0.2290
vn 0.7378 0.3844 -0.5549
vn 0.9592 -0.0000 -0.2826
vn 0.9342 -0.0000 0.3566
vn 0.6988 -0.3632 0.6163
vn 0.3025 -0.9151 0.2666
vn 0.7084 -0.3650 -0.6041
vn 0.3052 -0.9159 -0.2606
vn 0.7242 -0.3682 0.5830
vn 0.3099 -0.9176 0.2491
vn 0.3025 0.9151 0.2666
vn 0.6988 0.3632 0.6163
vn 0.3052 0.9159 -0.2606
vn 0.7084 0.3650 -0.6041
vn 0.3099 0.9176 0.2491
vn 0.7242 0.3682 0.5830
vn 0.6870 -0.3391 -0.6427
vn 0.3143 -0.9026 -0.2943
vn 0.9412 -0.0000 -0.3378
vn 0.9503 -0.0000 0.3115
vn 0.9382 -0.0000 0.3460
vn 0.9439 -0.0000 -0.3301
vn 0.3165 0.9014 0.2955
vn 0.6876 0.3373 0.6430
vn 0.3143 0.9026 -0.2943
vn 0.6870 0.3391 -0.6427
vn 0.7076 -0.3532 0.6121
vn 0.3130 -0.9106 0.2698
vn 0.8828 -0.4338 0.1803
vn 0.3289 -0.9420 0.0668
vn 0.8798 -0.4305 -0.2018
vn 0.3300 -0.9410 -0.0756
vn 0.7330 -0.3599 -0.5773
vn 0.3193 -0.9138 -0.2512
vn 0.6876 -0.3373 0.6430
vn 0.3165 -0.9014 0.2955
vn 0.3130 0.9106 0.2698
vn 0.7076 0.3532 0.6121
vn 0.3289 0.9420 0.0668
vn 0.8828 0.4338 0.1803
vn 0.3300 0.9410 -0.0756
vn 0.8798 0.4305 -0.2018
vn 0.3193 0.9138 -0.2512
vn 0.7330 0.3599 -0.5773
vn 0.8586 -0.0000 0.5126
vn 0.9772 -0.0000 0.2121
vn 0.9324 -0.0000 -0.3614
vn 0.9324 -0.0000 0.3615
vn 0.6134 0.2911 0.7341
vn 0.3146 0.8711 0.3772
vn 0.6135 -0.2911 0.7341
vn 0.3146 -0.8711 0.3772
vn 0.7363 0.3594 0.5733
vn 0.3211 0.9133 0.2507
vn 0.7363 -0.3594 0.5733
vn 0.3211 -0.9133 0.2507
vn 0.8366 0.4058 0.3679
vn 0.3299 0.9327 0.1456
vn 0.8366 -0.4058 0.3679
vn 0.3299 -0.9327 0.1456
vn 0.8938 0.4309 0.1241
vn 0.3350 0.9411 0.0467
vn 0.8938 -0.4309 0.1241
vn 0.3350 -0.9411 0.0467
vn 0.8924 0.4306 -0.1347
vn 0.3346 0.9410 -0.0507
vn 0.8924 -0.4306 -0.1347
vn 0.3346 -0.9410 -0.0507
vn 0.8328 0.4052 -0.3771
vn 0.3289 0.9325 -0.1494
vn 0.8328 -0.4052 -0.3771
vn 0.3289 -0.9325 -0.1494
vn 0.7311 0.3587 -0.5804
vn 0.3193 0.9129 -0.2543
vn 0.7311 -0.3587 -0.5805
vn 0.3193 -0.9129 -0.2543
vn 0.6075 0.2905 -0.7392
vn 0.3120 0.8706 -0.3804
vn 0.6075 -0.2905 -0.7392
vn 0.3120 -0.8706 -0.3804
vn 0.4515 0.3624 -0.8153
vn 0.1957 0.9149 -0.3532
vn 0.4516 -0.3624 -0.8153
vn 0.1957 -0.9149 -0.3532
vn 0.3106 0.4002 -0.8622
vn 0.1240 0.9307 -0.3442
vn 0.3106 -0.4002 -0.8622
vn 0.1240 -0.9307 -0.3442
vn -0.9188 -0.3833 0.0944
vn -0.3809 -0.9238 0.0391
vn -0.3160 0.4001 -0.8603
vn -0.1262 0.9306 -0.3435
vn -0.3160 -0.4001 -0.8603
vn -0.1262 -0.9307 -0.3435
vn -0.4573 0.3625 -0.8121
vn -0.1981 0.9149 -0.3517
vn -0.4573 -0.3625 -0.8121
vn -0.1981 -0.9149 -0.3517
vn -0.6134 0.2911 -0.7341
vn -0.3145 0.8711 -0.3772
vn -0.6134 -0.2911 -0.7341
vn -0.3145 -0.8711 -0.3772
vn -0.7363 0.3594 -0.5733
vn -0.3211 0.9133 -0.2507
vn -0.7363 -0.3594 -0.5733
vn -0.3211 -0.9133 -0.2507
vn -0.8366 0.4058 -0.3679
vn -0.3299 0.9327 -0.1456
vn -0.8366 -0.4058 -0.3679
vn -0.3299 -0.9327 -0.1456
vn -0.8938 0.4309 -0.1241
vn -0.3350 0.9411 -0.0467
vn -0.8938 -0.4309 -0.1241
vn -0.3350 -0.9411 -0.0467
vn -0.8924 0.4306 0.1347
vn -0.3346 0.9410 0.0507
vn -0.8924 -0.4306 0.1347
vn -0.3346 -0.9410 0.0507
vn -0.8328 0.4052 0.3771
vn -0.3289 0.9325 0.1494
vn -0.8328 -0.4052 0.3771
vn -0.3289 -0.9325 0.1494
vn -0.7311 0.3587 0.5805
vn -0.3193 0.9129 0.2543
vn -0.7311 -0.3587 0.5805
vn -0.3193 -0.9129 0.2543
vn -0.6075 0.2905 0.7392
vn -0.3120 0.8706 0.3804
vn -0.6075 -0.2905 0.7392
vn -0.3120 -0.8706 0.3804
vn -0.4547 0.3453 0.8210
vn -0.2049 0.9063 0.3697
vn -0.4547 -0.3453 0.8210
vn -0.2049 -0.9063 0.3697
vn -0.3134 0.3806 0.8700
vn -0.1306 0.9230 0.3620
vn -0.3134 -0.3806 0.8700
vn -0.1306 -0.9230 0.3620
vn -0.1832 0.3954 0.9001
vn -0.0740 0.9289 0.3628
vn -0.1832 -0.3954 0.9001
vn -0.0740 -0.9289 0.3628
vn -0.0587 0.4013 0.9141
vn -0.0234 0.9311 0.3639
vn -0.0587 -0.4013 0.9141
vn -0.0234 -0.9311 0.3639
vn 0.0638 0.4014 0.9137
vn 0.0255 0.9312 0.3637
vn 0.0638 -0.4014 0.9137
vn 0.0255 -0.9312 0.3637
vn 0.1884 0.3957 0.8989
vn 0.0760 0.9290 0.3621
vn 0.1884 -0.3957 0.8989
vn 0.0760 -0.9290 0.3621
vn 0.3189 0.3811 0.8678
vn 0.1327 0.9232 0.3607
vn 0.3189 -0.3811 0.8678
vn 0.1327 -0.9232 0.3607
vn 0.4604 0.3460 0.8175
vn 0.2072 0.9066 0.3676
vn 0.4604 -0.3460 0.8175
vn 0.2072 -0.9066 0.3676
vn -0.3991 0.3867 0.8314
vn -0.1639 0.9255 0.3414
vn -0.0271 0.3781 0.9254
vn -0.0113 0.9220 0.3871
vn 0.0322 0.3782 0.9252
vn 0.0135 0.9220 0.3870
vn 0.4046 0.3874 0.8284
vn 0.1659 0.9258 0.3396
vn -0.6469 0.3404 0.6824
vn -0.2950 0.9035 0.3109
vn 0.2970 0.9040 0.3076
vn 0.6526 0.3413 0.6765
vn -0.9076 0.4143 0.0682
vn -0.3522 0.9356 0.0261
vn 0.3523 0.9356 0.0219
vn 0.9083 0.4144 0.0573
vn -0.9083 0.4144 -0.0573
vn -0.3523 0.9356 -0.0219
vn 0.3522 0.9356 -0.0261
vn 0.9076 0.4143 -0.0682
vn -0.6526 0.3413 -0.6765
vn -0.2970 0.9040 -0.3076
vn -0.1659 0.9258 -0.3396
vn -0.4046 0.3874 -0.8284
vn -0.0135 0.9220 -0.3870
vn -0.0322 0.3782 -0.9252
vn 0.0113 0.9220 -0.3871
vn 0.0271 0.3781 -0.9254
vn 0.2950 0.9035 -0.3109
vn 0.6469 0.3404 -0.6824
vn 0.1639 0.9255 -0.3414
vn 0.3991 0.3867 -0.8314
vn -0.6469 -0.3404 0.6824
vn -0.2950 -0.9035 0.3109
vn -0.9076 -0.4143 0.0682
vn -0.3522 -0.9356 0.0261
vn -0.9083 -0.4144 -0.0573
vn -0.3523 -0.9356 -0.0219
vn -0.6526 -0.3413 -0.6765
vn -0.2970 -0.9040 -0.3076
vn -0.3991 -0.3867 0.8314
vn -0.1639 -0.9255 0.3414
vn -0.1659 -0.9258 -0.3396
vn -0.4046 -0.3874 -0.8284
vn -0.0271 -0.3781 0.9253
vn -0.0113 -0.9220 0.3871
vn -0.0135 -0.9220 -0.3870
vn -0.0322 -0.3782 -0.9252
vn 0.0322 -0.3782 0.9252
vn 0.0135 -0.9220 0.3870
vn 0.0113 -0.9220 -0.3871
vn 0.0271 -0.3781 -0.9254
vn 0.4046 -0.3874 0.8284
vn 0.1659 -0.9258 0.3396
vn 0.2970 -0.9040 0.3076
vn 0.6526 -0.3413 0.6765
vn 0.3523 -0.9356 0.0219
vn 0.9083 -0.4144 0.0573
vn 0.3522 -0.9356 -0.0261
vn 0.9076 -0.4143 -0.0682
vn 0.1639 -0.9255 -0.3414
vn 0.3991 -0.3867 -0.8314
vn 0.2950 -0.9035 -0.3109
vn 0.6469 -0.3404 -0.6824
vn -0.0000 0.3832 -0.9237
vn -0.0000 0.9238 -0.3829
vn -0.0000 -0.3832 -0.9237
vn -0.0000 -0.9238 -0.3829
vn -0.0001 0.3833 -0.9236
vn -0.0001 -0.3833 -0.9236
vn 0.9193 0.3832 0.0897
vn 0.3811 0.9238 0.0372
vn -0.3809 0.9238 0.0391
vn -0.9188 0.3833 0.0944
vn 0.9193 -0.3832 0.0897
vn 0.3811 -0.9238 0.0372
vn 0.3388 -0.0000 -0.9409
vn 0.9953 -0.0000 0.0971
vn -0.9948 -0.0000 0.1022
vn -0.3447 -0.0000 -0.9387
vn -0.6880 -0.0000 0.7257
vn -0.9972 -0.0000 0.0750
vn -0.9980 -0.0000 -0.0631
vn -0.6942 -0.0000 -0.7198
vn 0.6942 -0.0000 0.7198
vn 0.9980 -0.0000 0.0631
vn 0.9972 -0.0000 -0.0750
vn 0.6880 -0.0000 -0.7257
vn -0.0000 -0.0000 -1.0000
vn 1.0000 -0.0000 -0.0003
vn -1.0000 -0.0000 -0.0000
vn 0.7559 -0.0000 0.6547
vn 0.5968 -0.0000 -0.8024
vn -0.6432 -0.0000 -0.7657
vn 0.7992 -0.0000 -0.6010
vn 0.7499 -0.0000 0.6616
vn 0.7610 -0.0000 -0.6488
vn 0.7788 -0.0000 0.6273
vn 0.7559 -0.0000 0.6546
vn 0.7301 -0.0000 0.6833
vn 0.7302 -0.0000 -0.6833
vn 0.9797 -0.0000 0.2005
vn 0.9747 -0.0000 -0.2236
vn 0.7855 -0.0000 -0.6189
vt 0.164118 0.850141
vt 0.164010 0.877204
vt 0.121279 0.876821
vt 0.121425 0.850229
vt 0.083383 0.876643
vt 0.083520 0.850154
vt 0.048268 0.876704
vt 0.048346 0.849970
vt 0.013492 0.878007
vt 0.013185 0.848650
vt 0.359390 0.908256
vt 0.359670 0.878971
vt 0.394399 0.880309
vt 0.394394 0.907037
vt 0.429492 0.880487
vt 0.429521 0.906933
vt 0.467399 0.880497
vt 0.467441 0.906885
vt 0.510178 0.880342
vt 0.510204 0.907156
vt 0.555126 0.880027
vt 0.555086 0.907535
vt 0.882600 0.394880
vt 0.882568 0.422371
vt 0.837811 0.421958
vt 0.837793 0.395176
vt 0.795315 0.421743
vt 0.795257 0.395411
vt 0.757643 0.421801
vt 0.757618 0.395344
vt 0.722567 0.422002
vt 0.722585 0.395262
vt 0.687724 0.423445
vt 0.687402 0.393999
vt 0.848696 0.032523
vt 0.877958 0.032858
vt 0.876538 0.067626
vt 0.849812 0.067566
vt 0.876275 0.102847
vt 0.849784 0.102768
vt 0.876252 0.140966
vt 0.849616 0.140837
vt 0.876374 0.183878
vt 0.849283 0.183795
vt 0.876354 0.228705
vt 0.849049 0.228659
vt 0.876226 0.276029
vt 0.848958 0.275962
vt 0.876136 0.325495
vt 0.848861 0.325434
vt 0.876663 0.376778
vt 0.848211 0.376876
vt 0.356736 0.849895
vt 0.356830 0.878369
vt 0.305371 0.877705
vt 0.305436 0.850413
vt 0.255937 0.877591
vt 0.256008 0.850313
vt 0.208710 0.877455
vt 0.208781 0.850173
vt 0.351424 0.552741
vt 0.377588 0.553943
vt 0.376781 0.588773
vt 0.349346 0.587693
vt 0.349634 0.520293
vt 0.376863 0.519281
vt 0.377453 0.554132
vt 0.351430 0.554862
vt 0.348072 0.478193
vt 0.375330 0.477154
vt 0.343367 0.355286
vt 0.341759 0.312991
vt 0.369020 0.311962
vt 0.370648 0.354217
vt 0.341015 0.278232
vt 0.367092 0.277193
vt 0.340977 0.832496
vt 0.341541 0.797440
vt 0.369041 0.798433
vt 0.367209 0.833295
vt 0.342991 0.754869
vt 0.370582 0.755829
vt 0.375160 0.631344
vt 0.347640 0.630286
vt 0.654015 0.796959
vt 0.650755 0.746238
vt 0.705387 0.746593
vt 0.707461 0.798310
vt 0.654325 0.695543
vt 0.707821 0.694879
vt 0.531796 0.345465
vt 0.530449 0.292020
vt 0.582167 0.294098
vt 0.582517 0.348730
vt 0.633881 0.291668
vt 0.633213 0.345164
vt 0.409617 0.616974
vt 0.414135 0.616207
vt 0.415633 0.619647
vt 0.415174 0.621445
vt 0.272760 0.006512
vt 0.278900 0.001583
vt 0.279590 0.003288
vt 0.278037 0.007048
vt 0.264846 0.778625
vt 0.260140 0.785250
vt 0.258031 0.785378
vt 0.257849 0.783507
vt 0.393918 0.616807
vt 0.388384 0.621445
vt 0.387886 0.619627
vt 0.389357 0.616102
vt 0.264785 0.818883
vt 0.257890 0.814024
vt 0.258078 0.812167
vt 0.260148 0.812297
vt 0.123866 0.763492
vt 0.129162 0.762943
vt 0.130729 0.766714
vt 0.130040 0.768427
vt 0.157096 0.005520
vt 0.152469 0.006001
vt 0.151032 0.002231
vt 0.151543 0.000491
vt 0.307851 0.713067
vt 0.302093 0.717668
vt 0.301698 0.715948
vt 0.303278 0.712392
vt 0.132937 0.779067
vt 0.139321 0.783828
vt 0.139422 0.785650
vt 0.137569 0.785545
vt 0.007727 0.764725
vt 0.002152 0.769790
vt 0.001635 0.768041
vt 0.003074 0.764248
vt 0.132991 0.818839
vt 0.137569 0.812298
vt 0.139463 0.812187
vt 0.139362 0.814023
vt 0.323942 0.712923
vt 0.328542 0.712299
vt 0.330101 0.715931
vt 0.329674 0.717668
vt 0.131483 0.275538
vt 0.127118 0.275515
vt 0.127846 0.271958
vt 0.131368 0.271299
vt 0.145757 0.066401
vt 0.148512 0.062898
vt 0.151018 0.065375
vt 0.149361 0.068610
vt 0.332617 0.005245
vt 0.328152 0.005034
vt 0.328831 0.001309
vt 0.332484 0.000636
vt 0.146141 0.275795
vt 0.146354 0.271486
vt 0.149899 0.272250
vt 0.150538 0.275866
vt 0.332672 0.020738
vt 0.332521 0.025392
vt 0.328813 0.024712
vt 0.328122 0.020932
vt 0.296758 0.702870
vt 0.300361 0.700640
vt 0.302036 0.703875
vt 0.299535 0.706369
vt 0.441425 0.020862
vt 0.446345 0.021056
vt 0.445893 0.024704
vt 0.442326 0.025392
vt 0.281860 0.237792
vt 0.277273 0.237052
vt 0.277975 0.233328
vt 0.281673 0.232778
vt 0.209753 0.763472
vt 0.212782 0.766867
vt 0.209678 0.768453
vt 0.206683 0.766513
vt 0.058695 0.006343
vt 0.055616 0.003328
vt 0.058593 0.001376
vt 0.061698 0.002941
vt 0.297303 0.237715
vt 0.297490 0.232778
vt 0.301144 0.233309
vt 0.301850 0.236981
vt 0.441374 0.005376
vt 0.442303 0.000808
vt 0.445918 0.001509
vt 0.446371 0.005203
vt 0.307318 0.006970
vt 0.302886 0.005190
vt 0.303629 0.001801
vt 0.307157 0.001557
vt 0.155491 0.717315
vt 0.153694 0.721528
vt 0.151093 0.719209
vt 0.151032 0.715790
vt 0.281906 0.307111
vt 0.281774 0.312675
vt 0.278157 0.312364
vt 0.277384 0.308820
vt 0.004912 0.052678
vt 0.000735 0.054957
vt 0.000685 0.050887
vt 0.003825 0.048165
vt 0.322332 0.006887
vt 0.322447 0.001497
vt 0.326072 0.001841
vt 0.326860 0.005881
vt 0.297416 0.307122
vt 0.302036 0.307977
vt 0.301263 0.312222
vt 0.297560 0.312727
vt 0.130165 0.330690
vt 0.130626 0.335628
vt 0.127000 0.336783
vt 0.125361 0.335919
vt 0.334503 0.033471
vt 0.329799 0.028673
vt 0.331364 0.027670
vt 0.334947 0.028688
vt 0.107194 0.116692
vt 0.113878 0.115115
vt 0.115206 0.116540
vt 0.113993 0.118130
vt 0.146393 0.330826
vt 0.151018 0.335969
vt 0.149411 0.336783
vt 0.145906 0.335604
vt 0.257888 0.652631
vt 0.264696 0.651162
vt 0.265918 0.652750
vt 0.264594 0.654184
vt 0.350700 0.033619
vt 0.350241 0.028687
vt 0.353897 0.027670
vt 0.355493 0.028701
vt 0.335159 0.082112
vt 0.335009 0.086869
vt 0.331457 0.086475
vt 0.330756 0.083057
vt 0.280591 0.390728
vt 0.276246 0.389979
vt 0.276963 0.386487
vt 0.280462 0.386004
vt 0.142591 0.163459
vt 0.145781 0.160330
vt 0.147465 0.163319
vt 0.145633 0.166351
vt 0.293169 0.605633
vt 0.296205 0.602724
vt 0.298052 0.605753
vt 0.296378 0.608754
vt 0.295260 0.390693
vt 0.295415 0.386032
vt 0.298882 0.386518
vt 0.299583 0.389977
vt 0.349888 0.082106
vt 0.354245 0.083030
vt 0.353561 0.086392
vt 0.350065 0.086787
vt 0.279691 0.429641
vt 0.280159 0.434494
vt 0.276512 0.435680
vt 0.274879 0.434921
vt 0.141025 0.005783
vt 0.146190 0.000920
vt 0.147008 0.002540
vt 0.145875 0.006224
vt 0.111715 0.201854
vt 0.118362 0.200401
vt 0.119694 0.201738
vt 0.118421 0.203142
vt 0.100942 0.007042
vt 0.096298 0.006960
vt 0.096689 0.003482
vt 0.100073 0.002731
vt 0.434430 0.516570
vt 0.438743 0.517472
vt 0.438025 0.520829
vt 0.434538 0.521212
vt 0.143972 0.240373
vt 0.146903 0.237380
vt 0.148734 0.240323
vt 0.147077 0.243323
vt 0.295981 0.429796
vt 0.300699 0.434942
vt 0.299098 0.435680
vt 0.295527 0.434496
vt 0.262091 0.567284
vt 0.268805 0.565968
vt 0.270085 0.567370
vt 0.268756 0.568714
vt 0.141151 0.022065
vt 0.145844 0.021590
vt 0.147008 0.025141
vt 0.146244 0.026729
vt 0.101222 0.021718
vt 0.100456 0.026070
vt 0.097022 0.025415
vt 0.096522 0.021925
vt 0.294266 0.528576
vt 0.297365 0.525610
vt 0.299036 0.528609
vt 0.297212 0.531564
vt 0.419749 0.516279
vt 0.419506 0.520986
vt 0.415994 0.520486
vt 0.415376 0.517066
vt 0.408526 0.305515
vt 0.408328 0.300132
vt 0.411897 0.300369
vt 0.413132 0.302995
vt 0.144068 0.342913
vt 0.149647 0.338253
vt 0.151018 0.339623
vt 0.149731 0.343133
vt 0.270405 0.328133
vt 0.275598 0.324979
vt 0.277365 0.327483
vt 0.276642 0.329304
vt 0.115698 0.343389
vt 0.111157 0.343215
vt 0.111615 0.339716
vt 0.114914 0.339035
vt 0.420966 0.318633
vt 0.416676 0.317881
vt 0.417334 0.314623
vt 0.420787 0.314161
vt 0.295849 0.357500
vt 0.298536 0.354707
vt 0.300275 0.357536
vt 0.298494 0.360339
vt 0.120836 0.440683
vt 0.127079 0.439492
vt 0.127811 0.441315
vt 0.126049 0.443829
vt 0.144141 0.358871
vt 0.149732 0.358662
vt 0.151018 0.362148
vt 0.149658 0.363512
vt 0.393366 0.305576
vt 0.388714 0.303028
vt 0.389961 0.300362
vt 0.393578 0.300115
vt 0.435692 0.318580
vt 0.435825 0.314038
vt 0.439337 0.314484
vt 0.440025 0.317793
vt 0.115622 0.358347
vt 0.114793 0.362746
vt 0.111441 0.362026
vt 0.111009 0.358462
vt 0.146210 0.411246
vt 0.148847 0.408399
vt 0.150636 0.411197
vt 0.148905 0.414031
vt 0.037941 0.942255
vt 0.032467 0.946981
vt 0.031575 0.945210
vt 0.032774 0.941441
vt 0.027731 0.951545
vt 0.029767 0.945691
vt 0.028506 0.939941
vt 0.038005 0.903672
vt 0.032860 0.904485
vt 0.031603 0.900700
vt 0.032498 0.898912
vt 0.028518 0.906120
vt 0.029765 0.900219
vt 0.027722 0.894307
vt 0.939739 0.291894
vt 0.941373 0.287546
vt 0.945159 0.288803
vt 0.945639 0.290642
vt 0.942190 0.282396
vt 0.946947 0.287906
vt 0.951545 0.292680
vt 0.084019 0.818537
vt 0.084050 0.822858
vt 0.080840 0.822224
vt 0.079999 0.819022
vt 0.083208 0.827606
vt 0.078567 0.825024
vt 0.075550 0.820536
vt 0.903558 0.282535
vt 0.904292 0.287700
vt 0.900550 0.288875
vt 0.898792 0.287972
vt 0.905798 0.291971
vt 0.900062 0.290677
vt 0.894224 0.292680
vt 0.339732 0.674071
vt 0.335159 0.671399
vt 0.336102 0.668825
vt 0.339786 0.668326
vt 0.802270 0.853913
vt 0.801874 0.847814
vt 0.803861 0.847442
vt 0.806012 0.849302
vt 0.339987 0.662488
vt 0.335074 0.667191
vt 0.340297 0.435099
vt 0.340343 0.440780
vt 0.336701 0.440290
vt 0.335774 0.437757
vt 0.340529 0.446552
vt 0.335680 0.441911
vt 0.802891 0.640382
vt 0.806595 0.645086
vt 0.804426 0.646911
vt 0.802444 0.646518
vt 0.337694 0.722273
vt 0.333143 0.717210
vt 0.334306 0.715645
vt 0.337960 0.716429
vt 0.852218 0.854552
vt 0.848543 0.849859
vt 0.850708 0.848059
vt 0.852682 0.848456
vt 0.338365 0.710658
vt 0.333566 0.713001
vt 0.338269 0.387527
vt 0.338532 0.393282
vt 0.334938 0.394062
vt 0.333797 0.392529
vt 0.338932 0.398969
vt 0.334208 0.396674
vt 0.853011 0.641108
vt 0.853385 0.647206
vt 0.851388 0.647567
vt 0.849247 0.645696
vt 0.379696 0.675526
vt 0.380105 0.669767
vt 0.383743 0.670559
vt 0.384476 0.673201
vt 0.380378 0.663942
vt 0.384901 0.669007
vt 0.474855 0.197206
vt 0.479466 0.193464
vt 0.481325 0.195616
vt 0.480954 0.197602
vt 0.378177 0.723702
vt 0.378370 0.717857
vt 0.382058 0.717361
vt 0.383089 0.719000
vt 0.378416 0.712107
vt 0.383000 0.714792
vt 0.474220 0.147258
vt 0.480316 0.146794
vt 0.480712 0.148768
vt 0.478912 0.150933
vt 0.379792 0.433625
vt 0.384492 0.435936
vt 0.383752 0.438533
vt 0.380149 0.439295
vt 0.688386 0.196603
vt 0.682250 0.197049
vt 0.681857 0.195067
vt 0.683682 0.192899
vt 0.380422 0.445048
vt 0.384888 0.440073
vt 0.378203 0.386047
vt 0.383054 0.390708
vt 0.382031 0.392325
vt 0.378387 0.391824
vt 0.687663 0.146482
vt 0.683075 0.150246
vt 0.681205 0.148105
vt 0.681565 0.146108
vt 0.378430 0.397509
vt 0.382955 0.394868
vt 0.323571 0.776790
vt 0.319022 0.778328
vt 0.318166 0.775058
vt 0.320500 0.772206
vt 0.314910 0.778823
vt 0.314884 0.774415
vt 0.315759 0.769573
vt 0.323547 0.820705
vt 0.320464 0.825289
vt 0.318131 0.822432
vt 0.318990 0.819159
vt 0.315719 0.827917
vt 0.314847 0.823072
vt 0.314876 0.818662
vt 0.075523 0.777701
vt 0.078490 0.773210
vt 0.080774 0.775984
vt 0.079955 0.779179
vt 0.083101 0.770599
vt 0.083971 0.775333
vt 0.083962 0.779642
vt 0.038500 0.909812
vt 0.038499 0.936123
vt 0.033841 0.935711
vt 0.033843 0.910203
vt 0.029417 0.935118
vt 0.029597 0.910786
vt 0.935068 0.290818
vt 0.910678 0.291044
vt 0.910079 0.286586
vt 0.935649 0.286562
vt 0.909608 0.281901
vt 0.936042 0.281892
vt 0.372151 0.386253
vt 0.372329 0.391932
vt 0.372474 0.397597
vt 0.373849 0.433964
vt 0.374137 0.439605
vt 0.374395 0.445268
vt 0.083584 0.812854
vt 0.079067 0.813192
vt 0.074371 0.813753
vt 0.346252 0.435007
vt 0.346399 0.440671
vt 0.346577 0.446348
vt 0.345765 0.674171
vt 0.345903 0.668439
vt 0.346067 0.662706
vt 0.344858 0.398642
vt 0.344570 0.393003
vt 0.344313 0.387315
vt 0.372087 0.723495
vt 0.372244 0.717753
vt 0.372375 0.712015
vt 0.373711 0.675192
vt 0.373986 0.669489
vt 0.374227 0.663724
vt 0.344380 0.710982
vt 0.344104 0.716703
vt 0.343868 0.722481
vt 0.315326 0.812855
vt 0.319938 0.813198
vt 0.324755 0.813773
vt 0.083546 0.785307
vt 0.079056 0.784983
vt 0.074402 0.784447
vt 0.315351 0.784623
vt 0.319976 0.784279
vt 0.324755 0.783715
vt 0.215646 0.008519
vt 0.215681 0.004030
vt 0.198274 0.782648
vt 0.198258 0.778312
vt 0.066523 0.761601
vt 0.066568 0.766109
vt 0.198329 0.814894
vt 0.198325 0.819229
vt 0.155602 0.650986
vt 0.151128 0.650957
vt 0.302864 0.069747
vt 0.307359 0.069738
vt 0.156161 0.603483
vt 0.151665 0.603430
vt 0.303028 0.117302
vt 0.307524 0.117287
vt 0.005143 0.118724
vt 0.000685 0.118765
vt 0.327177 0.069661
vt 0.322684 0.069683
vt 0.009022 0.441085
vt 0.004531 0.441085
vt 0.328247 0.392254
vt 0.323687 0.392252
vt 0.156633 0.565900
vt 0.152131 0.565846
vt 0.303160 0.154854
vt 0.307656 0.154838
vt 0.005859 0.166100
vt 0.001373 0.166169
vt 0.327346 0.117217
vt 0.322850 0.117233
vt 0.006461 0.203609
vt 0.001967 0.203679
vt 0.327477 0.154769
vt 0.322981 0.154785
vt 0.007064 0.242458
vt 0.002567 0.242526
vt 0.327614 0.193628
vt 0.323117 0.193644
vt 0.007602 0.278648
vt 0.003103 0.278711
vt 0.327741 0.229803
vt 0.323244 0.229819
vt 0.435189 0.477245
vt 0.439588 0.476049
vt 0.122087 0.276829
vt 0.116738 0.276766
vt 0.266851 0.492216
vt 0.272209 0.492134
vt 0.415776 0.475674
vt 0.420125 0.476994
vt 0.435963 0.352323
vt 0.440369 0.353604
vt 0.125104 0.381928
vt 0.119851 0.382116
vt 0.157509 0.490720
vt 0.157099 0.526978
vt 0.152594 0.526925
vt 0.153003 0.490672
vt 0.303423 0.229889
vt 0.303296 0.193713
vt 0.307792 0.193698
vt 0.307919 0.229873
vt 0.008905 0.411992
vt 0.004412 0.412016
vt 0.328201 0.363062
vt 0.323699 0.363072
vt 0.008714 0.382637
vt 0.004217 0.382669
vt 0.328105 0.333696
vt 0.323608 0.333711
vt 0.007918 0.301956
vt 0.003419 0.302013
vt 0.327822 0.253094
vt 0.323326 0.253109
vt 0.008236 0.328852
vt 0.003735 0.328901
vt 0.327917 0.279961
vt 0.323420 0.279977
vt 0.008499 0.355750
vt 0.004000 0.355790
vt 0.328011 0.306829
vt 0.323514 0.306844
vt 0.269578 0.386712
vt 0.274834 0.386883
vt 0.416260 0.353530
vt 0.420649 0.352267
vt 0.436199 0.445622
vt 0.440841 0.444804
vt 0.102664 0.300716
vt 0.097377 0.300671
vt 0.436198 0.416636
vt 0.441025 0.416666
vt 0.097502 0.327864
vt 0.092273 0.327928
vt 0.436256 0.387534
vt 0.440884 0.388387
vt 0.103972 0.354880
vt 0.098728 0.355047
vt 0.247369 0.468339
vt 0.252666 0.468275
vt 0.415415 0.444563
vt 0.420038 0.445465
vt 0.242160 0.441055
vt 0.247397 0.441100
vt 0.415376 0.416416
vt 0.420204 0.416408
vt 0.248529 0.413874
vt 0.253780 0.414023
vt 0.415621 0.388151
vt 0.420239 0.387314
vt 0.158388 0.357043
vt 0.158265 0.386510
vt 0.153754 0.386491
vt 0.153867 0.357029
vt 0.303891 0.363142
vt 0.303788 0.333781
vt 0.308284 0.333766
vt 0.308384 0.363127
vt 0.158136 0.413464
vt 0.153625 0.413439
vt 0.303693 0.306914
vt 0.308190 0.306898
vt 0.157965 0.440420
vt 0.153455 0.440387
vt 0.303599 0.280046
vt 0.308095 0.280031
vt 0.157743 0.467368
vt 0.153235 0.467327
vt 0.303505 0.253179
vt 0.308001 0.253163
vt 0.158510 0.327699
vt 0.153926 0.327701
vt 0.303987 0.392222
vt 0.308457 0.392221
vt 0.164135 0.844160
vt 0.121387 0.844318
vt 0.123064 0.839822
vt 0.162694 0.839635
vt 0.127354 0.835885
vt 0.159038 0.835784
vt 0.121214 0.882751
vt 0.164000 0.883193
vt 0.162528 0.887710
vt 0.122861 0.887262
vt 0.158844 0.891542
vt 0.127126 0.891230
vt 0.083528 0.844357
vt 0.084641 0.839854
vt 0.087471 0.835336
vt 0.083369 0.882451
vt 0.084450 0.886956
vt 0.087243 0.891489
vt 0.048470 0.844105
vt 0.049175 0.839545
vt 0.050796 0.834571
vt 0.048403 0.882497
vt 0.049082 0.887034
vt 0.050665 0.891987
vt 0.013479 0.842446
vt 0.014029 0.837630
vt 0.015065 0.832314
vt 0.013747 0.884043
vt 0.014272 0.888813
vt 0.015276 0.894078
vt 0.359642 0.914330
vt 0.394519 0.912839
vt 0.395210 0.917383
vt 0.360179 0.919127
vt 0.396822 0.922336
vt 0.361218 0.924418
vt 0.394531 0.874536
vt 0.359959 0.872853
vt 0.360514 0.868102
vt 0.395235 0.870013
vt 0.361566 0.862864
vt 0.396852 0.865086
vt 0.429530 0.912734
vt 0.430637 0.917225
vt 0.433455 0.921724
vt 0.429497 0.874663
vt 0.430604 0.870177
vt 0.433421 0.865682
vt 0.467384 0.912817
vt 0.469044 0.917300
vt 0.473326 0.921149
vt 0.467349 0.874609
vt 0.469012 0.870126
vt 0.473298 0.866278
vt 0.510183 0.913093
vt 0.508246 0.917591
vt 0.503426 0.921514
vt 0.510166 0.874372
vt 0.508234 0.869867
vt 0.503416 0.865935
vt 0.554985 0.913502
vt 0.553625 0.918049
vt 0.550363 0.922600
vt 0.555037 0.874067
vt 0.553686 0.869501
vt 0.550426 0.864928
vt 0.597350 0.914845
vt 0.602445 0.919760
vt 0.607713 0.924817
vt 0.597635 0.872857
vt 0.602770 0.867932
vt 0.608080 0.862864
vt 0.942143 0.044593
vt 0.946578 0.044778
vt 0.950994 0.045205
vt 0.925062 0.387666
vt 0.882509 0.388890
vt 0.881168 0.384324
vt 0.930198 0.382731
vt 0.877937 0.379750
vt 0.935508 0.377655
vt 0.882464 0.428338
vt 0.924753 0.429705
vt 0.929845 0.434626
vt 0.881113 0.432886
vt 0.935109 0.439689
vt 0.877881 0.437437
vt 0.837778 0.389241
vt 0.835868 0.384743
vt 0.831110 0.380816
vt 0.837800 0.427911
vt 0.835888 0.432398
vt 0.831133 0.436311
vt 0.795202 0.389499
vt 0.796850 0.385029
vt 0.801103 0.381183
vt 0.795280 0.427589
vt 0.796930 0.432062
vt 0.801181 0.435907
vt 0.757625 0.389601
vt 0.758725 0.385118
vt 0.761520 0.380624
vt 0.757652 0.427574
vt 0.758760 0.432056
vt 0.761564 0.436547
vt 0.722697 0.389408
vt 0.723391 0.384855
vt 0.724994 0.379891
vt 0.722721 0.427844
vt 0.723423 0.432380
vt 0.725028 0.437326
vt 0.687694 0.387790
vt 0.688241 0.382972
vt 0.689275 0.377655
vt 0.687999 0.429500
vt 0.688542 0.434280
vt 0.689569 0.439556
vt 0.842618 0.032756
vt 0.844001 0.067673
vt 0.839447 0.068350
vt 0.837816 0.033278
vt 0.834481 0.069953
vt 0.832517 0.034300
vt 0.882323 0.067774
vt 0.884081 0.033159
vt 0.888836 0.033723
vt 0.886855 0.068488
vt 0.894079 0.034786
vt 0.891791 0.070123
vt 0.843970 0.102752
vt 0.839460 0.103839
vt 0.834928 0.106655
vt 0.882121 0.102857
vt 0.886624 0.103973
vt 0.891141 0.106818
vt 0.843674 0.140776
vt 0.839156 0.142436
vt 0.835190 0.146728
vt 0.882177 0.140922
vt 0.886683 0.142607
vt 0.890623 0.146921
vt 0.843261 0.183792
vt 0.838736 0.182316
vt 0.834901 0.178613
vt 0.882364 0.183892
vt 0.886893 0.182440
vt 0.890743 0.178760
vt 0.843154 0.228641
vt 0.838625 0.227422
vt 0.834268 0.224397
vt 0.882270 0.228716
vt 0.886804 0.227520
vt 0.891174 0.224515
vt 0.843043 0.275950
vt 0.838472 0.275303
vt 0.833830 0.273728
vt 0.882139 0.276038
vt 0.886713 0.275414
vt 0.891364 0.273861
vt 0.842899 0.325390
vt 0.838298 0.325051
vt 0.833509 0.324279
vt 0.882065 0.325462
vt 0.886660 0.325140
vt 0.891443 0.324389
vt 0.842110 0.376784
vt 0.837412 0.376573
vt 0.832517 0.376162
vt 0.882695 0.376708
vt 0.887380 0.376514
vt 0.892262 0.376120
vt 0.356668 0.843857
vt 0.305404 0.844480
vt 0.305094 0.839882
vt 0.356486 0.839168
vt 0.304371 0.835092
vt 0.356122 0.834280
vt 0.305324 0.883672
vt 0.356736 0.884475
vt 0.356536 0.889177
vt 0.304995 0.888276
vt 0.356152 0.894078
vt 0.304249 0.893071
vt 0.256018 0.844399
vt 0.255405 0.839822
vt 0.253879 0.835165
vt 0.255920 0.883509
vt 0.255282 0.888083
vt 0.253730 0.892732
vt 0.208793 0.844259
vt 0.207608 0.839726
vt 0.204632 0.835352
vt 0.208693 0.883372
vt 0.207480 0.887899
vt 0.204475 0.892257
vt 0.343462 0.587396
vt 0.341637 0.630012
vt 0.337243 0.629029
vt 0.338931 0.587269
vt 0.757507 0.782828
vt 0.775657 0.820678
vt 0.771025 0.821664
vt 0.753085 0.784177
vt 0.345625 0.552389
vt 0.341292 0.552050
vt 0.756407 0.746964
vt 0.751901 0.746930
vt 0.343805 0.520546
vt 0.345822 0.555179
vt 0.341533 0.555489
vt 0.339320 0.520644
vt 0.757817 0.711062
vt 0.753403 0.709651
vt 0.342171 0.478453
vt 0.337826 0.479413
vt 0.776268 0.673433
vt 0.771626 0.672414
vt 0.339468 0.692379
vt 0.335025 0.692216
vt 0.827279 0.851056
vt 0.827229 0.855949
vt 0.828089 0.638881
vt 0.828031 0.643785
vt 0.335619 0.417216
vt 0.340005 0.417044
vt 0.337005 0.754696
vt 0.332542 0.755348
vt 0.879025 0.821628
vt 0.883652 0.822669
vt 0.901893 0.785477
vt 0.897485 0.784064
vt 0.331102 0.797073
vt 0.335639 0.797288
vt 0.903410 0.748214
vt 0.898905 0.748180
vt 0.330930 0.832446
vt 0.335286 0.832428
vt 0.902232 0.710954
vt 0.897809 0.712306
vt 0.331369 0.313392
vt 0.330930 0.278345
vt 0.335246 0.278340
vt 0.335862 0.313156
vt 0.884266 0.673428
vt 0.879628 0.674413
vt 0.333070 0.354833
vt 0.337482 0.355465
vt 0.381125 0.631530
vt 0.385574 0.630886
vt 0.508087 0.223822
vt 0.507101 0.228454
vt 0.378657 0.693789
vt 0.383097 0.693955
vt 0.477713 0.172198
vt 0.472821 0.172246
vt 0.376595 0.756090
vt 0.380999 0.757057
vt 0.507146 0.120453
vt 0.506105 0.115826
vt 0.382657 0.588961
vt 0.387170 0.589190
vt 0.545936 0.241975
vt 0.544586 0.246397
vt 0.543298 0.097588
vt 0.544711 0.101997
vt 0.379463 0.798790
vt 0.374931 0.798688
vt 0.383240 0.554046
vt 0.387568 0.554046
vt 0.581800 0.243078
vt 0.581833 0.247584
vt 0.580562 0.096075
vt 0.580595 0.100580
vt 0.377192 0.833939
vt 0.372866 0.833621
vt 0.382764 0.519137
vt 0.387262 0.518904
vt 0.617701 0.241671
vt 0.619112 0.246085
vt 0.617821 0.097256
vt 0.616469 0.101679
vt 0.377045 0.276524
vt 0.379369 0.311573
vt 0.374868 0.311691
vt 0.372733 0.276859
vt 0.381209 0.476977
vt 0.385618 0.477604
vt 0.655332 0.223223
vt 0.656351 0.227865
vt 0.689889 0.171405
vt 0.684985 0.171463
vt 0.383103 0.415418
vt 0.378717 0.415574
vt 0.655346 0.115225
vt 0.654361 0.119863
vt 0.380911 0.352989
vt 0.376559 0.353957
vt 0.258316 0.778488
vt 0.258252 0.773444
vt 0.258068 0.768908
vt 0.258266 0.819023
vt 0.258206 0.824062
vt 0.258024 0.828593
vt 0.198258 0.778250
vt 0.198250 0.773928
vt 0.198242 0.769608
vt 0.198325 0.819291
vt 0.198329 0.823610
vt 0.198334 0.827926
vt 0.139343 0.778882
vt 0.139370 0.773932
vt 0.139533 0.769479
vt 0.139402 0.818988
vt 0.139459 0.823937
vt 0.139648 0.828389
vt 0.275177 0.942692
vt 0.274992 0.947128
vt 0.274578 0.951545
vt 0.894542 0.045206
vt 0.898959 0.044775
vt 0.903395 0.044585
vt 0.275307 0.903909
vt 0.275135 0.899471
vt 0.274734 0.895050
vt 0.597561 0.908680
vt 0.597819 0.879002
vt 0.275297 0.909882
vt 0.275189 0.936906
vt 0.909363 0.044583
vt 0.936360 0.044595
vt 0.925249 0.393820
vt 0.924968 0.423536
vt 0.345340 0.692604
vt 0.372765 0.693571
vt 0.345824 0.416829
vt 0.372896 0.415786
vt 0.214650 0.327918
vt 0.065056 0.440960
vt 0.061120 0.117801
vt 0.211698 0.651701
vt 0.212331 0.604175
vt 0.061921 0.165221
vt 0.212894 0.566598
vt 0.062614 0.202717
vt 0.063189 0.241573
vt 0.063813 0.277847
vt 0.064201 0.301208
vt 0.213331 0.527667
vt 0.213828 0.491323
vt 0.214135 0.467919
vt 0.214619 0.357167
vt 0.064553 0.328241
vt 0.064800 0.355281
vt 0.064932 0.382271
vt 0.065003 0.411772
vt 0.214609 0.386714
vt 0.214395 0.440837
vt 0.214554 0.413749
vt 0.925122 0.956419
vt 0.930902 0.901475
vt 0.966860 0.894516
vt 0.944528 0.933440
vt 0.893989 0.980476
vt 0.896418 0.914738
vt 0.372359 0.074346
vt 0.395340 0.054942
vt 0.434265 0.032613
vt 0.427303 0.068570
vt 0.348299 0.105477
vt 0.414038 0.103053
vt 0.860759 0.994981
vt 0.861910 0.923656
vt 0.333791 0.138705
vt 0.405116 0.137560
vt 0.826375 0.999657
vt 0.826801 0.926546
vt 0.329112 0.173089
vt 0.402224 0.172669
vt 0.792057 0.994344
vt 0.791726 0.923010
vt 0.334422 0.207408
vt 0.405757 0.207745
vt 0.759017 0.979237
vt 0.757327 0.913487
vt 0.349526 0.240449
vt 0.415277 0.242144
vt 0.728184 0.954647
vt 0.722991 0.899664
vt 0.374114 0.271284
vt 0.429097 0.276481
vt 0.710070 0.932604
vt 0.687538 0.892204
vt 0.396156 0.289400
vt 0.436554 0.311935
vt 0.668328 0.839379
vt 0.713731 0.849150
vt 0.479610 0.285745
vt 0.489378 0.331149
vt 0.424820 0.863160
vt 0.424816 0.807996
vt 0.520741 0.574664
vt 0.465577 0.574656
vt 0.675517 0.330604
vt 0.700631 0.574663
vt 0.645581 0.574669
vt 0.684703 0.285060
vt 0.735231 0.275440
vt 0.728209 0.311066
vt 0.424816 0.745559
vt 0.424821 0.683156
vt 0.668888 0.653240
vt 0.424832 0.628105
vt 0.688431 0.600550
vt 0.724057 0.593530
vt 0.714433 0.644057
vt 0.711299 0.560329
vt 0.729689 0.538403
vt 0.790358 0.269813
vt 0.768431 0.288201
vt 0.760898 0.514167
vt 0.758572 0.580143
vt 0.748621 0.240927
vt 0.814597 0.238606
vt 0.794265 0.499547
vt 0.793161 0.571137
vt 0.757629 0.206338
vt 0.829220 0.205240
vt 0.828813 0.494831
vt 0.828415 0.568219
vt 0.760551 0.171085
vt 0.833939 0.170693
vt 0.863291 0.500170
vt 0.863613 0.571779
vt 0.756993 0.135886
vt 0.828603 0.136214
vt 0.896470 0.515371
vt 0.898107 0.581360
vt 0.747416 0.101392
vt 0.813405 0.103034
vt 0.927395 0.540106
vt 0.932506 0.595272
vt 0.733507 0.066991
vt 0.788672 0.072107
vt 0.946553 0.563503
vt 0.968427 0.602905
vt 0.725877 0.031069
vt 0.765277 0.052947
vt 0.941703 0.645920
vt 0.985089 0.648938
vt 0.682859 0.057790
vt 0.679845 0.014404
vt 0.947919 0.696834
vt 0.995115 0.698086
vt 0.631945 0.051570
vt 0.630697 0.004374
vt 0.949937 0.748592
vt 0.998321 0.748995
vt 0.580188 0.049548
vt 0.579789 0.001164
vt 0.947411 0.800309
vt 0.994599 0.799850
vt 0.528470 0.052070
vt 0.528934 0.004881
vt 0.940666 0.851075
vt 0.984048 0.848818
vt 0.477704 0.058810
vt 0.479965 0.015428
vt 0.583178 0.574669
s 0
usemtl test
f 1/1/1 2/2/1 4/3/1 3/4/1
f 3/4/2 4/3/2 6/5/2 5/6/2
f 5/6/3 6/5/3 8/7/3 7/8/3
f 7/8/4 8/7/4 10/9/4 9/10/4
f 9/11/5 10/12/5 12/13/5 11/14/5
f 11/14/6 12/13/6 14/15/6 13/16/6
f 13/16/7 14/15/7 16/17/7 15/18/7
f 15/18/8 16/17/8 18/19/8 17/20/8
f 17/20/9 18/19/9 20/21/9 19/22/9
f 21/23/10 22/24/10 24/25/10 23/26/10
f 23/26/11 24/25/11 26/27/11 25/28/11
f 25/28/12 26/27/12 28/29/12 27/30/12
f 27/30/13 28/29/13 30/31/13 29/32/13
f 29/32/14 30/31/14 32/33/14 31/34/14
f 31/35/15 32/36/15 34/37/15 33/38/15
f 33/38/16 34/37/16 36/39/16 35/40/16
f 35/40/17 36/39/17 38/41/17 37/42/17
f 37/42/18 38/41/18 40/43/18 39/44/18
f 39/44/19 40/43/19 42/45/19 41/46/19
f 41/46/20 42/45/20 44/47/20 43/48/20
f 43/48/21 44/47/21 46/49/21 45/50/21
f 45/50/22 46/49/22 48/51/22 47/52/22
f 47/53/23 48/54/23 50/55/23 49/56/23
f 49/56/24 50/55/24 52/57/24 51/58/24
f 51/58/25 52/57/25 54/59/25 53/60/25
f 53/60/26 54/59/26 2/2/26 1/1/26
f 60/61/27 69/62/27 68/63/27 58/64/27
f 62/65/28 70/66/28 69/67/28 60/68/28
f 64/69/29 71/70/29 70/66/29 62/65/29
f 66/71/30 63/72/30 77/73/30 78/74/30
f 63/72/31 61/75/31 76/76/31 77/73/31
f 61/77/32 59/78/32 75/79/32 76/80/32
f 59/78/33 57/81/33 74/82/33 75/79/33
f 58/64/34 68/63/34 67/83/34 55/84/34
f 101/85/35 103/86/35 110/87/35 109/88/35
f 103/86/35 105/89/35 111/90/35 110/87/35
f 102/91/36 140/92/36 142/93/36 104/94/36
f 104/94/36 142/93/36 144/95/36 106/96/36
f 197/97/37 200/98/37 201/99/37 203/100/37
f 198/101/38 202/102/38 201/103/38 200/104/38
f 199/105/39 203/106/39 201/107/39 202/108/39
f 204/109/40 207/110/40 208/111/40 210/112/40
f 205/113/41 209/114/41 208/115/41 207/116/41
f 206/117/42 210/118/42 208/119/42 209/120/42
f 217/121/43 220/122/43 221/123/43 223/124/43
f 218/125/44 222/126/44 221/127/44 220/128/44
f 219/129/45 223/130/45 221/131/45 222/132/45
f 224/133/46 227/134/46 228/135/46 230/136/46
f 225/137/47 229/138/47 228/139/47 227/140/47
f 226/141/48 230/142/48 228/143/48 229/144/48
f 237/145/49 240/146/49 241/147/49 243/148/49
f 238/149/50 242/150/50 241/151/50 240/152/50
f 239/153/51 243/154/51 241/155/51 242/156/51
f 244/157/52 247/158/52 248/159/52 250/160/52
f 245/161/53 249/162/53 248/163/53 247/164/53
f 246/165/54 250/166/54 248/167/54 249/168/54
f 251/169/55 254/170/55 255/171/55 257/172/55
f 252/173/56 256/174/56 255/175/56 254/176/56
f 253/177/57 257/178/57 255/179/57 256/180/57
f 258/181/58 261/182/58 262/183/58 264/184/58
f 259/185/59 263/186/59 262/187/59 261/188/59
f 260/189/60 264/190/60 262/191/60 263/192/60
f 265/193/61 268/194/61 269/195/61 271/196/61
f 266/197/62 270/198/62 269/199/62 268/200/62
f 267/201/63 271/202/63 269/203/63 270/204/63
f 272/205/64 275/206/64 276/207/64 278/208/64
f 273/209/65 277/210/65 276/211/65 275/212/65
f 274/213/66 278/214/66 276/215/66 277/216/66
f 285/217/67 288/218/67 289/219/67 291/220/67
f 286/221/68 290/222/68 289/223/68 288/224/68
f 287/225/69 291/226/69 289/227/69 290/228/69
f 292/229/70 295/230/70 296/231/70 298/232/70
f 293/233/71 297/234/71 296/235/71 295/236/71
f 294/237/72 298/238/72 296/239/72 297/240/72
f 305/241/73 308/242/73 309/243/73 311/244/73
f 306/245/74 310/246/74 309/247/74 308/248/74
f 307/249/75 311/250/75 309/251/75 310/252/75
f 312/253/76 315/254/76 316/255/76 318/256/76
f 313/257/77 317/258/77 316/259/77 315/260/77
f 314/261/78 318/262/78 316/263/78 317/264/78
f 328/265/79 331/266/79 332/267/79 334/268/79
f 329/269/80 333/270/80 332/271/80 331/272/80
f 330/273/81 334/274/81 332/275/81 333/276/81
f 335/277/82 338/278/82 339/279/82 341/280/82
f 336/281/83 340/282/83 339/283/83 338/284/83
f 337/285/84 341/286/84 339/287/84 340/288/84
f 345/289/85 348/290/85 349/291/85 351/292/85
f 346/293/86 350/294/86 349/295/86 348/296/86
f 347/297/87 351/298/87 349/299/87 350/300/87
f 352/301/88 355/302/88 356/303/88 358/304/88
f 353/305/89 357/306/89 356/307/89 355/308/89
f 354/309/90 358/310/90 356/311/90 357/312/90
f 371/313/91 374/314/91 375/315/91 377/316/91
f 372/317/92 376/318/92 375/319/92 374/320/92
f 373/321/93 377/322/93 375/323/93 376/324/93
f 390/325/94 393/326/94 394/327/94 396/328/94
f 391/329/95 395/330/95 394/331/95 393/332/95
f 392/333/96 396/334/96 394/335/96 395/336/96
f 409/337/97 412/338/97 413/339/97 415/340/97
f 410/341/98 414/342/98 413/343/98 412/344/98
f 411/345/99 415/346/99 413/347/99 414/348/99
f 440/349/100 443/350/100 444/351/100 446/352/100
f 441/353/101 445/354/101 444/355/101 443/356/101
f 442/357/102 446/358/102 444/359/102 445/360/102
f 519/361/103 522/362/103 523/363/103 525/364/103
f 520/365/104 524/366/104 523/363/104 522/362/104
f 521/367/105 525/364/105 523/363/105 524/366/105
f 526/368/106 529/369/106 530/370/106 532/371/106
f 527/372/107 531/373/107 530/370/107 529/369/107
f 528/374/108 532/371/108 530/370/108 531/373/108
f 533/375/109 536/376/109 537/377/109 539/378/109
f 534/379/110 538/380/110 537/377/110 536/376/110
f 535/381/111 539/378/111 537/377/111 538/380/111
f 540/382/112 543/383/112 544/384/112 546/385/112
f 541/386/113 545/387/113 544/384/113 543/383/113
f 542/388/114 546/385/114 544/384/114 545/387/114
f 553/389/115 556/390/115 557/391/115 559/392/115
f 554/393/116 558/394/116 557/391/116 556/390/116
f 555/395/117 559/392/117 557/391/117 558/394/117
f 677/396/118 680/397/118 681/398/118 683/399/118
f 678/400/119 682/401/119 681/402/119 680/403/119
f 679/404/120 683/399/120 681/398/120 682/405/120
f 684/406/121 687/407/121 688/408/121 690/409/121
f 685/410/122 689/411/122 688/408/122 687/407/122
f 686/412/123 690/413/123 688/414/123 689/415/123
f 697/416/124 700/417/124 701/418/124 703/419/124
f 698/420/125 702/421/125 701/422/125 700/423/125
f 699/424/126 703/419/126 701/418/126 702/425/126
f 704/426/127 707/427/127 708/428/127 710/429/127
f 705/430/128 709/431/128 708/428/128 707/427/128
f 706/432/129 710/433/129 708/434/129 709/435/129
f 729/436/130 732/437/130 733/438/130 735/439/130
f 730/440/131 734/441/131 733/438/131 732/437/131
f 731/442/132 735/443/132 733/444/132 734/445/132
f 739/446/133 742/447/133 743/448/133 745/449/133
f 740/450/134 744/451/134 743/448/134 742/447/134
f 741/452/135 745/453/135 743/454/135 744/455/135
f 770/456/136 773/457/136 774/458/136 776/459/136
f 771/460/137 775/461/137 774/462/137 773/463/137
f 772/464/138 776/459/138 774/458/138 775/465/138
f 780/466/139 783/467/139 784/468/139 786/469/139
f 781/470/140 785/471/140 784/472/140 783/473/140
f 782/474/141 786/469/141 784/468/141 785/475/141
f 790/476/142 793/477/142 794/478/142 796/479/142
f 791/480/143 795/481/143 794/478/143 793/477/143
f 792/482/144 796/479/144 794/478/144 795/481/144
f 800/483/145 803/484/145 804/485/145 806/486/145
f 801/487/146 805/488/146 804/485/146 803/484/146
f 802/489/147 806/486/147 804/485/147 805/488/147
f 816/490/148 819/491/148 820/492/148 822/493/148
f 817/494/149 821/495/149 820/492/149 819/491/149
f 818/496/150 822/493/150 820/492/150 821/495/150
f 159/497/151 155/498/151 157/499/151 160/500/151
f 160/500/152 157/499/152 156/501/152 158/502/152
f 165/503/153 161/504/153 163/505/153 166/506/153
f 166/506/154 163/505/154 162/507/154 164/508/154
f 189/509/155 780/466/155 786/469/155 190/510/155
f 190/510/156 786/469/156 782/474/156 188/511/156
f 183/512/157 770/456/157 776/459/157 184/513/157
f 184/513/158 776/459/158 772/464/158 182/514/158
f 533/375/153 165/503/153 166/506/153 536/376/153
f 536/376/154 166/506/154 164/508/154 534/379/154
f 235/515/159 540/382/159 546/385/159 236/516/159
f 236/516/160 546/385/160 542/388/160 234/517/160
f 684/406/157 173/518/157 175/519/157 687/407/157
f 687/407/161 175/519/161 174/520/161 685/410/161
f 168/521/162 677/396/162 683/399/162 169/522/162
f 169/522/163 683/399/163 679/404/163 167/523/163
f 177/524/156 705/430/156 707/427/156 178/525/156
f 178/525/155 707/427/155 704/426/155 176/526/155
f 739/446/164 185/527/164 187/528/164 742/447/164
f 742/447/165 187/528/165 186/529/165 740/450/165
f 729/436/162 179/530/162 181/531/162 732/437/162
f 732/437/163 181/531/163 180/532/163 730/440/163
f 699/424/165 170/533/165 172/534/165 703/419/165
f 703/419/164 172/534/164 171/535/164 697/416/164
f 802/489/166 191/536/166 193/537/166 806/486/166
f 806/486/167 193/537/167 192/538/167 800/483/167
f 158/502/152 527/372/152 529/369/152 160/500/152
f 160/500/151 529/369/151 526/368/151 159/497/151
f 818/496/168 231/539/168 233/540/168 822/493/168
f 822/493/169 233/540/169 232/541/169 816/490/169
f 161/504/153 554/393/153 556/390/153 163/505/153
f 163/505/154 556/390/154 553/389/154 162/507/154
f 173/518/157 183/512/157 184/513/157 175/519/157
f 175/519/158 184/513/158 182/514/158 174/520/158
f 176/526/155 189/509/155 190/510/155 178/525/155
f 178/525/156 190/510/156 188/511/156 177/524/156
f 170/533/165 186/529/165 187/528/165 172/534/165
f 172/534/164 187/528/164 185/527/164 171/535/164
f 167/523/163 180/532/163 181/531/163 169/522/163
f 169/522/162 181/531/162 179/530/162 168/521/162
f 191/536/170 194/542/170 196/543/170 193/537/170
f 193/537/171 196/543/171 195/544/171 192/538/171
f 204/109/172 197/97/172 203/100/172 207/110/172
f 207/116/173 203/106/173 199/105/173 205/113/173
f 198/101/174 211/545/174 213/546/174 202/102/174
f 202/108/175 213/547/175 212/548/175 199/105/175
f 215/549/176 206/117/176 209/120/176 216/550/176
f 216/551/177 209/114/177 205/113/177 214/552/177
f 280/553/178 266/197/178 268/200/178 281/554/178
f 281/555/179 268/194/179 265/193/179 279/556/179
f 211/545/174 217/121/174 223/124/174 213/546/174
f 213/547/175 223/130/175 219/129/175 212/548/175
f 224/133/176 215/549/176 216/550/176 227/134/176
f 227/140/177 216/551/177 214/552/177 225/137/177
f 225/137/180 219/129/180 222/132/180 229/138/180
f 229/144/181 222/126/181 218/125/181 226/141/181
f 234/517/182 232/541/182 233/540/182 236/516/182
f 236/516/183 233/540/183 231/539/183 235/515/183
f 521/367/152 156/501/152 157/499/152 525/364/152
f 525/364/151 157/499/151 155/498/151 519/361/151
f 194/542/184 791/480/184 793/477/184 196/543/184
f 196/543/185 793/477/185 790/476/185 195/544/185
f 239/153/186 245/161/186 247/164/186 243/154/186
f 243/148/187 247/158/187 244/157/187 237/145/187
f 245/161/188 251/169/188 257/172/188 249/162/188
f 249/168/189 257/178/189 253/177/189 246/165/189
f 260/189/190 239/153/190 242/156/190 264/190/190
f 264/184/191 242/150/191 238/149/191 258/181/191
f 259/185/192 252/173/192 254/176/192 263/186/192
f 263/192/193 254/170/193 251/169/193 260/189/193
f 252/173/194 267/201/194 270/204/194 256/174/194
f 256/180/195 270/198/195 266/197/195 253/177/195
f 274/213/196 259/185/196 261/188/196 278/214/196
f 278/208/197 261/182/197 258/181/197 272/205/197
f 273/209/198 265/193/198 271/196/198 277/210/198
f 277/216/199 271/202/199 267/201/199 274/213/199
f 300/557/178 280/553/178 281/554/178 301/558/178
f 301/559/179 281/555/179 279/556/179 299/560/179
f 272/205/200 282/561/200 284/562/200 275/206/200
f 275/212/201 284/563/201 283/564/201 273/209/201
f 448/565/202 224/133/202 230/136/202 449/566/202
f 449/567/203 230/142/203 226/141/203 447/568/203
f 237/145/204 285/217/204 291/220/204 240/146/204
f 240/152/205 291/226/205 287/225/205 238/149/205
f 411/345/206 204/109/206 210/112/206 415/346/206
f 415/340/207 210/118/207 206/117/207 409/337/207
f 246/165/208 293/233/208 295/236/208 250/166/208
f 250/160/209 295/230/209 292/229/209 244/157/209
f 373/321/210 198/101/210 200/104/210 377/322/210
f 377/316/211 200/98/211 197/97/211 371/313/211
f 285/217/212 292/229/212 298/232/212 288/218/212
f 288/224/213 298/238/213 294/237/213 286/221/213
f 369/569/178 300/557/178 301/558/178 370/570/178
f 370/571/179 301/559/179 299/560/179 368/572/179
f 282/561/202 302/573/202 304/574/202 284/562/202
f 284/563/203 304/575/203 303/576/203 283/564/203
f 286/221/214 305/241/214 311/244/214 290/222/214
f 290/228/215 311/250/215 307/249/215 287/225/215
f 293/233/216 312/253/216 318/256/216 297/234/216
f 297/240/217 318/262/217 314/261/217 294/237/217
f 305/241/218 314/261/218 317/264/218 308/242/218
f 308/248/219 317/258/219 313/257/219 306/245/219
f 302/573/202 319/577/202 321/578/202 304/574/202
f 304/575/203 321/579/203 320/580/203 303/576/203
f 319/577/202 322/581/202 324/582/202 321/578/202
f 321/579/203 324/583/203 323/584/203 320/580/203
f 322/581/202 325/585/202 327/586/202 324/582/202
f 324/583/203 327/587/203 326/588/203 323/584/203
f 306/245/220 328/265/220 334/268/220 310/246/220
f 310/252/221 334/274/221 330/273/221 307/249/221
f 329/269/222 335/277/222 341/280/222 333/270/222
f 333/276/223 341/286/223 337/285/223 330/273/223
f 336/281/224 342/589/224 344/590/224 340/282/224
f 340/288/225 344/591/225 343/592/225 337/285/225
f 312/253/226 346/293/226 348/296/226 315/254/226
f 315/260/227 348/290/227 345/289/227 313/257/227
f 346/293/228 353/305/228 355/308/228 350/294/228
f 350/300/229 355/302/229 352/301/229 347/297/229
f 353/305/230 359/593/230 361/594/230 357/306/230
f 357/312/231 361/595/231 360/596/231 354/309/231
f 407/597/232 440/349/232 446/352/232 408/598/232
f 408/599/233 446/358/233 442/357/233 406/600/233
f 363/601/178 365/602/178 367/603/178 364/604/178
f 364/605/179 367/606/179 366/607/179 362/608/179
f 365/602/178 369/569/178 370/570/178 367/603/178
f 367/606/179 370/571/179 368/572/179 366/607/179
f 451/609/202 448/565/202 449/566/202 452/610/202
f 452/611/203 449/567/203 447/568/203 450/612/203
f 388/613/202 451/609/202 452/610/202 389/614/202
f 389/615/203 452/611/203 450/612/203 387/616/203
f 335/277/234 352/301/234 358/304/234 338/278/234
f 338/284/235 358/310/235 354/309/235 336/281/235
f 328/265/236 345/289/236 351/292/236 331/266/236
f 331/272/237 351/298/237 347/297/237 329/269/237
f 392/333/238 373/321/238 376/324/238 396/334/238
f 396/328/239 376/318/239 372/317/239 390/325/239
f 325/585/202 378/617/202 380/618/202 327/586/202
f 327/587/203 380/619/203 379/620/203 326/588/203
f 378/617/202 381/621/202 383/622/202 380/618/202
f 380/619/203 383/623/203 382/624/203 379/620/203
f 381/621/202 384/625/202 386/626/202 383/622/202
f 383/623/203 386/627/203 385/628/203 382/624/203
f 384/625/202 388/613/202 389/614/202 386/626/202
f 386/627/203 389/615/203 387/616/203 385/628/203
f 426/629/240 392/333/240 395/336/240 427/630/240
f 427/631/241 395/330/241 391/329/241 425/632/241
f 342/589/242 397/633/242 399/634/242 344/590/242
f 344/591/243 399/635/243 398/636/243 343/592/243
f 397/633/244 400/637/244 402/638/244 399/634/244
f 399/635/245 402/639/245 401/640/245 398/636/245
f 400/637/246 403/641/246 405/642/246 402/638/246
f 402/639/247 405/643/247 404/644/247 401/640/247
f 403/641/248 407/597/248 408/598/248 405/642/248
f 405/643/249 408/599/249 406/600/249 404/644/249
f 441/353/250 410/341/250 412/344/250 445/354/250
f 445/360/251 412/338/251 409/337/251 442/357/251
f 359/593/252 416/645/252 418/646/252 361/594/252
f 361/595/253 418/647/253 417/648/253 360/596/253
f 416/645/254 419/649/254 421/650/254 418/646/254
f 418/647/255 421/651/255 420/652/255 417/648/255
f 419/649/256 422/653/256 424/654/256 421/650/256
f 421/651/257 424/655/257 423/656/257 420/652/257
f 422/653/258 426/629/258 427/630/258 424/654/258
f 424/655/259 427/631/259 425/632/259 423/656/259
f 457/657/178 428/658/178 430/659/178 458/660/178
f 458/661/179 430/662/179 429/663/179 456/664/179
f 428/658/178 431/665/178 433/666/178 430/659/178
f 430/662/179 433/667/179 432/668/179 429/663/179
f 431/665/178 434/669/178 436/670/178 433/666/178
f 433/667/179 436/671/179 435/672/179 432/668/179
f 434/669/178 437/673/178 439/674/178 436/670/178
f 436/671/179 439/675/179 438/676/179 435/672/179
f 437/673/178 363/601/178 364/604/178 439/674/178
f 439/675/179 364/605/179 362/608/179 438/676/179
f 454/677/178 457/657/178 458/660/178 455/678/178
f 455/679/179 458/661/179 456/664/179 453/680/179
f 217/121/178 454/677/178 455/678/178 220/122/178
f 220/128/179 455/679/179 453/680/179 218/125/179
f 410/341/260 372/317/260 374/320/260 414/342/260
f 414/348/261 374/314/261 371/313/261 411/345/261
f 440/349/262 391/329/262 393/332/262 443/350/262
f 443/356/263 393/326/263 390/325/263 441/353/263
f 460/681/264 462/682/264 464/683/264 461/684/264
f 461/684/265 464/683/265 463/685/265 459/686/265
f 466/687/266 469/688/266 470/689/266 467/690/266
f 467/690/267 470/689/267 468/691/267 465/692/267
f 462/682/268 471/693/268 473/694/268 464/683/268
f 464/683/269 473/694/269 472/695/269 463/685/269
f 475/696/270 466/687/270 467/690/270 476/697/270
f 476/697/271 467/690/271 465/692/271 474/698/271
f 471/693/272 477/699/272 479/700/272 473/694/272
f 473/694/273 479/700/273 478/701/273 472/695/273
f 481/702/274 475/696/274 476/697/274 482/703/274
f 482/703/275 476/697/275 474/698/275 480/704/275
f 477/699/276 483/705/276 485/706/276 479/700/276
f 479/700/277 485/706/277 484/707/277 478/701/277
f 487/708/278 481/702/278 482/703/278 488/709/278
f 488/709/279 482/703/279 480/704/279 486/710/279
f 483/711/280 489/712/280 491/713/280 485/714/280
f 485/714/281 491/713/281 490/715/281 484/716/281
f 493/717/282 487/718/282 488/719/282 494/720/282
f 494/720/283 488/719/283 486/721/283 492/722/283
f 489/712/284 495/723/284 497/724/284 491/713/284
f 491/713/285 497/724/285 496/725/285 490/715/285
f 499/726/286 493/717/286 494/720/286 500/727/286
f 500/727/287 494/720/287 492/722/287 498/728/287
f 495/723/288 501/729/288 503/730/288 497/724/288
f 497/724/289 503/730/289 502/731/289 496/725/289
f 505/732/290 499/726/290 500/727/290 506/733/290
f 506/733/291 500/727/291 498/728/291 504/734/291
f 501/729/292 508/735/292 509/736/292 503/730/292
f 503/730/293 509/736/293 507/737/293 502/731/293
f 511/738/294 505/732/294 506/733/294 512/739/294
f 512/739/295 506/733/295 504/734/295 510/740/295
f 508/735/296 513/741/296 515/742/296 509/736/296
f 509/736/297 515/742/297 514/743/297 507/737/297
f 517/744/298 511/738/298 512/739/298 518/745/298
f 518/745/299 512/739/299 510/740/299 516/746/299
f 513/741/300 521/747/300 524/748/300 515/742/300
f 515/742/301 524/748/301 520/749/301 514/743/301
f 527/750/302 517/744/302 518/745/302 531/751/302
f 531/751/303 518/745/303 516/746/303 528/752/303
f 534/379/304 542/753/304 545/754/304 538/380/304
f 538/380/305 545/754/305 541/755/305 535/381/305
f 554/756/306 560/757/306 562/758/306 558/759/306
f 558/759/307 562/758/307 561/760/307 555/761/307
f 564/762/308 533/763/308 539/764/308 565/765/308
f 565/765/309 539/764/309 535/766/309 563/767/309
f 560/757/310 567/768/310 568/769/310 562/758/310
f 562/758/311 568/769/311 566/770/311 561/760/311
f 570/771/312 564/762/312 565/765/312 571/772/312
f 571/772/313 565/765/313 563/767/313 569/773/313
f 567/768/314 572/774/314 574/775/314 568/769/314
f 568/769/315 574/775/315 573/776/315 566/770/315
f 576/777/316 570/771/316 571/772/316 577/778/316
f 577/778/317 571/772/317 569/773/317 575/779/317
f 572/774/318 578/780/318 580/781/318 574/775/318
f 574/775/319 580/781/319 579/782/319 573/776/319
f 582/783/320 576/777/320 577/778/320 583/784/320
f 583/784/321 577/778/321 575/779/321 581/785/321
f 578/780/322 584/786/322 586/787/322 580/781/322
f 580/781/323 586/787/323 585/788/323 579/782/323
f 588/789/324 582/783/324 583/784/324 589/790/324
f 589/790/325 583/784/325 581/785/325 587/791/325
f 584/786/326 590/792/326 592/793/326 586/787/326
f 586/787/327 592/793/327 591/794/327 585/788/327
f 594/795/328 588/789/328 589/790/328 595/796/328
f 595/796/329 589/790/329 587/791/329 593/797/329
f 590/798/330 596/799/330 598/800/330 592/801/330
f 592/801/331 598/800/331 597/802/331 591/803/331
f 600/804/332 594/805/332 595/806/332 601/807/332
f 601/807/333 595/806/333 593/808/333 599/809/333
f 596/799/334 602/810/334 604/811/334 598/800/334
f 598/800/335 604/811/335 603/812/335 597/802/335
f 606/813/336 600/804/336 601/807/336 607/814/336
f 607/814/337 601/807/337 599/809/337 605/815/337
f 602/810/338 608/816/338 610/817/338 604/811/338
f 604/811/339 610/817/339 609/818/339 603/812/339
f 612/819/340 606/813/340 607/814/340 613/820/340
f 613/820/341 607/814/341 605/815/341 611/821/341
f 608/816/342 615/822/342 616/823/342 610/817/342
f 610/817/343 616/823/343 614/824/343 609/818/343
f 618/825/344 612/819/344 613/820/344 619/826/344
f 619/826/345 613/820/345 611/821/345 617/827/345
f 615/822/346 620/828/346 622/829/346 616/823/346
f 616/823/347 622/829/347 621/830/347 614/824/347
f 624/831/348 618/825/348 619/826/348 625/832/348
f 625/832/349 619/826/349 617/827/349 623/833/349
f 620/828/350 626/834/350 628/835/350 622/829/350
f 622/829/351 628/835/351 627/836/351 621/830/351
f 630/837/352 624/831/352 625/832/352 631/838/352
f 631/838/353 625/832/353 623/833/353 629/839/353
f 626/834/354 632/840/354 634/841/354 628/835/354
f 628/835/355 634/841/355 633/842/355 627/836/355
f 636/843/356 630/837/356 631/838/356 637/844/356
f 637/844/357 631/838/357 629/839/357 635/845/357
f 632/840/358 638/846/358 640/847/358 634/841/358
f 634/841/359 640/847/359 639/848/359 633/842/359
f 642/849/360 636/843/360 637/844/360 643/850/360
f 643/850/361 637/844/361 635/845/361 641/851/361
f 638/852/362 644/853/362 646/854/362 640/855/362
f 640/855/363 646/854/363 645/856/363 639/857/363
f 648/858/364 642/859/364 643/860/364 649/861/364
f 649/861/365 643/860/365 641/862/365 647/863/365
f 644/853/366 650/864/366 652/865/366 646/854/366
f 646/854/367 652/865/367 651/866/367 645/856/367
f 654/867/368 648/858/368 649/861/368 655/868/368
f 655/868/369 649/861/369 647/863/369 653/869/369
f 650/864/370 656/870/370 658/871/370 652/865/370
f 652/865/371 658/871/371 657/872/371 651/866/371
f 660/873/372 654/867/372 655/868/372 661/874/372
f 661/874/373 655/868/373 653/869/373 659/875/373
f 656/870/374 460/681/374 461/684/374 658/871/374
f 658/871/375 461/684/375 459/686/375 657/872/375
f 469/688/376 660/873/376 661/874/376 470/689/376
f 470/689/377 661/874/377 659/875/377 468/691/377
f 666/876/378 662/877/378 664/878/378 667/879/378
f 667/880/379 664/881/379 663/882/379 665/883/379
f 669/884/380 666/876/380 667/879/380 670/885/380
f 670/886/381 667/880/381 665/883/381 668/887/381
f 672/888/382 669/889/382 670/890/382 673/891/382
f 673/892/383 670/886/383 668/887/383 671/893/383
f 675/894/384 672/888/384 673/891/384 676/895/384
f 676/896/385 673/892/385 671/893/385 674/897/385
f 662/877/386 679/404/386 682/405/386 664/878/386
f 664/881/387 682/401/387 678/400/387 663/882/387
f 674/897/388 686/412/388 689/415/388 676/896/388
f 676/895/389 689/411/389 685/410/389 675/894/389
f 677/396/390 691/898/390 693/899/390 680/397/390
f 680/403/391 693/900/391 692/901/391 678/400/391
f 686/412/392 694/902/392 696/903/392 690/413/392
f 690/409/393 696/904/393 695/905/393 684/406/393
f 691/898/394 699/424/394 702/425/394 693/899/394
f 693/900/395 702/421/395 698/420/395 692/901/395
f 694/902/396 706/432/396 709/435/396 696/903/396
f 696/904/397 709/431/397 705/430/397 695/905/397
f 697/416/398 711/906/398 713/907/398 700/417/398
f 700/423/399 713/908/399 712/909/399 698/420/399
f 715/910/400 712/909/400 713/908/400 716/911/400
f 716/912/401 713/907/401 711/906/401 714/913/401
f 718/914/402 715/910/402 716/911/402 719/915/402
f 719/916/403 716/912/403 714/913/403 717/917/403
f 721/918/404 718/914/404 719/915/404 722/919/404
f 722/920/405 719/921/405 717/922/405 720/923/405
f 706/432/406 723/924/406 725/925/406 710/433/406
f 710/429/407 725/926/407 724/927/407 704/426/407
f 723/924/408 721/918/408 722/919/408 725/925/408
f 725/926/409 722/920/409 720/923/409 724/927/409
f 730/440/410 726/928/410 728/929/410 734/441/410
f 734/445/411 728/930/411 727/931/411 731/442/411
f 737/932/412 729/436/412 735/439/412 738/933/412
f 738/934/413 735/443/413 731/442/413 736/935/413
f 740/450/414 737/932/414 738/933/414 744/451/414
f 744/455/415 738/934/415 736/935/415 741/452/415
f 747/936/416 739/446/416 745/449/416 748/937/416
f 748/938/417 745/453/417 741/452/417 746/939/417
f 726/928/418 749/940/418 751/941/418 728/929/418
f 728/930/419 751/942/419 750/943/419 727/931/419
f 746/939/420 752/944/420 754/945/420 748/938/420
f 748/937/421 754/946/421 753/947/421 747/936/421
f 749/940/422 755/948/422 757/949/422 751/941/422
f 751/942/423 757/950/423 756/951/423 750/943/423
f 752/944/424 758/952/424 760/953/424 754/945/424
f 754/946/425 760/954/425 759/955/425 753/947/425
f 755/948/426 761/956/426 763/957/426 757/949/426
f 757/950/427 763/958/427 762/959/427 756/951/427
f 758/952/428 764/960/428 766/961/428 760/953/428
f 760/962/429 766/963/429 765/964/429 759/965/429
f 761/956/430 767/966/430 769/967/430 763/957/430
f 763/958/431 769/968/431 768/969/431 762/959/431
f 771/460/432 768/969/432 769/968/432 775/461/432
f 775/465/433 769/967/433 767/966/433 772/464/433
f 778/970/434 771/460/434 773/463/434 779/971/434
f 779/972/435 773/457/435 770/456/435 777/973/435
f 781/470/436 778/970/436 779/971/436 785/471/436
f 785/475/437 779/972/437 777/973/437 782/474/437
f 764/960/438 787/974/438 789/975/438 766/961/438
f 766/963/439 789/976/439 788/977/439 765/964/439
f 787/974/440 781/470/440 783/473/440 789/975/440
f 789/976/441 783/467/441 780/466/441 788/977/441
f 791/480/442 550/978/442 552/979/442 795/481/442
f 795/481/443 552/979/443 551/980/443 792/482/443
f 798/981/444 802/489/444 805/488/444 799/982/444
f 799/982/445 805/488/445 801/487/445 797/983/445
f 550/978/175 547/984/175 549/985/175 552/979/175
f 552/979/174 549/985/174 548/986/174 551/980/174
f 808/987/177 798/981/177 799/982/177 809/988/177
f 809/988/176 799/982/176 797/983/176 807/989/176
f 547/984/175 810/990/175 812/991/175 549/985/175
f 549/985/174 812/991/174 811/992/174 548/986/174
f 814/993/177 808/987/177 809/988/177 815/994/177
f 815/994/176 809/988/176 807/989/176 813/995/176
f 810/990/446 818/496/446 821/495/446 812/991/446
f 812/991/443 821/495/443 817/494/443 811/992/443
f 540/382/447 814/993/447 815/994/447 543/383/447
f 543/383/445 815/994/445 813/995/445 541/386/445
f 519/361/448 790/996/448 796/997/448 522/362/448
f 522/362/449 796/997/449 792/998/449 520/365/449
f 555/395/450 817/999/450 819/1000/450 559/392/450
f 559/392/451 819/1000/451 816/1001/451 553/389/451
f 800/1002/452 526/368/452 532/371/452 803/1003/452
f 803/1003/453 532/371/453 528/374/453 801/1004/453
f 19/22/454 156/1005/454 521/747/454 513/741/454
f 19/22/454 20/21/454 158/1006/454 156/1005/454
f 155/498/455 159/497/455 192/1007/455 195/1008/455
f 155/498/455 195/1008/455 790/996/455 519/361/455
f 158/1006/454 20/21/454 517/744/454 527/750/454
f 192/1007/455 159/497/455 526/368/455 800/1002/455
f 164/508/456 162/507/456 232/1009/456 234/1010/456
f 161/1011/457 165/1012/457 22/24/457 21/23/457
f 161/1011/457 21/23/457 560/757/457 554/756/457
f 232/1009/456 162/507/456 553/389/456 816/1001/456
f 22/24/457 165/1012/457 533/763/457 564/762/457
f 164/508/456 234/1010/456 542/753/456 534/379/456
f 55/84/458 67/83/458 180/532/458 167/523/458
f 168/521/459 56/1013/459 691/898/459 677/396/459
f 55/84/458 167/523/458 679/404/458 662/877/458
f 168/521/459 179/530/459 72/1014/459 56/1013/459
f 56/1013/460 72/1014/460 186/529/460 170/533/460
f 171/535/461 57/81/461 711/906/461 697/416/461
f 56/1013/460 170/533/460 699/424/460 691/898/460
f 171/535/461 185/527/461 74/82/461 57/81/461
f 64/69/462 174/520/462 182/514/462 71/70/462
f 174/520/462 64/69/462 675/894/462 685/410/462
f 173/518/463 65/1015/463 73/1016/463 183/512/463
f 65/1015/463 173/518/463 684/406/463 695/905/463
f 65/1015/464 177/524/464 188/511/464 73/1016/464
f 177/524/464 65/1015/464 695/905/464 705/430/464
f 176/526/465 66/71/465 78/74/465 189/509/465
f 66/71/465 176/526/465 704/426/465 724/927/465
f 180/532/458 67/83/458 726/928/458 730/440/458
f 72/1014/459 179/530/459 729/436/459 737/932/459
f 71/70/462 182/514/462 772/464/462 767/966/462
f 183/512/463 73/1016/463 777/973/463 770/456/463
f 186/529/460 72/1014/460 737/932/460 740/450/460
f 74/82/461 185/527/461 739/446/461 747/936/461
f 73/1016/464 188/511/464 782/474/464 777/973/464
f 189/509/465 78/74/465 788/977/465 780/466/465
f 205/113/466 191/536/466 802/489/466 798/981/466
f 194/542/466 191/536/466 205/113/466 199/105/466
f 194/542/466 199/105/466 550/978/466 791/480/466
f 204/109/467 411/345/467 371/313/467 197/97/467
f 199/105/35 212/548/35 547/984/35 550/978/35
f 198/101/35 373/321/35 97/1017/35 211/545/35
f 215/549/36 99/1018/36 409/337/36 206/117/36
f 214/552/35 205/113/35 798/981/35 808/987/35
f 212/548/35 219/129/35 810/990/35 547/984/35
f 211/545/35 97/1017/35 454/677/35 217/121/35
f 224/133/36 448/565/36 99/1018/36 215/549/36
f 225/137/35 214/552/35 808/987/35 814/993/35
f 219/129/466 225/137/466 235/515/466 231/539/466
f 219/129/466 231/539/466 818/496/466 810/990/466
f 218/125/468 453/680/468 447/568/468 226/141/468
f 235/515/466 225/137/466 814/993/466 540/382/466
f 292/229/469 285/217/469 237/145/469 244/157/469
f 245/161/470 239/153/470 260/189/470 251/169/470
f 287/225/36 80/1019/36 258/181/36 238/149/36
f 79/1020/35 293/233/35 246/165/35 253/177/35
f 252/173/471 259/185/471 274/213/471 267/201/471
f 280/553/35 79/1020/35 253/177/35 266/197/35
f 80/1019/36 282/561/36 272/205/36 258/181/36
f 283/564/468 279/556/468 265/193/468 273/209/468
f 81/1021/35 79/1020/35 280/553/35 300/557/35
f 299/560/468 279/556/468 283/564/468 303/576/468
f 302/573/36 282/561/36 80/1019/36 82/1022/36
f 305/241/472 286/221/472 294/237/472 314/261/472
f 82/1022/36 80/1019/36 287/225/36 307/249/36
f 312/253/35 293/233/35 79/1020/35 81/1021/35
f 368/572/468 299/560/468 303/576/468 320/580/468
f 85/1023/35 81/1021/35 300/557/35 369/569/35
f 319/577/36 302/573/36 82/1022/36 88/1024/36
f 328/265/473 306/245/473 313/257/473 345/289/473
f 88/1024/36 82/1022/36 307/249/36 330/273/36
f 346/293/35 312/253/35 81/1021/35 85/1023/35
f 366/607/468 368/572/468 320/580/468 323/584/468
f 322/581/36 319/577/36 88/1024/36 87/1025/36
f 362/608/468 366/607/468 323/584/468 326/588/468
f 325/585/36 322/581/36 87/1025/36 86/1026/36
f 438/676/468 362/608/468 326/588/468 379/620/468
f 378/617/36 325/585/36 86/1026/36 96/1027/36
f 87/1025/36 88/1024/36 330/273/36 337/285/36
f 335/277/474 329/269/474 347/297/474 352/301/474
f 86/1026/36 87/1025/36 337/285/36 343/592/36
f 342/589/475 336/281/475 354/309/475 360/596/475
f 96/1027/36 86/1026/36 343/592/36 398/636/36
f 397/633/476 342/589/476 360/596/476 417/648/476
f 353/305/35 346/293/35 85/1023/35 84/1028/35
f 359/593/35 353/305/35 84/1028/35 83/1029/35
f 416/645/35 359/593/35 83/1029/35 92/1030/35
f 83/1029/35 84/1028/35 365/602/35 363/601/35
f 92/1030/35 83/1029/35 363/601/35 437/673/35
f 84/1028/35 85/1023/35 369/569/35 365/602/35
f 373/321/35 392/333/35 98/1031/35 97/1017/35
f 410/341/477 441/353/477 390/325/477 372/317/477
f 381/621/36 378/617/36 96/1027/36 95/1032/36
f 435/672/468 438/676/468 379/620/468 382/624/468
f 432/668/468 435/672/468 382/624/468 385/628/468
f 384/625/36 381/621/36 95/1032/36 94/1033/36
f 429/663/468 432/668/468 385/628/468 387/616/468
f 388/613/36 384/625/36 94/1033/36 93/1034/36
f 451/609/36 388/613/36 93/1034/36 100/1035/36
f 456/664/468 429/663/468 387/616/468 450/612/468
f 440/349/478 407/597/478 425/632/478 391/329/478
f 392/333/35 426/629/35 89/1036/35 98/1031/35
f 400/637/479 397/633/479 417/648/479 420/652/479
f 95/1032/36 96/1027/36 398/636/36 401/640/36
f 94/1033/36 95/1032/36 401/640/36 404/644/36
f 403/641/480 400/637/480 420/652/480 423/656/480
f 93/1034/36 94/1033/36 404/644/36 406/600/36
f 407/597/481 403/641/481 423/656/481 425/632/481
f 100/1035/36 93/1034/36 406/600/36 442/357/36
f 99/1018/36 100/1035/36 442/357/36 409/337/36
f 419/649/35 416/645/35 92/1030/35 91/1037/35
f 422/653/35 419/649/35 91/1037/35 90/1038/35
f 426/629/35 422/653/35 90/1038/35 89/1036/35
f 98/1031/35 89/1036/35 428/658/35 457/657/35
f 89/1036/35 90/1038/35 431/665/35 428/658/35
f 90/1038/35 91/1037/35 434/669/35 431/665/35
f 91/1037/35 92/1030/35 437/673/35 434/669/35
f 448/565/36 451/609/36 100/1035/36 99/1018/36
f 453/680/468 456/664/468 450/612/468 447/568/468
f 97/1017/35 98/1031/35 457/657/35 454/677/35
f 1/1/1 3/4/1 462/682/1 460/681/1
f 463/1039/35 124/1040/35 657/1041/35 459/1042/35
f 53/60/26 1/1/26 460/681/26 656/870/26
f 472/1043/35 122/1044/35 124/1040/35 463/1039/35
f 3/4/2 5/6/2 471/693/2 462/682/2
f 4/3/1 2/2/1 469/688/1 466/687/1
f 465/1045/36 468/1046/36 659/1047/36 137/1048/36
f 6/5/2 4/3/2 466/687/2 475/696/2
f 474/1049/36 465/1045/36 137/1048/36 136/1050/36
f 2/2/26 54/59/26 660/873/26 469/688/26
f 478/1051/35 120/1052/35 122/1044/35 472/1043/35
f 5/6/3 7/8/3 477/699/3 471/693/3
f 8/7/3 6/5/3 475/696/3 481/702/3
f 480/1053/36 474/1049/36 136/1050/36 135/1054/36
f 484/1055/35 118/1056/35 120/1052/35 478/1051/35
f 7/8/4 9/10/4 483/705/4 477/699/4
f 10/9/4 8/7/4 481/702/4 487/708/4
f 486/1057/36 480/1053/36 135/1054/36 134/1058/36
f 490/1059/35 116/1060/35 118/1056/35 484/1055/35
f 9/11/5 11/14/5 489/712/5 483/711/5
f 12/13/5 10/12/5 487/718/5 493/717/5
f 492/1061/36 486/1057/36 134/1058/36 133/1062/36
f 496/1063/35 114/1064/35 116/1060/35 490/1059/35
f 11/14/6 13/16/6 495/723/6 489/712/6
f 14/15/6 12/13/6 493/717/6 499/726/6
f 498/1065/36 492/1061/36 133/1062/36 132/1066/36
f 502/1067/35 107/1068/35 114/1064/35 496/1063/35
f 13/16/7 15/18/7 501/729/7 495/723/7
f 16/17/7 14/15/7 499/726/7 505/732/7
f 504/1069/36 498/1065/36 132/1066/36 131/1070/36
f 507/1071/35 514/1072/35 107/1068/35 502/1067/35
f 15/18/8 17/20/8 508/735/8 501/729/8
f 18/19/8 16/17/8 505/732/8 511/738/8
f 510/1073/36 504/1069/36 131/1070/36 516/1074/36
f 17/20/9 19/22/9 513/741/9 508/735/9
f 20/21/9 18/19/9 511/738/9 517/744/9
f 514/1072/35 520/1075/35 108/1076/35 107/1068/35
f 516/1074/36 131/1070/36 138/1077/36 528/1078/36
f 520/1075/35 101/85/35 109/88/35 108/1076/35
f 101/85/35 520/1075/35 792/1079/35 551/1080/35
f 528/1078/36 102/91/36 797/1081/36 801/1082/36
f 528/1078/36 138/1077/36 140/92/36 102/91/36
f 106/96/36 535/1083/36 541/1084/36 813/1085/36
f 106/96/36 144/95/36 146/1086/36 535/1083/36
f 535/1083/36 146/1086/36 148/1087/36 563/1088/36
f 105/89/35 103/86/35 548/1089/35 811/1090/35
f 103/86/35 101/85/35 551/1080/35 548/1089/35
f 555/1091/35 105/89/35 811/1090/35 817/1092/35
f 555/1091/35 561/1093/35 113/1094/35 112/1095/35
f 105/89/35 555/1091/35 112/1095/35 111/90/35
f 21/23/10 23/26/10 567/768/10 560/757/10
f 561/1093/35 566/1096/35 573/1097/35 113/1094/35
f 24/25/10 22/24/10 564/762/10 570/771/10
f 563/1088/36 148/1087/36 575/1098/36 569/1099/36
f 23/26/11 25/28/11 572/774/11 567/768/11
f 26/27/11 24/25/11 570/771/11 576/777/11
f 113/1094/35 573/1097/35 579/1100/35 115/1101/35
f 25/28/12 27/30/12 578/780/12 572/774/12
f 28/29/12 26/27/12 576/777/12 582/783/12
f 148/1087/36 149/1102/36 581/1103/36 575/1098/36
f 115/1101/35 579/1100/35 585/1104/35 117/1105/35
f 27/30/13 29/32/13 584/786/13 578/780/13
f 30/31/13 28/29/13 582/783/13 588/789/13
f 149/1102/36 150/1106/36 587/1107/36 581/1103/36
f 117/1105/35 585/1104/35 591/1108/35 119/1109/35
f 29/32/14 31/34/14 590/792/14 584/786/14
f 32/33/14 30/31/14 588/789/14 594/795/14
f 150/1106/36 151/1110/36 593/1111/36 587/1107/36
f 119/1109/35 591/1108/35 597/1112/35 121/1113/35
f 31/35/15 33/38/15 596/799/15 590/798/15
f 34/37/15 32/36/15 594/805/15 600/804/15
f 151/1110/36 152/1114/36 599/1115/36 593/1111/36
f 121/1113/35 597/1112/35 603/1116/35 123/1117/35
f 33/38/16 35/40/16 602/810/16 596/799/16
f 36/39/16 34/37/16 600/804/16 606/813/16
f 152/1114/36 153/1118/36 605/1119/36 599/1115/36
f 123/1117/35 603/1116/35 609/1120/35 130/1121/35
f 35/40/17 37/42/17 608/816/17 602/810/17
f 38/41/17 36/39/17 606/813/17 612/819/17
f 153/1118/36 154/1122/36 611/1123/36 605/1119/36
f 130/1121/35 609/1120/35 614/1124/35 621/1125/35
f 37/42/18 39/44/18 615/822/18 608/816/18
f 40/43/18 38/41/18 612/819/18 618/825/18
f 154/1122/36 623/1126/36 617/1127/36 611/1123/36
f 39/44/19 41/46/19 620/828/19 615/822/19
f 42/45/19 40/43/19 618/825/19 624/831/19
f 129/1128/35 130/1121/35 621/1125/35 627/1129/35
f 41/46/20 43/48/20 626/834/20 620/828/20
f 44/47/20 42/45/20 624/831/20 630/837/20
f 147/1130/36 629/1131/36 623/1126/36 154/1122/36
f 128/1132/35 129/1128/35 627/1129/35 633/1133/35
f 43/48/21 45/50/21 632/840/21 626/834/21
f 46/49/21 44/47/21 630/837/21 636/843/21
f 145/1134/36 635/1135/36 629/1131/36 147/1130/36
f 127/1136/35 128/1132/35 633/1133/35 639/1137/35
f 45/50/22 47/52/22 638/846/22 632/840/22
f 48/51/22 46/49/22 636/843/22 642/849/22
f 143/1138/36 641/1139/36 635/1135/36 145/1134/36
f 126/1140/35 127/1136/35 639/1137/35 645/1141/35
f 47/53/23 49/56/23 644/853/23 638/852/23
f 50/55/23 48/54/23 642/859/23 648/858/23
f 141/1142/36 647/1143/36 641/1139/36 143/1138/36
f 125/1144/35 126/1140/35 645/1141/35 651/1145/35
f 49/56/24 51/58/24 650/864/24 644/853/24
f 52/57/24 50/55/24 648/858/24 654/867/24
f 139/1146/36 653/1147/36 647/1143/36 141/1142/36
f 124/1040/35 125/1144/35 651/1145/35 657/1041/35
f 51/58/25 53/60/25 656/870/25 650/864/25
f 54/59/25 52/57/25 654/867/25 660/873/25
f 137/1048/36 659/1047/36 653/1147/36 139/1146/36
f 58/64/34 55/84/34 662/877/34 666/876/34
f 114/1064/35 663/882/35 678/400/35 116/1060/35
f 108/1076/35 109/88/35 665/883/35 663/882/35
f 107/1068/35 108/1076/35 663/882/35 114/1064/35
f 109/88/35 110/87/35 668/887/35 665/883/35
f 60/61/27 58/64/27 666/876/27 669/884/27
f 110/87/35 111/90/35 671/893/35 668/887/35
f 62/65/28 60/68/28 669/889/28 672/888/28
f 111/90/35 112/1095/35 674/897/35 671/893/35
f 64/69/29 62/65/29 672/888/29 675/894/29
f 112/1095/35 113/1094/35 115/1101/35 674/897/35
f 674/897/35 115/1101/35 117/1105/35 686/412/35
f 116/1060/35 678/400/35 692/901/35 118/1056/35
f 686/412/35 117/1105/35 119/1109/35 694/902/35
f 118/1056/35 692/901/35 698/420/35 120/1052/35
f 694/902/35 119/1109/35 121/1113/35 706/432/35
f 120/1052/35 698/420/35 712/909/35 122/1044/35
f 706/432/35 121/1113/35 123/1117/35 723/924/35
f 712/909/35 715/910/35 126/1140/35 125/1144/35
f 122/1044/35 712/909/35 125/1144/35 124/1040/35
f 57/81/33 59/78/33 714/913/33 711/906/33
f 715/910/35 718/914/35 127/1136/35 126/1140/35
f 59/78/32 61/77/32 717/917/32 714/913/32
f 718/914/35 721/918/35 128/1132/35 127/1136/35
f 61/75/31 63/72/31 720/923/31 717/922/31
f 721/918/35 723/924/35 129/1128/35 128/1132/35
f 63/72/30 66/71/30 724/927/30 720/923/30
f 723/924/35 123/1117/35 130/1121/35 129/1128/35
f 138/1077/36 727/931/36 750/943/36 140/92/36
f 67/83/34 68/63/34 749/940/34 726/928/34
f 132/1066/36 133/1062/36 731/442/36 727/931/36
f 131/1070/36 132/1066/36 727/931/36 138/1077/36
f 133/1062/36 134/1058/36 736/935/36 731/442/36
f 134/1058/36 135/1054/36 741/452/36 736/935/36
f 135/1054/36 136/1050/36 746/939/36 741/452/36
f 136/1050/36 137/1048/36 139/1146/36 746/939/36
f 746/939/36 139/1146/36 141/1142/36 752/944/36
f 75/79/33 74/82/33 747/936/33 753/947/33
f 140/92/36 750/943/36 756/951/36 142/93/36
f 68/63/27 69/62/27 755/948/27 749/940/27
f 752/944/36 141/1142/36 143/1138/36 758/952/36
f 76/80/32 75/79/32 753/947/32 759/955/32
f 142/93/36 756/951/36 762/959/36 144/95/36
f 69/67/28 70/66/28 761/956/28 755/948/28
f 758/952/36 143/1138/36 145/1134/36 764/960/36
f 77/73/31 76/76/31 759/965/31 765/964/31
f 144/95/36 762/959/36 768/969/36 146/1086/36
f 70/66/29 71/70/29 767/966/29 761/956/29
f 764/960/36 145/1134/36 147/1130/36 787/974/36
f 78/74/30 77/73/30 765/964/30 788/977/30
f 768/969/36 771/460/36 150/1106/36 149/1102/36
f 146/1086/36 768/969/36 149/1102/36 148/1087/36
f 771/460/36 778/970/36 151/1110/36 150/1106/36
f 778/970/36 781/470/36 152/1114/36 151/1110/36
f 781/470/36 787/974/36 153/1118/36 152/1114/36
f 787/974/36 147/1130/36 154/1122/36 153/1118/36
f 102/91/36 104/94/36 807/1148/36 797/1081/36
f 104/94/36 106/96/36 813/1085/36 807/1148/36
